[2026-01-02 11:58:25] production.INFO: array (
  'getUserPanels username' => NULL,
  'getUserPanels lang' => 'En',
)  
[2026-01-02 11:58:25] production.ERROR: Attempt to read property "id" on null {"exception":"[object] (ErrorException(code: 0): Attempt to read property \"id\" on null at /var/www/api2-panel/Modules/Bot/Http/Services/TelegramHandler.php:416)
[stacktrace]
#0 /var/www/api2-panel/vendor/laravel/framework/src/Illuminate/Foundation/Bootstrap/HandleExceptions.php(270): Illuminate\\Foundation\\Bootstrap\\HandleExceptions->handleError()
#1 /var/www/api2-panel/Modules/Bot/Http/Services/TelegramHandler.php(416): Illuminate\\Foundation\\Bootstrap\\HandleExceptions->Illuminate\\Foundation\\Bootstrap\\{closure}()
#2 /var/www/api2-panel/vendor/laravel/framework/src/Illuminate/Database/Eloquent/Builder.php(1312): Modules\\Bot\\Http\\Services\\TelegramHandler->Modules\\Bot\\Http\\Services\\{closure}()
#3 /var/www/api2-panel/vendor/laravel/framework/src/Illuminate/Database/Eloquent/Concerns/QueriesRelationships.php(61): Illuminate\\Database\\Eloquent\\Builder->callScope()
#4 /var/www/api2-panel/vendor/laravel/framework/src/Illuminate/Database/Eloquent/Concerns/QueriesRelationships.php(152): Illuminate\\Database\\Eloquent\\Builder->has()
#5 /var/www/api2-panel/Modules/Bot/Http/Services/TelegramHandler.php(417): Illuminate\\Database\\Eloquent\\Builder->whereHas()
#6 /var/www/api2-panel/Modules/Bot/Http/Services/TelegramHandler.php(190): Modules\\Bot\\Http\\Services\\TelegramHandler->getUserPanels()
#7 /var/www/api2-panel/vendor/defstudio/telegraph/src/Handlers/WebhookHandler.php(128): Modules\\Bot\\Http\\Services\\TelegramHandler->handleChatMessage()
#8 /var/www/api2-panel/vendor/defstudio/telegraph/src/Handlers/WebhookHandler.php(228): DefStudio\\Telegraph\\Handlers\\WebhookHandler->handleMessage()
#9 /var/www/api2-panel/vendor/defstudio/telegraph/src/Controllers/WebhookController.php(28): DefStudio\\Telegraph\\Handlers\\WebhookHandler->handle()
#10 /var/www/api2-panel/vendor/laravel/framework/src/Illuminate/Routing/ControllerDispatcher.php(46): DefStudio\\Telegraph\\Controllers\\WebhookController->handle()
#11 /var/www/api2-panel/vendor/sentry/sentry-laravel/src/Sentry/Laravel/Tracing/Routing/TracingControllerDispatcherTracing.php(21): Illuminate\\Routing\\ControllerDispatcher->dispatch()
#12 /var/www/api2-panel/vendor/sentry/sentry-laravel/src/Sentry/Laravel/Tracing/Routing/TracingRoutingDispatcher.php(31): Sentry\\Laravel\\Tracing\\Routing\\TracingControllerDispatcherTracing->Sentry\\Laravel\\Tracing\\Routing\\{closure}()
#13 /var/www/api2-panel/vendor/sentry/sentry-laravel/src/Sentry/Laravel/Tracing/Routing/TracingControllerDispatcherTracing.php(20): Sentry\\Laravel\\Tracing\\Routing\\TracingRoutingDispatcher->wrapRouteDispatch()
#14 /var/www/api2-panel/vendor/laravel/framework/src/Illuminate/Routing/Route.php(260): Sentry\\Laravel\\Tracing\\Routing\\TracingControllerDispatcherTracing->dispatch()
#15 /var/www/api2-panel/vendor/laravel/framework/src/Illuminate/Routing/Route.php(205): Illuminate\\Routing\\Route->runController()
#16 /var/www/api2-panel/vendor/laravel/framework/src/Illuminate/Routing/Router.php(798): Illuminate\\Routing\\Route->run()
#17 /var/www/api2-panel/vendor/laravel/framework/src/Illuminate/Pipeline/Pipeline.php(141): Illuminate\\Routing\\Router->Illuminate\\Routing\\{closure}()
#18 /var/www/api2-panel/vendor/laravel/framework/src/Illuminate/Pipeline/Pipeline.php(116): Illuminate\\Pipeline\\Pipeline->Illuminate\\Pipeline\\{closure}()
#19 /var/www/api2-panel/vendor/laravel/framework/src/Illuminate/Routing/Router.php(799): Illuminate\\Pipeline\\Pipeline->then()
#20 /var/www/api2-panel/vendor/laravel/framework/src/Illuminate/Routing/Router.php(776): Illuminate\\Routing\\Router->runRouteWithinStack()
#21 /var/www/api2-panel/vendor/laravel/framework/src/Illuminate/Routing/Router.php(740): Illuminate\\Routing\\Router->runRoute()
#22 /var/www/api2-panel/vendor/laravel/framework/src/Illuminate/Routing/Router.php(729): Illuminate\\Routing\\Router->dispatchToRoute()
#23 /var/www/api2-panel/vendor/laravel/framework/src/Illuminate/Foundation/Http/Kernel.php(190): Illuminate\\Routing\\Router->dispatch()
#24 /var/www/api2-panel/vendor/laravel/framework/src/Illuminate/Pipeline/Pipeline.php(141): Illuminate\\Foundation\\Http\\Kernel->Illuminate\\Foundation\\Http\\{closure}()
#25 /var/www/api2-panel/vendor/sentry/sentry-laravel/src/Sentry/Laravel/Http/SetRequestIpMiddleware.php(45): Illuminate\\Pipeline\\Pipeline->Illuminate\\Pipeline\\{closure}()
#26 /var/www/api2-panel/vendor/laravel/framework/src/Illuminate/Pipeline/Pipeline.php(180): Sentry\\Laravel\\Http\\SetRequestIpMiddleware->handle()
#27 /var/www/api2-panel/vendor/sentry/sentry-laravel/src/Sentry/Laravel/Http/SetRequestMiddleware.php(30): Illuminate\\Pipeline\\Pipeline->Illuminate\\Pipeline\\{closure}()
#28 /var/www/api2-panel/vendor/laravel/framework/src/Illuminate/Pipeline/Pipeline.php(180): Sentry\\Laravel\\Http\\SetRequestMiddleware->handle()
#29 /var/www/api2-panel/vendor/laravel/framework/src/Illuminate/Foundation/Http/Middleware/TransformsRequest.php(21): Illuminate\\Pipeline\\Pipeline->Illuminate\\Pipeline\\{closure}()
#30 /var/www/api2-panel/vendor/laravel/framework/src/Illuminate/Foundation/Http/Middleware/ConvertEmptyStringsToNull.php(31): Illuminate\\Foundation\\Http\\Middleware\\TransformsRequest->handle()
#31 /var/www/api2-panel/vendor/laravel/framework/src/Illuminate/Pipeline/Pipeline.php(180): Illuminate\\Foundation\\Http\\Middleware\\ConvertEmptyStringsToNull->handle()
#32 /var/www/api2-panel/vendor/laravel/framework/src/Illuminate/Foundation/Http/Middleware/TransformsRequest.php(21): Illuminate\\Pipeline\\Pipeline->Illuminate\\Pipeline\\{closure}()
#33 /var/www/api2-panel/vendor/laravel/framework/src/Illuminate/Foundation/Http/Middleware/TrimStrings.php(40): Illuminate\\Foundation\\Http\\Middleware\\TransformsRequest->handle()
#34 /var/www/api2-panel/vendor/laravel/framework/src/Illuminate/Pipeline/Pipeline.php(180): Illuminate\\Foundation\\Http\\Middleware\\TrimStrings->handle()
#35 /var/www/api2-panel/vendor/laravel/framework/src/Illuminate/Foundation/Http/Middleware/ValidatePostSize.php(27): Illuminate\\Pipeline\\Pipeline->Illuminate\\Pipeline\\{closure}()
#36 /var/www/api2-panel/vendor/laravel/framework/src/Illuminate/Pipeline/Pipeline.php(180): Illuminate\\Foundation\\Http\\Middleware\\ValidatePostSize->handle()
#37 /var/www/api2-panel/vendor/laravel/framework/src/Illuminate/Foundation/Http/Middleware/PreventRequestsDuringMaintenance.php(86): Illuminate\\Pipeline\\Pipeline->Illuminate\\Pipeline\\{closure}()
#38 /var/www/api2-panel/vendor/laravel/framework/src/Illuminate/Pipeline/Pipeline.php(180): Illuminate\\Foundation\\Http\\Middleware\\PreventRequestsDuringMaintenance->handle()
#39 /var/www/api2-panel/vendor/laravel/framework/src/Illuminate/Http/Middleware/HandleCors.php(49): Illuminate\\Pipeline\\Pipeline->Illuminate\\Pipeline\\{closure}()
#40 /var/www/api2-panel/vendor/laravel/framework/src/Illuminate/Pipeline/Pipeline.php(180): Illuminate\\Http\\Middleware\\HandleCors->handle()
#41 /var/www/api2-panel/vendor/laravel/framework/src/Illuminate/Http/Middleware/TrustProxies.php(39): Illuminate\\Pipeline\\Pipeline->Illuminate\\Pipeline\\{closure}()
#42 /var/www/api2-panel/vendor/laravel/framework/src/Illuminate/Pipeline/Pipeline.php(180): Illuminate\\Http\\Middleware\\TrustProxies->handle()
#43 /var/www/api2-panel/vendor/sentry/sentry-laravel/src/Sentry/Laravel/Tracing/Middleware.php(77): Illuminate\\Pipeline\\Pipeline->Illuminate\\Pipeline\\{closure}()
#44 /var/www/api2-panel/vendor/laravel/framework/src/Illuminate/Pipeline/Pipeline.php(180): Sentry\\Laravel\\Tracing\\Middleware->handle()
#45 /var/www/api2-panel/vendor/laravel/framework/src/Illuminate/Pipeline/Pipeline.php(116): Illuminate\\Pipeline\\Pipeline->Illuminate\\Pipeline\\{closure}()
#46 /var/www/api2-panel/vendor/laravel/framework/src/Illuminate/Foundation/Http/Kernel.php(165): Illuminate\\Pipeline\\Pipeline->then()
#47 /var/www/api2-panel/vendor/laravel/framework/src/Illuminate/Foundation/Http/Kernel.php(134): Illuminate\\Foundation\\Http\\Kernel->sendRequestThroughRouter()
#48 /var/www/api2-panel/public/index.php(52): Illuminate\\Foundation\\Http\\Kernel->handle()
#49 {main}
"} 
[2026-01-02 11:59:47] production.INFO: array (
  'getUserPanels username' => NULL,
  'getUserPanels lang' => 'En',
)  
[2026-01-02 11:59:47] production.ERROR: Attempt to read property "id" on null {"exception":"[object] (ErrorException(code: 0): Attempt to read property \"id\" on null at /var/www/api2-panel/Modules/Bot/Http/Services/TelegramHandler.php:416)
[stacktrace]
#0 /var/www/api2-panel/vendor/laravel/framework/src/Illuminate/Foundation/Bootstrap/HandleExceptions.php(270): Illuminate\\Foundation\\Bootstrap\\HandleExceptions->handleError()
#1 /var/www/api2-panel/Modules/Bot/Http/Services/TelegramHandler.php(416): Illuminate\\Foundation\\Bootstrap\\HandleExceptions->Illuminate\\Foundation\\Bootstrap\\{closure}()
#2 /var/www/api2-panel/vendor/laravel/framework/src/Illuminate/Database/Eloquent/Builder.php(1312): Modules\\Bot\\Http\\Services\\TelegramHandler->Modules\\Bot\\Http\\Services\\{closure}()
#3 /var/www/api2-panel/vendor/laravel/framework/src/Illuminate/Database/Eloquent/Concerns/QueriesRelationships.php(61): Illuminate\\Database\\Eloquent\\Builder->callScope()
#4 /var/www/api2-panel/vendor/laravel/framework/src/Illuminate/Database/Eloquent/Concerns/QueriesRelationships.php(152): Illuminate\\Database\\Eloquent\\Builder->has()
#5 /var/www/api2-panel/Modules/Bot/Http/Services/TelegramHandler.php(417): Illuminate\\Database\\Eloquent\\Builder->whereHas()
#6 /var/www/api2-panel/Modules/Bot/Http/Services/TelegramHandler.php(190): Modules\\Bot\\Http\\Services\\TelegramHandler->getUserPanels()
#7 /var/www/api2-panel/vendor/defstudio/telegraph/src/Handlers/WebhookHandler.php(128): Modules\\Bot\\Http\\Services\\TelegramHandler->handleChatMessage()
#8 /var/www/api2-panel/vendor/defstudio/telegraph/src/Handlers/WebhookHandler.php(228): DefStudio\\Telegraph\\Handlers\\WebhookHandler->handleMessage()
#9 /var/www/api2-panel/vendor/defstudio/telegraph/src/Controllers/WebhookController.php(28): DefStudio\\Telegraph\\Handlers\\WebhookHandler->handle()
#10 /var/www/api2-panel/vendor/laravel/framework/src/Illuminate/Routing/ControllerDispatcher.php(46): DefStudio\\Telegraph\\Controllers\\WebhookController->handle()
#11 /var/www/api2-panel/vendor/sentry/sentry-laravel/src/Sentry/Laravel/Tracing/Routing/TracingControllerDispatcherTracing.php(21): Illuminate\\Routing\\ControllerDispatcher->dispatch()
#12 /var/www/api2-panel/vendor/sentry/sentry-laravel/src/Sentry/Laravel/Tracing/Routing/TracingRoutingDispatcher.php(31): Sentry\\Laravel\\Tracing\\Routing\\TracingControllerDispatcherTracing->Sentry\\Laravel\\Tracing\\Routing\\{closure}()
#13 /var/www/api2-panel/vendor/sentry/sentry-laravel/src/Sentry/Laravel/Tracing/Routing/TracingControllerDispatcherTracing.php(20): Sentry\\Laravel\\Tracing\\Routing\\TracingRoutingDispatcher->wrapRouteDispatch()
#14 /var/www/api2-panel/vendor/laravel/framework/src/Illuminate/Routing/Route.php(260): Sentry\\Laravel\\Tracing\\Routing\\TracingControllerDispatcherTracing->dispatch()
#15 /var/www/api2-panel/vendor/laravel/framework/src/Illuminate/Routing/Route.php(205): Illuminate\\Routing\\Route->runController()
#16 /var/www/api2-panel/vendor/laravel/framework/src/Illuminate/Routing/Router.php(798): Illuminate\\Routing\\Route->run()
#17 /var/www/api2-panel/vendor/laravel/framework/src/Illuminate/Pipeline/Pipeline.php(141): Illuminate\\Routing\\Router->Illuminate\\Routing\\{closure}()
#18 /var/www/api2-panel/vendor/laravel/framework/src/Illuminate/Pipeline/Pipeline.php(116): Illuminate\\Pipeline\\Pipeline->Illuminate\\Pipeline\\{closure}()
#19 /var/www/api2-panel/vendor/laravel/framework/src/Illuminate/Routing/Router.php(799): Illuminate\\Pipeline\\Pipeline->then()
#20 /var/www/api2-panel/vendor/laravel/framework/src/Illuminate/Routing/Router.php(776): Illuminate\\Routing\\Router->runRouteWithinStack()
#21 /var/www/api2-panel/vendor/laravel/framework/src/Illuminate/Routing/Router.php(740): Illuminate\\Routing\\Router->runRoute()
#22 /var/www/api2-panel/vendor/laravel/framework/src/Illuminate/Routing/Router.php(729): Illuminate\\Routing\\Router->dispatchToRoute()
#23 /var/www/api2-panel/vendor/laravel/framework/src/Illuminate/Foundation/Http/Kernel.php(190): Illuminate\\Routing\\Router->dispatch()
#24 /var/www/api2-panel/vendor/laravel/framework/src/Illuminate/Pipeline/Pipeline.php(141): Illuminate\\Foundation\\Http\\Kernel->Illuminate\\Foundation\\Http\\{closure}()
#25 /var/www/api2-panel/vendor/sentry/sentry-laravel/src/Sentry/Laravel/Http/SetRequestIpMiddleware.php(45): Illuminate\\Pipeline\\Pipeline->Illuminate\\Pipeline\\{closure}()
#26 /var/www/api2-panel/vendor/laravel/framework/src/Illuminate/Pipeline/Pipeline.php(180): Sentry\\Laravel\\Http\\SetRequestIpMiddleware->handle()
#27 /var/www/api2-panel/vendor/sentry/sentry-laravel/src/Sentry/Laravel/Http/SetRequestMiddleware.php(30): Illuminate\\Pipeline\\Pipeline->Illuminate\\Pipeline\\{closure}()
#28 /var/www/api2-panel/vendor/laravel/framework/src/Illuminate/Pipeline/Pipeline.php(180): Sentry\\Laravel\\Http\\SetRequestMiddleware->handle()
#29 /var/www/api2-panel/vendor/laravel/framework/src/Illuminate/Foundation/Http/Middleware/TransformsRequest.php(21): Illuminate\\Pipeline\\Pipeline->Illuminate\\Pipeline\\{closure}()
#30 /var/www/api2-panel/vendor/laravel/framework/src/Illuminate/Foundation/Http/Middleware/ConvertEmptyStringsToNull.php(31): Illuminate\\Foundation\\Http\\Middleware\\TransformsRequest->handle()
#31 /var/www/api2-panel/vendor/laravel/framework/src/Illuminate/Pipeline/Pipeline.php(180): Illuminate\\Foundation\\Http\\Middleware\\ConvertEmptyStringsToNull->handle()
#32 /var/www/api2-panel/vendor/laravel/framework/src/Illuminate/Foundation/Http/Middleware/TransformsRequest.php(21): Illuminate\\Pipeline\\Pipeline->Illuminate\\Pipeline\\{closure}()
#33 /var/www/api2-panel/vendor/laravel/framework/src/Illuminate/Foundation/Http/Middleware/TrimStrings.php(40): Illuminate\\Foundation\\Http\\Middleware\\TransformsRequest->handle()
#34 /var/www/api2-panel/vendor/laravel/framework/src/Illuminate/Pipeline/Pipeline.php(180): Illuminate\\Foundation\\Http\\Middleware\\TrimStrings->handle()
#35 /var/www/api2-panel/vendor/laravel/framework/src/Illuminate/Foundation/Http/Middleware/ValidatePostSize.php(27): Illuminate\\Pipeline\\Pipeline->Illuminate\\Pipeline\\{closure}()
#36 /var/www/api2-panel/vendor/laravel/framework/src/Illuminate/Pipeline/Pipeline.php(180): Illuminate\\Foundation\\Http\\Middleware\\ValidatePostSize->handle()
#37 /var/www/api2-panel/vendor/laravel/framework/src/Illuminate/Foundation/Http/Middleware/PreventRequestsDuringMaintenance.php(86): Illuminate\\Pipeline\\Pipeline->Illuminate\\Pipeline\\{closure}()
#38 /var/www/api2-panel/vendor/laravel/framework/src/Illuminate/Pipeline/Pipeline.php(180): Illuminate\\Foundation\\Http\\Middleware\\PreventRequestsDuringMaintenance->handle()
#39 /var/www/api2-panel/vendor/laravel/framework/src/Illuminate/Http/Middleware/HandleCors.php(49): Illuminate\\Pipeline\\Pipeline->Illuminate\\Pipeline\\{closure}()
#40 /var/www/api2-panel/vendor/laravel/framework/src/Illuminate/Pipeline/Pipeline.php(180): Illuminate\\Http\\Middleware\\HandleCors->handle()
#41 /var/www/api2-panel/vendor/laravel/framework/src/Illuminate/Http/Middleware/TrustProxies.php(39): Illuminate\\Pipeline\\Pipeline->Illuminate\\Pipeline\\{closure}()
#42 /var/www/api2-panel/vendor/laravel/framework/src/Illuminate/Pipeline/Pipeline.php(180): Illuminate\\Http\\Middleware\\TrustProxies->handle()
#43 /var/www/api2-panel/vendor/sentry/sentry-laravel/src/Sentry/Laravel/Tracing/Middleware.php(77): Illuminate\\Pipeline\\Pipeline->Illuminate\\Pipeline\\{closure}()
#44 /var/www/api2-panel/vendor/laravel/framework/src/Illuminate/Pipeline/Pipeline.php(180): Sentry\\Laravel\\Tracing\\Middleware->handle()
#45 /var/www/api2-panel/vendor/laravel/framework/src/Illuminate/Pipeline/Pipeline.php(116): Illuminate\\Pipeline\\Pipeline->Illuminate\\Pipeline\\{closure}()
#46 /var/www/api2-panel/vendor/laravel/framework/src/Illuminate/Foundation/Http/Kernel.php(165): Illuminate\\Pipeline\\Pipeline->then()
#47 /var/www/api2-panel/vendor/laravel/framework/src/Illuminate/Foundation/Http/Kernel.php(134): Illuminate\\Foundation\\Http\\Kernel->sendRequestThroughRouter()
#48 /var/www/api2-panel/public/index.php(52): Illuminate\\Foundation\\Http\\Kernel->handle()
#49 {main}
"} 
[2026-01-02 12:01:33] production.INFO: array (
  'getUserPanels username' => NULL,
  'getUserPanels lang' => 'En',
)  
[2026-01-02 12:01:33] production.ERROR: Attempt to read property "id" on null {"exception":"[object] (ErrorException(code: 0): Attempt to read property \"id\" on null at /var/www/api2-panel/Modules/Bot/Http/Services/TelegramHandler.php:416)
[stacktrace]
#0 /var/www/api2-panel/vendor/laravel/framework/src/Illuminate/Foundation/Bootstrap/HandleExceptions.php(270): Illuminate\\Foundation\\Bootstrap\\HandleExceptions->handleError()
#1 /var/www/api2-panel/Modules/Bot/Http/Services/TelegramHandler.php(416): Illuminate\\Foundation\\Bootstrap\\HandleExceptions->Illuminate\\Foundation\\Bootstrap\\{closure}()
#2 /var/www/api2-panel/vendor/laravel/framework/src/Illuminate/Database/Eloquent/Builder.php(1312): Modules\\Bot\\Http\\Services\\TelegramHandler->Modules\\Bot\\Http\\Services\\{closure}()
#3 /var/www/api2-panel/vendor/laravel/framework/src/Illuminate/Database/Eloquent/Concerns/QueriesRelationships.php(61): Illuminate\\Database\\Eloquent\\Builder->callScope()
#4 /var/www/api2-panel/vendor/laravel/framework/src/Illuminate/Database/Eloquent/Concerns/QueriesRelationships.php(152): Illuminate\\Database\\Eloquent\\Builder->has()
#5 /var/www/api2-panel/Modules/Bot/Http/Services/TelegramHandler.php(417): Illuminate\\Database\\Eloquent\\Builder->whereHas()
#6 /var/www/api2-panel/Modules/Bot/Http/Services/TelegramHandler.php(190): Modules\\Bot\\Http\\Services\\TelegramHandler->getUserPanels()
#7 /var/www/api2-panel/vendor/defstudio/telegraph/src/Handlers/WebhookHandler.php(128): Modules\\Bot\\Http\\Services\\TelegramHandler->handleChatMessage()
#8 /var/www/api2-panel/vendor/defstudio/telegraph/src/Handlers/WebhookHandler.php(228): DefStudio\\Telegraph\\Handlers\\WebhookHandler->handleMessage()
#9 /var/www/api2-panel/vendor/defstudio/telegraph/src/Controllers/WebhookController.php(28): DefStudio\\Telegraph\\Handlers\\WebhookHandler->handle()
#10 /var/www/api2-panel/vendor/laravel/framework/src/Illuminate/Routing/ControllerDispatcher.php(46): DefStudio\\Telegraph\\Controllers\\WebhookController->handle()
#11 /var/www/api2-panel/vendor/sentry/sentry-laravel/src/Sentry/Laravel/Tracing/Routing/TracingControllerDispatcherTracing.php(21): Illuminate\\Routing\\ControllerDispatcher->dispatch()
#12 /var/www/api2-panel/vendor/sentry/sentry-laravel/src/Sentry/Laravel/Tracing/Routing/TracingRoutingDispatcher.php(31): Sentry\\Laravel\\Tracing\\Routing\\TracingControllerDispatcherTracing->Sentry\\Laravel\\Tracing\\Routing\\{closure}()
#13 /var/www/api2-panel/vendor/sentry/sentry-laravel/src/Sentry/Laravel/Tracing/Routing/TracingControllerDispatcherTracing.php(20): Sentry\\Laravel\\Tracing\\Routing\\TracingRoutingDispatcher->wrapRouteDispatch()
#14 /var/www/api2-panel/vendor/laravel/framework/src/Illuminate/Routing/Route.php(260): Sentry\\Laravel\\Tracing\\Routing\\TracingControllerDispatcherTracing->dispatch()
#15 /var/www/api2-panel/vendor/laravel/framework/src/Illuminate/Routing/Route.php(205): Illuminate\\Routing\\Route->runController()
#16 /var/www/api2-panel/vendor/laravel/framework/src/Illuminate/Routing/Router.php(798): Illuminate\\Routing\\Route->run()
#17 /var/www/api2-panel/vendor/laravel/framework/src/Illuminate/Pipeline/Pipeline.php(141): Illuminate\\Routing\\Router->Illuminate\\Routing\\{closure}()
#18 /var/www/api2-panel/vendor/laravel/framework/src/Illuminate/Pipeline/Pipeline.php(116): Illuminate\\Pipeline\\Pipeline->Illuminate\\Pipeline\\{closure}()
#19 /var/www/api2-panel/vendor/laravel/framework/src/Illuminate/Routing/Router.php(799): Illuminate\\Pipeline\\Pipeline->then()
#20 /var/www/api2-panel/vendor/laravel/framework/src/Illuminate/Routing/Router.php(776): Illuminate\\Routing\\Router->runRouteWithinStack()
#21 /var/www/api2-panel/vendor/laravel/framework/src/Illuminate/Routing/Router.php(740): Illuminate\\Routing\\Router->runRoute()
#22 /var/www/api2-panel/vendor/laravel/framework/src/Illuminate/Routing/Router.php(729): Illuminate\\Routing\\Router->dispatchToRoute()
#23 /var/www/api2-panel/vendor/laravel/framework/src/Illuminate/Foundation/Http/Kernel.php(190): Illuminate\\Routing\\Router->dispatch()
#24 /var/www/api2-panel/vendor/laravel/framework/src/Illuminate/Pipeline/Pipeline.php(141): Illuminate\\Foundation\\Http\\Kernel->Illuminate\\Foundation\\Http\\{closure}()
#25 /var/www/api2-panel/vendor/sentry/sentry-laravel/src/Sentry/Laravel/Http/SetRequestIpMiddleware.php(45): Illuminate\\Pipeline\\Pipeline->Illuminate\\Pipeline\\{closure}()
#26 /var/www/api2-panel/vendor/laravel/framework/src/Illuminate/Pipeline/Pipeline.php(180): Sentry\\Laravel\\Http\\SetRequestIpMiddleware->handle()
#27 /var/www/api2-panel/vendor/sentry/sentry-laravel/src/Sentry/Laravel/Http/SetRequestMiddleware.php(30): Illuminate\\Pipeline\\Pipeline->Illuminate\\Pipeline\\{closure}()
#28 /var/www/api2-panel/vendor/laravel/framework/src/Illuminate/Pipeline/Pipeline.php(180): Sentry\\Laravel\\Http\\SetRequestMiddleware->handle()
#29 /var/www/api2-panel/vendor/laravel/framework/src/Illuminate/Foundation/Http/Middleware/TransformsRequest.php(21): Illuminate\\Pipeline\\Pipeline->Illuminate\\Pipeline\\{closure}()
#30 /var/www/api2-panel/vendor/laravel/framework/src/Illuminate/Foundation/Http/Middleware/ConvertEmptyStringsToNull.php(31): Illuminate\\Foundation\\Http\\Middleware\\TransformsRequest->handle()
#31 /var/www/api2-panel/vendor/laravel/framework/src/Illuminate/Pipeline/Pipeline.php(180): Illuminate\\Foundation\\Http\\Middleware\\ConvertEmptyStringsToNull->handle()
#32 /var/www/api2-panel/vendor/laravel/framework/src/Illuminate/Foundation/Http/Middleware/TransformsRequest.php(21): Illuminate\\Pipeline\\Pipeline->Illuminate\\Pipeline\\{closure}()
#33 /var/www/api2-panel/vendor/laravel/framework/src/Illuminate/Foundation/Http/Middleware/TrimStrings.php(40): Illuminate\\Foundation\\Http\\Middleware\\TransformsRequest->handle()
#34 /var/www/api2-panel/vendor/laravel/framework/src/Illuminate/Pipeline/Pipeline.php(180): Illuminate\\Foundation\\Http\\Middleware\\TrimStrings->handle()
#35 /var/www/api2-panel/vendor/laravel/framework/src/Illuminate/Foundation/Http/Middleware/ValidatePostSize.php(27): Illuminate\\Pipeline\\Pipeline->Illuminate\\Pipeline\\{closure}()
#36 /var/www/api2-panel/vendor/laravel/framework/src/Illuminate/Pipeline/Pipeline.php(180): Illuminate\\Foundation\\Http\\Middleware\\ValidatePostSize->handle()
#37 /var/www/api2-panel/vendor/laravel/framework/src/Illuminate/Foundation/Http/Middleware/PreventRequestsDuringMaintenance.php(86): Illuminate\\Pipeline\\Pipeline->Illuminate\\Pipeline\\{closure}()
#38 /var/www/api2-panel/vendor/laravel/framework/src/Illuminate/Pipeline/Pipeline.php(180): Illuminate\\Foundation\\Http\\Middleware\\PreventRequestsDuringMaintenance->handle()
#39 /var/www/api2-panel/vendor/laravel/framework/src/Illuminate/Http/Middleware/HandleCors.php(49): Illuminate\\Pipeline\\Pipeline->Illuminate\\Pipeline\\{closure}()
#40 /var/www/api2-panel/vendor/laravel/framework/src/Illuminate/Pipeline/Pipeline.php(180): Illuminate\\Http\\Middleware\\HandleCors->handle()
#41 /var/www/api2-panel/vendor/laravel/framework/src/Illuminate/Http/Middleware/TrustProxies.php(39): Illuminate\\Pipeline\\Pipeline->Illuminate\\Pipeline\\{closure}()
#42 /var/www/api2-panel/vendor/laravel/framework/src/Illuminate/Pipeline/Pipeline.php(180): Illuminate\\Http\\Middleware\\TrustProxies->handle()
#43 /var/www/api2-panel/vendor/sentry/sentry-laravel/src/Sentry/Laravel/Tracing/Middleware.php(77): Illuminate\\Pipeline\\Pipeline->Illuminate\\Pipeline\\{closure}()
#44 /var/www/api2-panel/vendor/laravel/framework/src/Illuminate/Pipeline/Pipeline.php(180): Sentry\\Laravel\\Tracing\\Middleware->handle()
#45 /var/www/api2-panel/vendor/laravel/framework/src/Illuminate/Pipeline/Pipeline.php(116): Illuminate\\Pipeline\\Pipeline->Illuminate\\Pipeline\\{closure}()
#46 /var/www/api2-panel/vendor/laravel/framework/src/Illuminate/Foundation/Http/Kernel.php(165): Illuminate\\Pipeline\\Pipeline->then()
#47 /var/www/api2-panel/vendor/laravel/framework/src/Illuminate/Foundation/Http/Kernel.php(134): Illuminate\\Foundation\\Http\\Kernel->sendRequestThroughRouter()
#48 /var/www/api2-panel/public/index.php(52): Illuminate\\Foundation\\Http\\Kernel->handle()
#49 {main}
"} 
[2026-01-02 12:02:35] production.INFO: array (
  'getUserPanels username' => NULL,
  'getUserPanels lang' => 'En',
)  
[2026-01-02 12:02:35] production.ERROR: Attempt to read property "id" on null {"exception":"[object] (ErrorException(code: 0): Attempt to read property \"id\" on null at /var/www/api2-panel/Modules/Bot/Http/Services/TelegramHandler.php:416)
[stacktrace]
#0 /var/www/api2-panel/vendor/laravel/framework/src/Illuminate/Foundation/Bootstrap/HandleExceptions.php(270): Illuminate\\Foundation\\Bootstrap\\HandleExceptions->handleError()
#1 /var/www/api2-panel/Modules/Bot/Http/Services/TelegramHandler.php(416): Illuminate\\Foundation\\Bootstrap\\HandleExceptions->Illuminate\\Foundation\\Bootstrap\\{closure}()
#2 /var/www/api2-panel/vendor/laravel/framework/src/Illuminate/Database/Eloquent/Builder.php(1312): Modules\\Bot\\Http\\Services\\TelegramHandler->Modules\\Bot\\Http\\Services\\{closure}()
#3 /var/www/api2-panel/vendor/laravel/framework/src/Illuminate/Database/Eloquent/Concerns/QueriesRelationships.php(61): Illuminate\\Database\\Eloquent\\Builder->callScope()
#4 /var/www/api2-panel/vendor/laravel/framework/src/Illuminate/Database/Eloquent/Concerns/QueriesRelationships.php(152): Illuminate\\Database\\Eloquent\\Builder->has()
#5 /var/www/api2-panel/Modules/Bot/Http/Services/TelegramHandler.php(417): Illuminate\\Database\\Eloquent\\Builder->whereHas()
#6 /var/www/api2-panel/Modules/Bot/Http/Services/TelegramHandler.php(190): Modules\\Bot\\Http\\Services\\TelegramHandler->getUserPanels()
#7 /var/www/api2-panel/vendor/defstudio/telegraph/src/Handlers/WebhookHandler.php(128): Modules\\Bot\\Http\\Services\\TelegramHandler->handleChatMessage()
#8 /var/www/api2-panel/vendor/defstudio/telegraph/src/Handlers/WebhookHandler.php(228): DefStudio\\Telegraph\\Handlers\\WebhookHandler->handleMessage()
#9 /var/www/api2-panel/vendor/defstudio/telegraph/src/Controllers/WebhookController.php(28): DefStudio\\Telegraph\\Handlers\\WebhookHandler->handle()
#10 /var/www/api2-panel/vendor/laravel/framework/src/Illuminate/Routing/ControllerDispatcher.php(46): DefStudio\\Telegraph\\Controllers\\WebhookController->handle()
#11 /var/www/api2-panel/vendor/sentry/sentry-laravel/src/Sentry/Laravel/Tracing/Routing/TracingControllerDispatcherTracing.php(21): Illuminate\\Routing\\ControllerDispatcher->dispatch()
#12 /var/www/api2-panel/vendor/sentry/sentry-laravel/src/Sentry/Laravel/Tracing/Routing/TracingRoutingDispatcher.php(31): Sentry\\Laravel\\Tracing\\Routing\\TracingControllerDispatcherTracing->Sentry\\Laravel\\Tracing\\Routing\\{closure}()
#13 /var/www/api2-panel/vendor/sentry/sentry-laravel/src/Sentry/Laravel/Tracing/Routing/TracingControllerDispatcherTracing.php(20): Sentry\\Laravel\\Tracing\\Routing\\TracingRoutingDispatcher->wrapRouteDispatch()
#14 /var/www/api2-panel/vendor/laravel/framework/src/Illuminate/Routing/Route.php(260): Sentry\\Laravel\\Tracing\\Routing\\TracingControllerDispatcherTracing->dispatch()
#15 /var/www/api2-panel/vendor/laravel/framework/src/Illuminate/Routing/Route.php(205): Illuminate\\Routing\\Route->runController()
#16 /var/www/api2-panel/vendor/laravel/framework/src/Illuminate/Routing/Router.php(798): Illuminate\\Routing\\Route->run()
#17 /var/www/api2-panel/vendor/laravel/framework/src/Illuminate/Pipeline/Pipeline.php(141): Illuminate\\Routing\\Router->Illuminate\\Routing\\{closure}()
#18 /var/www/api2-panel/vendor/laravel/framework/src/Illuminate/Pipeline/Pipeline.php(116): Illuminate\\Pipeline\\Pipeline->Illuminate\\Pipeline\\{closure}()
#19 /var/www/api2-panel/vendor/laravel/framework/src/Illuminate/Routing/Router.php(799): Illuminate\\Pipeline\\Pipeline->then()
#20 /var/www/api2-panel/vendor/laravel/framework/src/Illuminate/Routing/Router.php(776): Illuminate\\Routing\\Router->runRouteWithinStack()
#21 /var/www/api2-panel/vendor/laravel/framework/src/Illuminate/Routing/Router.php(740): Illuminate\\Routing\\Router->runRoute()
#22 /var/www/api2-panel/vendor/laravel/framework/src/Illuminate/Routing/Router.php(729): Illuminate\\Routing\\Router->dispatchToRoute()
#23 /var/www/api2-panel/vendor/laravel/framework/src/Illuminate/Foundation/Http/Kernel.php(190): Illuminate\\Routing\\Router->dispatch()
#24 /var/www/api2-panel/vendor/laravel/framework/src/Illuminate/Pipeline/Pipeline.php(141): Illuminate\\Foundation\\Http\\Kernel->Illuminate\\Foundation\\Http\\{closure}()
#25 /var/www/api2-panel/vendor/sentry/sentry-laravel/src/Sentry/Laravel/Http/SetRequestIpMiddleware.php(45): Illuminate\\Pipeline\\Pipeline->Illuminate\\Pipeline\\{closure}()
#26 /var/www/api2-panel/vendor/laravel/framework/src/Illuminate/Pipeline/Pipeline.php(180): Sentry\\Laravel\\Http\\SetRequestIpMiddleware->handle()
#27 /var/www/api2-panel/vendor/sentry/sentry-laravel/src/Sentry/Laravel/Http/SetRequestMiddleware.php(30): Illuminate\\Pipeline\\Pipeline->Illuminate\\Pipeline\\{closure}()
#28 /var/www/api2-panel/vendor/laravel/framework/src/Illuminate/Pipeline/Pipeline.php(180): Sentry\\Laravel\\Http\\SetRequestMiddleware->handle()
#29 /var/www/api2-panel/vendor/laravel/framework/src/Illuminate/Foundation/Http/Middleware/TransformsRequest.php(21): Illuminate\\Pipeline\\Pipeline->Illuminate\\Pipeline\\{closure}()
#30 /var/www/api2-panel/vendor/laravel/framework/src/Illuminate/Foundation/Http/Middleware/ConvertEmptyStringsToNull.php(31): Illuminate\\Foundation\\Http\\Middleware\\TransformsRequest->handle()
#31 /var/www/api2-panel/vendor/laravel/framework/src/Illuminate/Pipeline/Pipeline.php(180): Illuminate\\Foundation\\Http\\Middleware\\ConvertEmptyStringsToNull->handle()
#32 /var/www/api2-panel/vendor/laravel/framework/src/Illuminate/Foundation/Http/Middleware/TransformsRequest.php(21): Illuminate\\Pipeline\\Pipeline->Illuminate\\Pipeline\\{closure}()
#33 /var/www/api2-panel/vendor/laravel/framework/src/Illuminate/Foundation/Http/Middleware/TrimStrings.php(40): Illuminate\\Foundation\\Http\\Middleware\\TransformsRequest->handle()
#34 /var/www/api2-panel/vendor/laravel/framework/src/Illuminate/Pipeline/Pipeline.php(180): Illuminate\\Foundation\\Http\\Middleware\\TrimStrings->handle()
#35 /var/www/api2-panel/vendor/laravel/framework/src/Illuminate/Foundation/Http/Middleware/ValidatePostSize.php(27): Illuminate\\Pipeline\\Pipeline->Illuminate\\Pipeline\\{closure}()
#36 /var/www/api2-panel/vendor/laravel/framework/src/Illuminate/Pipeline/Pipeline.php(180): Illuminate\\Foundation\\Http\\Middleware\\ValidatePostSize->handle()
#37 /var/www/api2-panel/vendor/laravel/framework/src/Illuminate/Foundation/Http/Middleware/PreventRequestsDuringMaintenance.php(86): Illuminate\\Pipeline\\Pipeline->Illuminate\\Pipeline\\{closure}()
#38 /var/www/api2-panel/vendor/laravel/framework/src/Illuminate/Pipeline/Pipeline.php(180): Illuminate\\Foundation\\Http\\Middleware\\PreventRequestsDuringMaintenance->handle()
#39 /var/www/api2-panel/vendor/laravel/framework/src/Illuminate/Http/Middleware/HandleCors.php(49): Illuminate\\Pipeline\\Pipeline->Illuminate\\Pipeline\\{closure}()
#40 /var/www/api2-panel/vendor/laravel/framework/src/Illuminate/Pipeline/Pipeline.php(180): Illuminate\\Http\\Middleware\\HandleCors->handle()
#41 /var/www/api2-panel/vendor/laravel/framework/src/Illuminate/Http/Middleware/TrustProxies.php(39): Illuminate\\Pipeline\\Pipeline->Illuminate\\Pipeline\\{closure}()
#42 /var/www/api2-panel/vendor/laravel/framework/src/Illuminate/Pipeline/Pipeline.php(180): Illuminate\\Http\\Middleware\\TrustProxies->handle()
#43 /var/www/api2-panel/vendor/sentry/sentry-laravel/src/Sentry/Laravel/Tracing/Middleware.php(77): Illuminate\\Pipeline\\Pipeline->Illuminate\\Pipeline\\{closure}()
#44 /var/www/api2-panel/vendor/laravel/framework/src/Illuminate/Pipeline/Pipeline.php(180): Sentry\\Laravel\\Tracing\\Middleware->handle()
#45 /var/www/api2-panel/vendor/laravel/framework/src/Illuminate/Pipeline/Pipeline.php(116): Illuminate\\Pipeline\\Pipeline->Illuminate\\Pipeline\\{closure}()
#46 /var/www/api2-panel/vendor/laravel/framework/src/Illuminate/Foundation/Http/Kernel.php(165): Illuminate\\Pipeline\\Pipeline->then()
#47 /var/www/api2-panel/vendor/laravel/framework/src/Illuminate/Foundation/Http/Kernel.php(134): Illuminate\\Foundation\\Http\\Kernel->sendRequestThroughRouter()
#48 /var/www/api2-panel/public/index.php(52): Illuminate\\Foundation\\Http\\Kernel->handle()
#49 {main}
"} 
[2026-01-02 12:03:49] production.INFO: array (
  'getUserPanels username' => NULL,
  'getUserPanels lang' => 'En',
)  
[2026-01-02 12:03:49] production.ERROR: Attempt to read property "id" on null {"exception":"[object] (ErrorException(code: 0): Attempt to read property \"id\" on null at /var/www/api2-panel/Modules/Bot/Http/Services/TelegramHandler.php:416)
[stacktrace]
#0 /var/www/api2-panel/vendor/laravel/framework/src/Illuminate/Foundation/Bootstrap/HandleExceptions.php(270): Illuminate\\Foundation\\Bootstrap\\HandleExceptions->handleError()
#1 /var/www/api2-panel/Modules/Bot/Http/Services/TelegramHandler.php(416): Illuminate\\Foundation\\Bootstrap\\HandleExceptions->Illuminate\\Foundation\\Bootstrap\\{closure}()
#2 /var/www/api2-panel/vendor/laravel/framework/src/Illuminate/Database/Eloquent/Builder.php(1312): Modules\\Bot\\Http\\Services\\TelegramHandler->Modules\\Bot\\Http\\Services\\{closure}()
#3 /var/www/api2-panel/vendor/laravel/framework/src/Illuminate/Database/Eloquent/Concerns/QueriesRelationships.php(61): Illuminate\\Database\\Eloquent\\Builder->callScope()
#4 /var/www/api2-panel/vendor/laravel/framework/src/Illuminate/Database/Eloquent/Concerns/QueriesRelationships.php(152): Illuminate\\Database\\Eloquent\\Builder->has()
#5 /var/www/api2-panel/Modules/Bot/Http/Services/TelegramHandler.php(417): Illuminate\\Database\\Eloquent\\Builder->whereHas()
#6 /var/www/api2-panel/Modules/Bot/Http/Services/TelegramHandler.php(190): Modules\\Bot\\Http\\Services\\TelegramHandler->getUserPanels()
#7 /var/www/api2-panel/vendor/defstudio/telegraph/src/Handlers/WebhookHandler.php(128): Modules\\Bot\\Http\\Services\\TelegramHandler->handleChatMessage()
#8 /var/www/api2-panel/vendor/defstudio/telegraph/src/Handlers/WebhookHandler.php(228): DefStudio\\Telegraph\\Handlers\\WebhookHandler->handleMessage()
#9 /var/www/api2-panel/vendor/defstudio/telegraph/src/Controllers/WebhookController.php(28): DefStudio\\Telegraph\\Handlers\\WebhookHandler->handle()
#10 /var/www/api2-panel/vendor/laravel/framework/src/Illuminate/Routing/ControllerDispatcher.php(46): DefStudio\\Telegraph\\Controllers\\WebhookController->handle()
#11 /var/www/api2-panel/vendor/sentry/sentry-laravel/src/Sentry/Laravel/Tracing/Routing/TracingControllerDispatcherTracing.php(21): Illuminate\\Routing\\ControllerDispatcher->dispatch()
#12 /var/www/api2-panel/vendor/sentry/sentry-laravel/src/Sentry/Laravel/Tracing/Routing/TracingRoutingDispatcher.php(31): Sentry\\Laravel\\Tracing\\Routing\\TracingControllerDispatcherTracing->Sentry\\Laravel\\Tracing\\Routing\\{closure}()
#13 /var/www/api2-panel/vendor/sentry/sentry-laravel/src/Sentry/Laravel/Tracing/Routing/TracingControllerDispatcherTracing.php(20): Sentry\\Laravel\\Tracing\\Routing\\TracingRoutingDispatcher->wrapRouteDispatch()
#14 /var/www/api2-panel/vendor/laravel/framework/src/Illuminate/Routing/Route.php(260): Sentry\\Laravel\\Tracing\\Routing\\TracingControllerDispatcherTracing->dispatch()
#15 /var/www/api2-panel/vendor/laravel/framework/src/Illuminate/Routing/Route.php(205): Illuminate\\Routing\\Route->runController()
#16 /var/www/api2-panel/vendor/laravel/framework/src/Illuminate/Routing/Router.php(798): Illuminate\\Routing\\Route->run()
#17 /var/www/api2-panel/vendor/laravel/framework/src/Illuminate/Pipeline/Pipeline.php(141): Illuminate\\Routing\\Router->Illuminate\\Routing\\{closure}()
#18 /var/www/api2-panel/vendor/laravel/framework/src/Illuminate/Pipeline/Pipeline.php(116): Illuminate\\Pipeline\\Pipeline->Illuminate\\Pipeline\\{closure}()
#19 /var/www/api2-panel/vendor/laravel/framework/src/Illuminate/Routing/Router.php(799): Illuminate\\Pipeline\\Pipeline->then()
#20 /var/www/api2-panel/vendor/laravel/framework/src/Illuminate/Routing/Router.php(776): Illuminate\\Routing\\Router->runRouteWithinStack()
#21 /var/www/api2-panel/vendor/laravel/framework/src/Illuminate/Routing/Router.php(740): Illuminate\\Routing\\Router->runRoute()
#22 /var/www/api2-panel/vendor/laravel/framework/src/Illuminate/Routing/Router.php(729): Illuminate\\Routing\\Router->dispatchToRoute()
#23 /var/www/api2-panel/vendor/laravel/framework/src/Illuminate/Foundation/Http/Kernel.php(190): Illuminate\\Routing\\Router->dispatch()
#24 /var/www/api2-panel/vendor/laravel/framework/src/Illuminate/Pipeline/Pipeline.php(141): Illuminate\\Foundation\\Http\\Kernel->Illuminate\\Foundation\\Http\\{closure}()
#25 /var/www/api2-panel/vendor/sentry/sentry-laravel/src/Sentry/Laravel/Http/SetRequestIpMiddleware.php(45): Illuminate\\Pipeline\\Pipeline->Illuminate\\Pipeline\\{closure}()
#26 /var/www/api2-panel/vendor/laravel/framework/src/Illuminate/Pipeline/Pipeline.php(180): Sentry\\Laravel\\Http\\SetRequestIpMiddleware->handle()
#27 /var/www/api2-panel/vendor/sentry/sentry-laravel/src/Sentry/Laravel/Http/SetRequestMiddleware.php(30): Illuminate\\Pipeline\\Pipeline->Illuminate\\Pipeline\\{closure}()
#28 /var/www/api2-panel/vendor/laravel/framework/src/Illuminate/Pipeline/Pipeline.php(180): Sentry\\Laravel\\Http\\SetRequestMiddleware->handle()
#29 /var/www/api2-panel/vendor/laravel/framework/src/Illuminate/Foundation/Http/Middleware/TransformsRequest.php(21): Illuminate\\Pipeline\\Pipeline->Illuminate\\Pipeline\\{closure}()
#30 /var/www/api2-panel/vendor/laravel/framework/src/Illuminate/Foundation/Http/Middleware/ConvertEmptyStringsToNull.php(31): Illuminate\\Foundation\\Http\\Middleware\\TransformsRequest->handle()
#31 /var/www/api2-panel/vendor/laravel/framework/src/Illuminate/Pipeline/Pipeline.php(180): Illuminate\\Foundation\\Http\\Middleware\\ConvertEmptyStringsToNull->handle()
#32 /var/www/api2-panel/vendor/laravel/framework/src/Illuminate/Foundation/Http/Middleware/TransformsRequest.php(21): Illuminate\\Pipeline\\Pipeline->Illuminate\\Pipeline\\{closure}()
#33 /var/www/api2-panel/vendor/laravel/framework/src/Illuminate/Foundation/Http/Middleware/TrimStrings.php(40): Illuminate\\Foundation\\Http\\Middleware\\TransformsRequest->handle()
#34 /var/www/api2-panel/vendor/laravel/framework/src/Illuminate/Pipeline/Pipeline.php(180): Illuminate\\Foundation\\Http\\Middleware\\TrimStrings->handle()
#35 /var/www/api2-panel/vendor/laravel/framework/src/Illuminate/Foundation/Http/Middleware/ValidatePostSize.php(27): Illuminate\\Pipeline\\Pipeline->Illuminate\\Pipeline\\{closure}()
#36 /var/www/api2-panel/vendor/laravel/framework/src/Illuminate/Pipeline/Pipeline.php(180): Illuminate\\Foundation\\Http\\Middleware\\ValidatePostSize->handle()
#37 /var/www/api2-panel/vendor/laravel/framework/src/Illuminate/Foundation/Http/Middleware/PreventRequestsDuringMaintenance.php(86): Illuminate\\Pipeline\\Pipeline->Illuminate\\Pipeline\\{closure}()
#38 /var/www/api2-panel/vendor/laravel/framework/src/Illuminate/Pipeline/Pipeline.php(180): Illuminate\\Foundation\\Http\\Middleware\\PreventRequestsDuringMaintenance->handle()
#39 /var/www/api2-panel/vendor/laravel/framework/src/Illuminate/Http/Middleware/HandleCors.php(49): Illuminate\\Pipeline\\Pipeline->Illuminate\\Pipeline\\{closure}()
#40 /var/www/api2-panel/vendor/laravel/framework/src/Illuminate/Pipeline/Pipeline.php(180): Illuminate\\Http\\Middleware\\HandleCors->handle()
#41 /var/www/api2-panel/vendor/laravel/framework/src/Illuminate/Http/Middleware/TrustProxies.php(39): Illuminate\\Pipeline\\Pipeline->Illuminate\\Pipeline\\{closure}()
#42 /var/www/api2-panel/vendor/laravel/framework/src/Illuminate/Pipeline/Pipeline.php(180): Illuminate\\Http\\Middleware\\TrustProxies->handle()
#43 /var/www/api2-panel/vendor/sentry/sentry-laravel/src/Sentry/Laravel/Tracing/Middleware.php(77): Illuminate\\Pipeline\\Pipeline->Illuminate\\Pipeline\\{closure}()
#44 /var/www/api2-panel/vendor/laravel/framework/src/Illuminate/Pipeline/Pipeline.php(180): Sentry\\Laravel\\Tracing\\Middleware->handle()
#45 /var/www/api2-panel/vendor/laravel/framework/src/Illuminate/Pipeline/Pipeline.php(116): Illuminate\\Pipeline\\Pipeline->Illuminate\\Pipeline\\{closure}()
#46 /var/www/api2-panel/vendor/laravel/framework/src/Illuminate/Foundation/Http/Kernel.php(165): Illuminate\\Pipeline\\Pipeline->then()
#47 /var/www/api2-panel/vendor/laravel/framework/src/Illuminate/Foundation/Http/Kernel.php(134): Illuminate\\Foundation\\Http\\Kernel->sendRequestThroughRouter()
#48 /var/www/api2-panel/public/index.php(52): Illuminate\\Foundation\\Http\\Kernel->handle()
#49 {main}
"} 
[2026-01-02 12:05:28] production.INFO: array (
  'getUserPanels username' => NULL,
  'getUserPanels lang' => 'En',
)  
[2026-01-02 12:05:28] production.ERROR: Attempt to read property "id" on null {"exception":"[object] (ErrorException(code: 0): Attempt to read property \"id\" on null at /var/www/api2-panel/Modules/Bot/Http/Services/TelegramHandler.php:416)
[stacktrace]
#0 /var/www/api2-panel/vendor/laravel/framework/src/Illuminate/Foundation/Bootstrap/HandleExceptions.php(270): Illuminate\\Foundation\\Bootstrap\\HandleExceptions->handleError()
#1 /var/www/api2-panel/Modules/Bot/Http/Services/TelegramHandler.php(416): Illuminate\\Foundation\\Bootstrap\\HandleExceptions->Illuminate\\Foundation\\Bootstrap\\{closure}()
#2 /var/www/api2-panel/vendor/laravel/framework/src/Illuminate/Database/Eloquent/Builder.php(1312): Modules\\Bot\\Http\\Services\\TelegramHandler->Modules\\Bot\\Http\\Services\\{closure}()
#3 /var/www/api2-panel/vendor/laravel/framework/src/Illuminate/Database/Eloquent/Concerns/QueriesRelationships.php(61): Illuminate\\Database\\Eloquent\\Builder->callScope()
#4 /var/www/api2-panel/vendor/laravel/framework/src/Illuminate/Database/Eloquent/Concerns/QueriesRelationships.php(152): Illuminate\\Database\\Eloquent\\Builder->has()
#5 /var/www/api2-panel/Modules/Bot/Http/Services/TelegramHandler.php(417): Illuminate\\Database\\Eloquent\\Builder->whereHas()
#6 /var/www/api2-panel/Modules/Bot/Http/Services/TelegramHandler.php(190): Modules\\Bot\\Http\\Services\\TelegramHandler->getUserPanels()
#7 /var/www/api2-panel/vendor/defstudio/telegraph/src/Handlers/WebhookHandler.php(128): Modules\\Bot\\Http\\Services\\TelegramHandler->handleChatMessage()
#8 /var/www/api2-panel/vendor/defstudio/telegraph/src/Handlers/WebhookHandler.php(228): DefStudio\\Telegraph\\Handlers\\WebhookHandler->handleMessage()
#9 /var/www/api2-panel/vendor/defstudio/telegraph/src/Controllers/WebhookController.php(28): DefStudio\\Telegraph\\Handlers\\WebhookHandler->handle()
#10 /var/www/api2-panel/vendor/laravel/framework/src/Illuminate/Routing/ControllerDispatcher.php(46): DefStudio\\Telegraph\\Controllers\\WebhookController->handle()
#11 /var/www/api2-panel/vendor/sentry/sentry-laravel/src/Sentry/Laravel/Tracing/Routing/TracingControllerDispatcherTracing.php(21): Illuminate\\Routing\\ControllerDispatcher->dispatch()
#12 /var/www/api2-panel/vendor/sentry/sentry-laravel/src/Sentry/Laravel/Tracing/Routing/TracingRoutingDispatcher.php(31): Sentry\\Laravel\\Tracing\\Routing\\TracingControllerDispatcherTracing->Sentry\\Laravel\\Tracing\\Routing\\{closure}()
#13 /var/www/api2-panel/vendor/sentry/sentry-laravel/src/Sentry/Laravel/Tracing/Routing/TracingControllerDispatcherTracing.php(20): Sentry\\Laravel\\Tracing\\Routing\\TracingRoutingDispatcher->wrapRouteDispatch()
#14 /var/www/api2-panel/vendor/laravel/framework/src/Illuminate/Routing/Route.php(260): Sentry\\Laravel\\Tracing\\Routing\\TracingControllerDispatcherTracing->dispatch()
#15 /var/www/api2-panel/vendor/laravel/framework/src/Illuminate/Routing/Route.php(205): Illuminate\\Routing\\Route->runController()
#16 /var/www/api2-panel/vendor/laravel/framework/src/Illuminate/Routing/Router.php(798): Illuminate\\Routing\\Route->run()
#17 /var/www/api2-panel/vendor/laravel/framework/src/Illuminate/Pipeline/Pipeline.php(141): Illuminate\\Routing\\Router->Illuminate\\Routing\\{closure}()
#18 /var/www/api2-panel/vendor/laravel/framework/src/Illuminate/Pipeline/Pipeline.php(116): Illuminate\\Pipeline\\Pipeline->Illuminate\\Pipeline\\{closure}()
#19 /var/www/api2-panel/vendor/laravel/framework/src/Illuminate/Routing/Router.php(799): Illuminate\\Pipeline\\Pipeline->then()
#20 /var/www/api2-panel/vendor/laravel/framework/src/Illuminate/Routing/Router.php(776): Illuminate\\Routing\\Router->runRouteWithinStack()
#21 /var/www/api2-panel/vendor/laravel/framework/src/Illuminate/Routing/Router.php(740): Illuminate\\Routing\\Router->runRoute()
#22 /var/www/api2-panel/vendor/laravel/framework/src/Illuminate/Routing/Router.php(729): Illuminate\\Routing\\Router->dispatchToRoute()
#23 /var/www/api2-panel/vendor/laravel/framework/src/Illuminate/Foundation/Http/Kernel.php(190): Illuminate\\Routing\\Router->dispatch()
#24 /var/www/api2-panel/vendor/laravel/framework/src/Illuminate/Pipeline/Pipeline.php(141): Illuminate\\Foundation\\Http\\Kernel->Illuminate\\Foundation\\Http\\{closure}()
#25 /var/www/api2-panel/vendor/sentry/sentry-laravel/src/Sentry/Laravel/Http/SetRequestIpMiddleware.php(45): Illuminate\\Pipeline\\Pipeline->Illuminate\\Pipeline\\{closure}()
#26 /var/www/api2-panel/vendor/laravel/framework/src/Illuminate/Pipeline/Pipeline.php(180): Sentry\\Laravel\\Http\\SetRequestIpMiddleware->handle()
#27 /var/www/api2-panel/vendor/sentry/sentry-laravel/src/Sentry/Laravel/Http/SetRequestMiddleware.php(30): Illuminate\\Pipeline\\Pipeline->Illuminate\\Pipeline\\{closure}()
#28 /var/www/api2-panel/vendor/laravel/framework/src/Illuminate/Pipeline/Pipeline.php(180): Sentry\\Laravel\\Http\\SetRequestMiddleware->handle()
#29 /var/www/api2-panel/vendor/laravel/framework/src/Illuminate/Foundation/Http/Middleware/TransformsRequest.php(21): Illuminate\\Pipeline\\Pipeline->Illuminate\\Pipeline\\{closure}()
#30 /var/www/api2-panel/vendor/laravel/framework/src/Illuminate/Foundation/Http/Middleware/ConvertEmptyStringsToNull.php(31): Illuminate\\Foundation\\Http\\Middleware\\TransformsRequest->handle()
#31 /var/www/api2-panel/vendor/laravel/framework/src/Illuminate/Pipeline/Pipeline.php(180): Illuminate\\Foundation\\Http\\Middleware\\ConvertEmptyStringsToNull->handle()
#32 /var/www/api2-panel/vendor/laravel/framework/src/Illuminate/Foundation/Http/Middleware/TransformsRequest.php(21): Illuminate\\Pipeline\\Pipeline->Illuminate\\Pipeline\\{closure}()
#33 /var/www/api2-panel/vendor/laravel/framework/src/Illuminate/Foundation/Http/Middleware/TrimStrings.php(40): Illuminate\\Foundation\\Http\\Middleware\\TransformsRequest->handle()
#34 /var/www/api2-panel/vendor/laravel/framework/src/Illuminate/Pipeline/Pipeline.php(180): Illuminate\\Foundation\\Http\\Middleware\\TrimStrings->handle()
#35 /var/www/api2-panel/vendor/laravel/framework/src/Illuminate/Foundation/Http/Middleware/ValidatePostSize.php(27): Illuminate\\Pipeline\\Pipeline->Illuminate\\Pipeline\\{closure}()
#36 /var/www/api2-panel/vendor/laravel/framework/src/Illuminate/Pipeline/Pipeline.php(180): Illuminate\\Foundation\\Http\\Middleware\\ValidatePostSize->handle()
#37 /var/www/api2-panel/vendor/laravel/framework/src/Illuminate/Foundation/Http/Middleware/PreventRequestsDuringMaintenance.php(86): Illuminate\\Pipeline\\Pipeline->Illuminate\\Pipeline\\{closure}()
#38 /var/www/api2-panel/vendor/laravel/framework/src/Illuminate/Pipeline/Pipeline.php(180): Illuminate\\Foundation\\Http\\Middleware\\PreventRequestsDuringMaintenance->handle()
#39 /var/www/api2-panel/vendor/laravel/framework/src/Illuminate/Http/Middleware/HandleCors.php(49): Illuminate\\Pipeline\\Pipeline->Illuminate\\Pipeline\\{closure}()
#40 /var/www/api2-panel/vendor/laravel/framework/src/Illuminate/Pipeline/Pipeline.php(180): Illuminate\\Http\\Middleware\\HandleCors->handle()
#41 /var/www/api2-panel/vendor/laravel/framework/src/Illuminate/Http/Middleware/TrustProxies.php(39): Illuminate\\Pipeline\\Pipeline->Illuminate\\Pipeline\\{closure}()
#42 /var/www/api2-panel/vendor/laravel/framework/src/Illuminate/Pipeline/Pipeline.php(180): Illuminate\\Http\\Middleware\\TrustProxies->handle()
#43 /var/www/api2-panel/vendor/sentry/sentry-laravel/src/Sentry/Laravel/Tracing/Middleware.php(77): Illuminate\\Pipeline\\Pipeline->Illuminate\\Pipeline\\{closure}()
#44 /var/www/api2-panel/vendor/laravel/framework/src/Illuminate/Pipeline/Pipeline.php(180): Sentry\\Laravel\\Tracing\\Middleware->handle()
#45 /var/www/api2-panel/vendor/laravel/framework/src/Illuminate/Pipeline/Pipeline.php(116): Illuminate\\Pipeline\\Pipeline->Illuminate\\Pipeline\\{closure}()
#46 /var/www/api2-panel/vendor/laravel/framework/src/Illuminate/Foundation/Http/Kernel.php(165): Illuminate\\Pipeline\\Pipeline->then()
#47 /var/www/api2-panel/vendor/laravel/framework/src/Illuminate/Foundation/Http/Kernel.php(134): Illuminate\\Foundation\\Http\\Kernel->sendRequestThroughRouter()
#48 /var/www/api2-panel/public/index.php(52): Illuminate\\Foundation\\Http\\Kernel->handle()
#49 {main}
"} 
[2026-01-02 12:06:45] production.INFO: array (
  'getUserPanels username' => NULL,
  'getUserPanels lang' => 'En',
)  
[2026-01-02 12:06:45] production.ERROR: Attempt to read property "id" on null {"exception":"[object] (ErrorException(code: 0): Attempt to read property \"id\" on null at /var/www/api2-panel/Modules/Bot/Http/Services/TelegramHandler.php:416)
[stacktrace]
#0 /var/www/api2-panel/vendor/laravel/framework/src/Illuminate/Foundation/Bootstrap/HandleExceptions.php(270): Illuminate\\Foundation\\Bootstrap\\HandleExceptions->handleError()
#1 /var/www/api2-panel/Modules/Bot/Http/Services/TelegramHandler.php(416): Illuminate\\Foundation\\Bootstrap\\HandleExceptions->Illuminate\\Foundation\\Bootstrap\\{closure}()
#2 /var/www/api2-panel/vendor/laravel/framework/src/Illuminate/Database/Eloquent/Builder.php(1312): Modules\\Bot\\Http\\Services\\TelegramHandler->Modules\\Bot\\Http\\Services\\{closure}()
#3 /var/www/api2-panel/vendor/laravel/framework/src/Illuminate/Database/Eloquent/Concerns/QueriesRelationships.php(61): Illuminate\\Database\\Eloquent\\Builder->callScope()
#4 /var/www/api2-panel/vendor/laravel/framework/src/Illuminate/Database/Eloquent/Concerns/QueriesRelationships.php(152): Illuminate\\Database\\Eloquent\\Builder->has()
#5 /var/www/api2-panel/Modules/Bot/Http/Services/TelegramHandler.php(417): Illuminate\\Database\\Eloquent\\Builder->whereHas()
#6 /var/www/api2-panel/Modules/Bot/Http/Services/TelegramHandler.php(190): Modules\\Bot\\Http\\Services\\TelegramHandler->getUserPanels()
#7 /var/www/api2-panel/vendor/defstudio/telegraph/src/Handlers/WebhookHandler.php(128): Modules\\Bot\\Http\\Services\\TelegramHandler->handleChatMessage()
#8 /var/www/api2-panel/vendor/defstudio/telegraph/src/Handlers/WebhookHandler.php(228): DefStudio\\Telegraph\\Handlers\\WebhookHandler->handleMessage()
#9 /var/www/api2-panel/vendor/defstudio/telegraph/src/Controllers/WebhookController.php(28): DefStudio\\Telegraph\\Handlers\\WebhookHandler->handle()
#10 /var/www/api2-panel/vendor/laravel/framework/src/Illuminate/Routing/ControllerDispatcher.php(46): DefStudio\\Telegraph\\Controllers\\WebhookController->handle()
#11 /var/www/api2-panel/vendor/sentry/sentry-laravel/src/Sentry/Laravel/Tracing/Routing/TracingControllerDispatcherTracing.php(21): Illuminate\\Routing\\ControllerDispatcher->dispatch()
#12 /var/www/api2-panel/vendor/sentry/sentry-laravel/src/Sentry/Laravel/Tracing/Routing/TracingRoutingDispatcher.php(31): Sentry\\Laravel\\Tracing\\Routing\\TracingControllerDispatcherTracing->Sentry\\Laravel\\Tracing\\Routing\\{closure}()
#13 /var/www/api2-panel/vendor/sentry/sentry-laravel/src/Sentry/Laravel/Tracing/Routing/TracingControllerDispatcherTracing.php(20): Sentry\\Laravel\\Tracing\\Routing\\TracingRoutingDispatcher->wrapRouteDispatch()
#14 /var/www/api2-panel/vendor/laravel/framework/src/Illuminate/Routing/Route.php(260): Sentry\\Laravel\\Tracing\\Routing\\TracingControllerDispatcherTracing->dispatch()
#15 /var/www/api2-panel/vendor/laravel/framework/src/Illuminate/Routing/Route.php(205): Illuminate\\Routing\\Route->runController()
#16 /var/www/api2-panel/vendor/laravel/framework/src/Illuminate/Routing/Router.php(798): Illuminate\\Routing\\Route->run()
#17 /var/www/api2-panel/vendor/laravel/framework/src/Illuminate/Pipeline/Pipeline.php(141): Illuminate\\Routing\\Router->Illuminate\\Routing\\{closure}()
#18 /var/www/api2-panel/vendor/laravel/framework/src/Illuminate/Pipeline/Pipeline.php(116): Illuminate\\Pipeline\\Pipeline->Illuminate\\Pipeline\\{closure}()
#19 /var/www/api2-panel/vendor/laravel/framework/src/Illuminate/Routing/Router.php(799): Illuminate\\Pipeline\\Pipeline->then()
#20 /var/www/api2-panel/vendor/laravel/framework/src/Illuminate/Routing/Router.php(776): Illuminate\\Routing\\Router->runRouteWithinStack()
#21 /var/www/api2-panel/vendor/laravel/framework/src/Illuminate/Routing/Router.php(740): Illuminate\\Routing\\Router->runRoute()
#22 /var/www/api2-panel/vendor/laravel/framework/src/Illuminate/Routing/Router.php(729): Illuminate\\Routing\\Router->dispatchToRoute()
#23 /var/www/api2-panel/vendor/laravel/framework/src/Illuminate/Foundation/Http/Kernel.php(190): Illuminate\\Routing\\Router->dispatch()
#24 /var/www/api2-panel/vendor/laravel/framework/src/Illuminate/Pipeline/Pipeline.php(141): Illuminate\\Foundation\\Http\\Kernel->Illuminate\\Foundation\\Http\\{closure}()
#25 /var/www/api2-panel/vendor/sentry/sentry-laravel/src/Sentry/Laravel/Http/SetRequestIpMiddleware.php(45): Illuminate\\Pipeline\\Pipeline->Illuminate\\Pipeline\\{closure}()
#26 /var/www/api2-panel/vendor/laravel/framework/src/Illuminate/Pipeline/Pipeline.php(180): Sentry\\Laravel\\Http\\SetRequestIpMiddleware->handle()
#27 /var/www/api2-panel/vendor/sentry/sentry-laravel/src/Sentry/Laravel/Http/SetRequestMiddleware.php(30): Illuminate\\Pipeline\\Pipeline->Illuminate\\Pipeline\\{closure}()
#28 /var/www/api2-panel/vendor/laravel/framework/src/Illuminate/Pipeline/Pipeline.php(180): Sentry\\Laravel\\Http\\SetRequestMiddleware->handle()
#29 /var/www/api2-panel/vendor/laravel/framework/src/Illuminate/Foundation/Http/Middleware/TransformsRequest.php(21): Illuminate\\Pipeline\\Pipeline->Illuminate\\Pipeline\\{closure}()
#30 /var/www/api2-panel/vendor/laravel/framework/src/Illuminate/Foundation/Http/Middleware/ConvertEmptyStringsToNull.php(31): Illuminate\\Foundation\\Http\\Middleware\\TransformsRequest->handle()
#31 /var/www/api2-panel/vendor/laravel/framework/src/Illuminate/Pipeline/Pipeline.php(180): Illuminate\\Foundation\\Http\\Middleware\\ConvertEmptyStringsToNull->handle()
#32 /var/www/api2-panel/vendor/laravel/framework/src/Illuminate/Foundation/Http/Middleware/TransformsRequest.php(21): Illuminate\\Pipeline\\Pipeline->Illuminate\\Pipeline\\{closure}()
#33 /var/www/api2-panel/vendor/laravel/framework/src/Illuminate/Foundation/Http/Middleware/TrimStrings.php(40): Illuminate\\Foundation\\Http\\Middleware\\TransformsRequest->handle()
#34 /var/www/api2-panel/vendor/laravel/framework/src/Illuminate/Pipeline/Pipeline.php(180): Illuminate\\Foundation\\Http\\Middleware\\TrimStrings->handle()
#35 /var/www/api2-panel/vendor/laravel/framework/src/Illuminate/Foundation/Http/Middleware/ValidatePostSize.php(27): Illuminate\\Pipeline\\Pipeline->Illuminate\\Pipeline\\{closure}()
#36 /var/www/api2-panel/vendor/laravel/framework/src/Illuminate/Pipeline/Pipeline.php(180): Illuminate\\Foundation\\Http\\Middleware\\ValidatePostSize->handle()
#37 /var/www/api2-panel/vendor/laravel/framework/src/Illuminate/Foundation/Http/Middleware/PreventRequestsDuringMaintenance.php(86): Illuminate\\Pipeline\\Pipeline->Illuminate\\Pipeline\\{closure}()
#38 /var/www/api2-panel/vendor/laravel/framework/src/Illuminate/Pipeline/Pipeline.php(180): Illuminate\\Foundation\\Http\\Middleware\\PreventRequestsDuringMaintenance->handle()
#39 /var/www/api2-panel/vendor/laravel/framework/src/Illuminate/Http/Middleware/HandleCors.php(49): Illuminate\\Pipeline\\Pipeline->Illuminate\\Pipeline\\{closure}()
#40 /var/www/api2-panel/vendor/laravel/framework/src/Illuminate/Pipeline/Pipeline.php(180): Illuminate\\Http\\Middleware\\HandleCors->handle()
#41 /var/www/api2-panel/vendor/laravel/framework/src/Illuminate/Http/Middleware/TrustProxies.php(39): Illuminate\\Pipeline\\Pipeline->Illuminate\\Pipeline\\{closure}()
#42 /var/www/api2-panel/vendor/laravel/framework/src/Illuminate/Pipeline/Pipeline.php(180): Illuminate\\Http\\Middleware\\TrustProxies->handle()
#43 /var/www/api2-panel/vendor/sentry/sentry-laravel/src/Sentry/Laravel/Tracing/Middleware.php(77): Illuminate\\Pipeline\\Pipeline->Illuminate\\Pipeline\\{closure}()
#44 /var/www/api2-panel/vendor/laravel/framework/src/Illuminate/Pipeline/Pipeline.php(180): Sentry\\Laravel\\Tracing\\Middleware->handle()
#45 /var/www/api2-panel/vendor/laravel/framework/src/Illuminate/Pipeline/Pipeline.php(116): Illuminate\\Pipeline\\Pipeline->Illuminate\\Pipeline\\{closure}()
#46 /var/www/api2-panel/vendor/laravel/framework/src/Illuminate/Foundation/Http/Kernel.php(165): Illuminate\\Pipeline\\Pipeline->then()
#47 /var/www/api2-panel/vendor/laravel/framework/src/Illuminate/Foundation/Http/Kernel.php(134): Illuminate\\Foundation\\Http\\Kernel->sendRequestThroughRouter()
#48 /var/www/api2-panel/public/index.php(52): Illuminate\\Foundation\\Http\\Kernel->handle()
#49 {main}
"} 
[2026-01-02 12:07:51] production.INFO: array (
  'getUserPanels username' => NULL,
  'getUserPanels lang' => 'En',
)  
[2026-01-02 12:07:51] production.ERROR: Attempt to read property "id" on null {"exception":"[object] (ErrorException(code: 0): Attempt to read property \"id\" on null at /var/www/api2-panel/Modules/Bot/Http/Services/TelegramHandler.php:416)
[stacktrace]
#0 /var/www/api2-panel/vendor/laravel/framework/src/Illuminate/Foundation/Bootstrap/HandleExceptions.php(270): Illuminate\\Foundation\\Bootstrap\\HandleExceptions->handleError()
#1 /var/www/api2-panel/Modules/Bot/Http/Services/TelegramHandler.php(416): Illuminate\\Foundation\\Bootstrap\\HandleExceptions->Illuminate\\Foundation\\Bootstrap\\{closure}()
#2 /var/www/api2-panel/vendor/laravel/framework/src/Illuminate/Database/Eloquent/Builder.php(1312): Modules\\Bot\\Http\\Services\\TelegramHandler->Modules\\Bot\\Http\\Services\\{closure}()
#3 /var/www/api2-panel/vendor/laravel/framework/src/Illuminate/Database/Eloquent/Concerns/QueriesRelationships.php(61): Illuminate\\Database\\Eloquent\\Builder->callScope()
#4 /var/www/api2-panel/vendor/laravel/framework/src/Illuminate/Database/Eloquent/Concerns/QueriesRelationships.php(152): Illuminate\\Database\\Eloquent\\Builder->has()
#5 /var/www/api2-panel/Modules/Bot/Http/Services/TelegramHandler.php(417): Illuminate\\Database\\Eloquent\\Builder->whereHas()
#6 /var/www/api2-panel/Modules/Bot/Http/Services/TelegramHandler.php(190): Modules\\Bot\\Http\\Services\\TelegramHandler->getUserPanels()
#7 /var/www/api2-panel/vendor/defstudio/telegraph/src/Handlers/WebhookHandler.php(128): Modules\\Bot\\Http\\Services\\TelegramHandler->handleChatMessage()
#8 /var/www/api2-panel/vendor/defstudio/telegraph/src/Handlers/WebhookHandler.php(228): DefStudio\\Telegraph\\Handlers\\WebhookHandler->handleMessage()
#9 /var/www/api2-panel/vendor/defstudio/telegraph/src/Controllers/WebhookController.php(28): DefStudio\\Telegraph\\Handlers\\WebhookHandler->handle()
#10 /var/www/api2-panel/vendor/laravel/framework/src/Illuminate/Routing/ControllerDispatcher.php(46): DefStudio\\Telegraph\\Controllers\\WebhookController->handle()
#11 /var/www/api2-panel/vendor/sentry/sentry-laravel/src/Sentry/Laravel/Tracing/Routing/TracingControllerDispatcherTracing.php(21): Illuminate\\Routing\\ControllerDispatcher->dispatch()
#12 /var/www/api2-panel/vendor/sentry/sentry-laravel/src/Sentry/Laravel/Tracing/Routing/TracingRoutingDispatcher.php(31): Sentry\\Laravel\\Tracing\\Routing\\TracingControllerDispatcherTracing->Sentry\\Laravel\\Tracing\\Routing\\{closure}()
#13 /var/www/api2-panel/vendor/sentry/sentry-laravel/src/Sentry/Laravel/Tracing/Routing/TracingControllerDispatcherTracing.php(20): Sentry\\Laravel\\Tracing\\Routing\\TracingRoutingDispatcher->wrapRouteDispatch()
#14 /var/www/api2-panel/vendor/laravel/framework/src/Illuminate/Routing/Route.php(260): Sentry\\Laravel\\Tracing\\Routing\\TracingControllerDispatcherTracing->dispatch()
#15 /var/www/api2-panel/vendor/laravel/framework/src/Illuminate/Routing/Route.php(205): Illuminate\\Routing\\Route->runController()
#16 /var/www/api2-panel/vendor/laravel/framework/src/Illuminate/Routing/Router.php(798): Illuminate\\Routing\\Route->run()
#17 /var/www/api2-panel/vendor/laravel/framework/src/Illuminate/Pipeline/Pipeline.php(141): Illuminate\\Routing\\Router->Illuminate\\Routing\\{closure}()
#18 /var/www/api2-panel/vendor/laravel/framework/src/Illuminate/Pipeline/Pipeline.php(116): Illuminate\\Pipeline\\Pipeline->Illuminate\\Pipeline\\{closure}()
#19 /var/www/api2-panel/vendor/laravel/framework/src/Illuminate/Routing/Router.php(799): Illuminate\\Pipeline\\Pipeline->then()
#20 /var/www/api2-panel/vendor/laravel/framework/src/Illuminate/Routing/Router.php(776): Illuminate\\Routing\\Router->runRouteWithinStack()
#21 /var/www/api2-panel/vendor/laravel/framework/src/Illuminate/Routing/Router.php(740): Illuminate\\Routing\\Router->runRoute()
#22 /var/www/api2-panel/vendor/laravel/framework/src/Illuminate/Routing/Router.php(729): Illuminate\\Routing\\Router->dispatchToRoute()
#23 /var/www/api2-panel/vendor/laravel/framework/src/Illuminate/Foundation/Http/Kernel.php(190): Illuminate\\Routing\\Router->dispatch()
#24 /var/www/api2-panel/vendor/laravel/framework/src/Illuminate/Pipeline/Pipeline.php(141): Illuminate\\Foundation\\Http\\Kernel->Illuminate\\Foundation\\Http\\{closure}()
#25 /var/www/api2-panel/vendor/sentry/sentry-laravel/src/Sentry/Laravel/Http/SetRequestIpMiddleware.php(45): Illuminate\\Pipeline\\Pipeline->Illuminate\\Pipeline\\{closure}()
#26 /var/www/api2-panel/vendor/laravel/framework/src/Illuminate/Pipeline/Pipeline.php(180): Sentry\\Laravel\\Http\\SetRequestIpMiddleware->handle()
#27 /var/www/api2-panel/vendor/sentry/sentry-laravel/src/Sentry/Laravel/Http/SetRequestMiddleware.php(30): Illuminate\\Pipeline\\Pipeline->Illuminate\\Pipeline\\{closure}()
#28 /var/www/api2-panel/vendor/laravel/framework/src/Illuminate/Pipeline/Pipeline.php(180): Sentry\\Laravel\\Http\\SetRequestMiddleware->handle()
#29 /var/www/api2-panel/vendor/laravel/framework/src/Illuminate/Foundation/Http/Middleware/TransformsRequest.php(21): Illuminate\\Pipeline\\Pipeline->Illuminate\\Pipeline\\{closure}()
#30 /var/www/api2-panel/vendor/laravel/framework/src/Illuminate/Foundation/Http/Middleware/ConvertEmptyStringsToNull.php(31): Illuminate\\Foundation\\Http\\Middleware\\TransformsRequest->handle()
#31 /var/www/api2-panel/vendor/laravel/framework/src/Illuminate/Pipeline/Pipeline.php(180): Illuminate\\Foundation\\Http\\Middleware\\ConvertEmptyStringsToNull->handle()
#32 /var/www/api2-panel/vendor/laravel/framework/src/Illuminate/Foundation/Http/Middleware/TransformsRequest.php(21): Illuminate\\Pipeline\\Pipeline->Illuminate\\Pipeline\\{closure}()
#33 /var/www/api2-panel/vendor/laravel/framework/src/Illuminate/Foundation/Http/Middleware/TrimStrings.php(40): Illuminate\\Foundation\\Http\\Middleware\\TransformsRequest->handle()
#34 /var/www/api2-panel/vendor/laravel/framework/src/Illuminate/Pipeline/Pipeline.php(180): Illuminate\\Foundation\\Http\\Middleware\\TrimStrings->handle()
#35 /var/www/api2-panel/vendor/laravel/framework/src/Illuminate/Foundation/Http/Middleware/ValidatePostSize.php(27): Illuminate\\Pipeline\\Pipeline->Illuminate\\Pipeline\\{closure}()
#36 /var/www/api2-panel/vendor/laravel/framework/src/Illuminate/Pipeline/Pipeline.php(180): Illuminate\\Foundation\\Http\\Middleware\\ValidatePostSize->handle()
#37 /var/www/api2-panel/vendor/laravel/framework/src/Illuminate/Foundation/Http/Middleware/PreventRequestsDuringMaintenance.php(86): Illuminate\\Pipeline\\Pipeline->Illuminate\\Pipeline\\{closure}()
#38 /var/www/api2-panel/vendor/laravel/framework/src/Illuminate/Pipeline/Pipeline.php(180): Illuminate\\Foundation\\Http\\Middleware\\PreventRequestsDuringMaintenance->handle()
#39 /var/www/api2-panel/vendor/laravel/framework/src/Illuminate/Http/Middleware/HandleCors.php(49): Illuminate\\Pipeline\\Pipeline->Illuminate\\Pipeline\\{closure}()
#40 /var/www/api2-panel/vendor/laravel/framework/src/Illuminate/Pipeline/Pipeline.php(180): Illuminate\\Http\\Middleware\\HandleCors->handle()
#41 /var/www/api2-panel/vendor/laravel/framework/src/Illuminate/Http/Middleware/TrustProxies.php(39): Illuminate\\Pipeline\\Pipeline->Illuminate\\Pipeline\\{closure}()
#42 /var/www/api2-panel/vendor/laravel/framework/src/Illuminate/Pipeline/Pipeline.php(180): Illuminate\\Http\\Middleware\\TrustProxies->handle()
#43 /var/www/api2-panel/vendor/sentry/sentry-laravel/src/Sentry/Laravel/Tracing/Middleware.php(77): Illuminate\\Pipeline\\Pipeline->Illuminate\\Pipeline\\{closure}()
#44 /var/www/api2-panel/vendor/laravel/framework/src/Illuminate/Pipeline/Pipeline.php(180): Sentry\\Laravel\\Tracing\\Middleware->handle()
#45 /var/www/api2-panel/vendor/laravel/framework/src/Illuminate/Pipeline/Pipeline.php(116): Illuminate\\Pipeline\\Pipeline->Illuminate\\Pipeline\\{closure}()
#46 /var/www/api2-panel/vendor/laravel/framework/src/Illuminate/Foundation/Http/Kernel.php(165): Illuminate\\Pipeline\\Pipeline->then()
#47 /var/www/api2-panel/vendor/laravel/framework/src/Illuminate/Foundation/Http/Kernel.php(134): Illuminate\\Foundation\\Http\\Kernel->sendRequestThroughRouter()
#48 /var/www/api2-panel/public/index.php(52): Illuminate\\Foundation\\Http\\Kernel->handle()
#49 {main}
"} 
[2026-01-02 12:09:48] production.INFO: array (
  'getUserPanels username' => NULL,
  'getUserPanels lang' => 'En',
)  
[2026-01-02 12:09:48] production.ERROR: Attempt to read property "id" on null {"exception":"[object] (ErrorException(code: 0): Attempt to read property \"id\" on null at /var/www/api2-panel/Modules/Bot/Http/Services/TelegramHandler.php:416)
[stacktrace]
#0 /var/www/api2-panel/vendor/laravel/framework/src/Illuminate/Foundation/Bootstrap/HandleExceptions.php(270): Illuminate\\Foundation\\Bootstrap\\HandleExceptions->handleError()
#1 /var/www/api2-panel/Modules/Bot/Http/Services/TelegramHandler.php(416): Illuminate\\Foundation\\Bootstrap\\HandleExceptions->Illuminate\\Foundation\\Bootstrap\\{closure}()
#2 /var/www/api2-panel/vendor/laravel/framework/src/Illuminate/Database/Eloquent/Builder.php(1312): Modules\\Bot\\Http\\Services\\TelegramHandler->Modules\\Bot\\Http\\Services\\{closure}()
#3 /var/www/api2-panel/vendor/laravel/framework/src/Illuminate/Database/Eloquent/Concerns/QueriesRelationships.php(61): Illuminate\\Database\\Eloquent\\Builder->callScope()
#4 /var/www/api2-panel/vendor/laravel/framework/src/Illuminate/Database/Eloquent/Concerns/QueriesRelationships.php(152): Illuminate\\Database\\Eloquent\\Builder->has()
#5 /var/www/api2-panel/Modules/Bot/Http/Services/TelegramHandler.php(417): Illuminate\\Database\\Eloquent\\Builder->whereHas()
#6 /var/www/api2-panel/Modules/Bot/Http/Services/TelegramHandler.php(190): Modules\\Bot\\Http\\Services\\TelegramHandler->getUserPanels()
#7 /var/www/api2-panel/vendor/defstudio/telegraph/src/Handlers/WebhookHandler.php(128): Modules\\Bot\\Http\\Services\\TelegramHandler->handleChatMessage()
#8 /var/www/api2-panel/vendor/defstudio/telegraph/src/Handlers/WebhookHandler.php(228): DefStudio\\Telegraph\\Handlers\\WebhookHandler->handleMessage()
#9 /var/www/api2-panel/vendor/defstudio/telegraph/src/Controllers/WebhookController.php(28): DefStudio\\Telegraph\\Handlers\\WebhookHandler->handle()
#10 /var/www/api2-panel/vendor/laravel/framework/src/Illuminate/Routing/ControllerDispatcher.php(46): DefStudio\\Telegraph\\Controllers\\WebhookController->handle()
#11 /var/www/api2-panel/vendor/sentry/sentry-laravel/src/Sentry/Laravel/Tracing/Routing/TracingControllerDispatcherTracing.php(21): Illuminate\\Routing\\ControllerDispatcher->dispatch()
#12 /var/www/api2-panel/vendor/sentry/sentry-laravel/src/Sentry/Laravel/Tracing/Routing/TracingRoutingDispatcher.php(31): Sentry\\Laravel\\Tracing\\Routing\\TracingControllerDispatcherTracing->Sentry\\Laravel\\Tracing\\Routing\\{closure}()
#13 /var/www/api2-panel/vendor/sentry/sentry-laravel/src/Sentry/Laravel/Tracing/Routing/TracingControllerDispatcherTracing.php(20): Sentry\\Laravel\\Tracing\\Routing\\TracingRoutingDispatcher->wrapRouteDispatch()
#14 /var/www/api2-panel/vendor/laravel/framework/src/Illuminate/Routing/Route.php(260): Sentry\\Laravel\\Tracing\\Routing\\TracingControllerDispatcherTracing->dispatch()
#15 /var/www/api2-panel/vendor/laravel/framework/src/Illuminate/Routing/Route.php(205): Illuminate\\Routing\\Route->runController()
#16 /var/www/api2-panel/vendor/laravel/framework/src/Illuminate/Routing/Router.php(798): Illuminate\\Routing\\Route->run()
#17 /var/www/api2-panel/vendor/laravel/framework/src/Illuminate/Pipeline/Pipeline.php(141): Illuminate\\Routing\\Router->Illuminate\\Routing\\{closure}()
#18 /var/www/api2-panel/vendor/laravel/framework/src/Illuminate/Pipeline/Pipeline.php(116): Illuminate\\Pipeline\\Pipeline->Illuminate\\Pipeline\\{closure}()
#19 /var/www/api2-panel/vendor/laravel/framework/src/Illuminate/Routing/Router.php(799): Illuminate\\Pipeline\\Pipeline->then()
#20 /var/www/api2-panel/vendor/laravel/framework/src/Illuminate/Routing/Router.php(776): Illuminate\\Routing\\Router->runRouteWithinStack()
#21 /var/www/api2-panel/vendor/laravel/framework/src/Illuminate/Routing/Router.php(740): Illuminate\\Routing\\Router->runRoute()
#22 /var/www/api2-panel/vendor/laravel/framework/src/Illuminate/Routing/Router.php(729): Illuminate\\Routing\\Router->dispatchToRoute()
#23 /var/www/api2-panel/vendor/laravel/framework/src/Illuminate/Foundation/Http/Kernel.php(190): Illuminate\\Routing\\Router->dispatch()
#24 /var/www/api2-panel/vendor/laravel/framework/src/Illuminate/Pipeline/Pipeline.php(141): Illuminate\\Foundation\\Http\\Kernel->Illuminate\\Foundation\\Http\\{closure}()
#25 /var/www/api2-panel/vendor/sentry/sentry-laravel/src/Sentry/Laravel/Http/SetRequestIpMiddleware.php(45): Illuminate\\Pipeline\\Pipeline->Illuminate\\Pipeline\\{closure}()
#26 /var/www/api2-panel/vendor/laravel/framework/src/Illuminate/Pipeline/Pipeline.php(180): Sentry\\Laravel\\Http\\SetRequestIpMiddleware->handle()
#27 /var/www/api2-panel/vendor/sentry/sentry-laravel/src/Sentry/Laravel/Http/SetRequestMiddleware.php(30): Illuminate\\Pipeline\\Pipeline->Illuminate\\Pipeline\\{closure}()
#28 /var/www/api2-panel/vendor/laravel/framework/src/Illuminate/Pipeline/Pipeline.php(180): Sentry\\Laravel\\Http\\SetRequestMiddleware->handle()
#29 /var/www/api2-panel/vendor/laravel/framework/src/Illuminate/Foundation/Http/Middleware/TransformsRequest.php(21): Illuminate\\Pipeline\\Pipeline->Illuminate\\Pipeline\\{closure}()
#30 /var/www/api2-panel/vendor/laravel/framework/src/Illuminate/Foundation/Http/Middleware/ConvertEmptyStringsToNull.php(31): Illuminate\\Foundation\\Http\\Middleware\\TransformsRequest->handle()
#31 /var/www/api2-panel/vendor/laravel/framework/src/Illuminate/Pipeline/Pipeline.php(180): Illuminate\\Foundation\\Http\\Middleware\\ConvertEmptyStringsToNull->handle()
#32 /var/www/api2-panel/vendor/laravel/framework/src/Illuminate/Foundation/Http/Middleware/TransformsRequest.php(21): Illuminate\\Pipeline\\Pipeline->Illuminate\\Pipeline\\{closure}()
#33 /var/www/api2-panel/vendor/laravel/framework/src/Illuminate/Foundation/Http/Middleware/TrimStrings.php(40): Illuminate\\Foundation\\Http\\Middleware\\TransformsRequest->handle()
#34 /var/www/api2-panel/vendor/laravel/framework/src/Illuminate/Pipeline/Pipeline.php(180): Illuminate\\Foundation\\Http\\Middleware\\TrimStrings->handle()
#35 /var/www/api2-panel/vendor/laravel/framework/src/Illuminate/Foundation/Http/Middleware/ValidatePostSize.php(27): Illuminate\\Pipeline\\Pipeline->Illuminate\\Pipeline\\{closure}()
#36 /var/www/api2-panel/vendor/laravel/framework/src/Illuminate/Pipeline/Pipeline.php(180): Illuminate\\Foundation\\Http\\Middleware\\ValidatePostSize->handle()
#37 /var/www/api2-panel/vendor/laravel/framework/src/Illuminate/Foundation/Http/Middleware/PreventRequestsDuringMaintenance.php(86): Illuminate\\Pipeline\\Pipeline->Illuminate\\Pipeline\\{closure}()
#38 /var/www/api2-panel/vendor/laravel/framework/src/Illuminate/Pipeline/Pipeline.php(180): Illuminate\\Foundation\\Http\\Middleware\\PreventRequestsDuringMaintenance->handle()
#39 /var/www/api2-panel/vendor/laravel/framework/src/Illuminate/Http/Middleware/HandleCors.php(49): Illuminate\\Pipeline\\Pipeline->Illuminate\\Pipeline\\{closure}()
#40 /var/www/api2-panel/vendor/laravel/framework/src/Illuminate/Pipeline/Pipeline.php(180): Illuminate\\Http\\Middleware\\HandleCors->handle()
#41 /var/www/api2-panel/vendor/laravel/framework/src/Illuminate/Http/Middleware/TrustProxies.php(39): Illuminate\\Pipeline\\Pipeline->Illuminate\\Pipeline\\{closure}()
#42 /var/www/api2-panel/vendor/laravel/framework/src/Illuminate/Pipeline/Pipeline.php(180): Illuminate\\Http\\Middleware\\TrustProxies->handle()
#43 /var/www/api2-panel/vendor/sentry/sentry-laravel/src/Sentry/Laravel/Tracing/Middleware.php(77): Illuminate\\Pipeline\\Pipeline->Illuminate\\Pipeline\\{closure}()
#44 /var/www/api2-panel/vendor/laravel/framework/src/Illuminate/Pipeline/Pipeline.php(180): Sentry\\Laravel\\Tracing\\Middleware->handle()
#45 /var/www/api2-panel/vendor/laravel/framework/src/Illuminate/Pipeline/Pipeline.php(116): Illuminate\\Pipeline\\Pipeline->Illuminate\\Pipeline\\{closure}()
#46 /var/www/api2-panel/vendor/laravel/framework/src/Illuminate/Foundation/Http/Kernel.php(165): Illuminate\\Pipeline\\Pipeline->then()
#47 /var/www/api2-panel/vendor/laravel/framework/src/Illuminate/Foundation/Http/Kernel.php(134): Illuminate\\Foundation\\Http\\Kernel->sendRequestThroughRouter()
#48 /var/www/api2-panel/public/index.php(52): Illuminate\\Foundation\\Http\\Kernel->handle()
#49 {main}
"} 
[2026-01-02 12:11:06] production.INFO: array (
  'getUserPanels username' => NULL,
  'getUserPanels lang' => 'En',
)  
[2026-01-02 12:11:06] production.ERROR: Attempt to read property "id" on null {"exception":"[object] (ErrorException(code: 0): Attempt to read property \"id\" on null at /var/www/api2-panel/Modules/Bot/Http/Services/TelegramHandler.php:416)
[stacktrace]
#0 /var/www/api2-panel/vendor/laravel/framework/src/Illuminate/Foundation/Bootstrap/HandleExceptions.php(270): Illuminate\\Foundation\\Bootstrap\\HandleExceptions->handleError()
#1 /var/www/api2-panel/Modules/Bot/Http/Services/TelegramHandler.php(416): Illuminate\\Foundation\\Bootstrap\\HandleExceptions->Illuminate\\Foundation\\Bootstrap\\{closure}()
#2 /var/www/api2-panel/vendor/laravel/framework/src/Illuminate/Database/Eloquent/Builder.php(1312): Modules\\Bot\\Http\\Services\\TelegramHandler->Modules\\Bot\\Http\\Services\\{closure}()
#3 /var/www/api2-panel/vendor/laravel/framework/src/Illuminate/Database/Eloquent/Concerns/QueriesRelationships.php(61): Illuminate\\Database\\Eloquent\\Builder->callScope()
#4 /var/www/api2-panel/vendor/laravel/framework/src/Illuminate/Database/Eloquent/Concerns/QueriesRelationships.php(152): Illuminate\\Database\\Eloquent\\Builder->has()
#5 /var/www/api2-panel/Modules/Bot/Http/Services/TelegramHandler.php(417): Illuminate\\Database\\Eloquent\\Builder->whereHas()
#6 /var/www/api2-panel/Modules/Bot/Http/Services/TelegramHandler.php(190): Modules\\Bot\\Http\\Services\\TelegramHandler->getUserPanels()
#7 /var/www/api2-panel/vendor/defstudio/telegraph/src/Handlers/WebhookHandler.php(128): Modules\\Bot\\Http\\Services\\TelegramHandler->handleChatMessage()
#8 /var/www/api2-panel/vendor/defstudio/telegraph/src/Handlers/WebhookHandler.php(228): DefStudio\\Telegraph\\Handlers\\WebhookHandler->handleMessage()
#9 /var/www/api2-panel/vendor/defstudio/telegraph/src/Controllers/WebhookController.php(28): DefStudio\\Telegraph\\Handlers\\WebhookHandler->handle()
#10 /var/www/api2-panel/vendor/laravel/framework/src/Illuminate/Routing/ControllerDispatcher.php(46): DefStudio\\Telegraph\\Controllers\\WebhookController->handle()
#11 /var/www/api2-panel/vendor/sentry/sentry-laravel/src/Sentry/Laravel/Tracing/Routing/TracingControllerDispatcherTracing.php(21): Illuminate\\Routing\\ControllerDispatcher->dispatch()
#12 /var/www/api2-panel/vendor/sentry/sentry-laravel/src/Sentry/Laravel/Tracing/Routing/TracingRoutingDispatcher.php(31): Sentry\\Laravel\\Tracing\\Routing\\TracingControllerDispatcherTracing->Sentry\\Laravel\\Tracing\\Routing\\{closure}()
#13 /var/www/api2-panel/vendor/sentry/sentry-laravel/src/Sentry/Laravel/Tracing/Routing/TracingControllerDispatcherTracing.php(20): Sentry\\Laravel\\Tracing\\Routing\\TracingRoutingDispatcher->wrapRouteDispatch()
#14 /var/www/api2-panel/vendor/laravel/framework/src/Illuminate/Routing/Route.php(260): Sentry\\Laravel\\Tracing\\Routing\\TracingControllerDispatcherTracing->dispatch()
#15 /var/www/api2-panel/vendor/laravel/framework/src/Illuminate/Routing/Route.php(205): Illuminate\\Routing\\Route->runController()
#16 /var/www/api2-panel/vendor/laravel/framework/src/Illuminate/Routing/Router.php(798): Illuminate\\Routing\\Route->run()
#17 /var/www/api2-panel/vendor/laravel/framework/src/Illuminate/Pipeline/Pipeline.php(141): Illuminate\\Routing\\Router->Illuminate\\Routing\\{closure}()
#18 /var/www/api2-panel/vendor/laravel/framework/src/Illuminate/Pipeline/Pipeline.php(116): Illuminate\\Pipeline\\Pipeline->Illuminate\\Pipeline\\{closure}()
#19 /var/www/api2-panel/vendor/laravel/framework/src/Illuminate/Routing/Router.php(799): Illuminate\\Pipeline\\Pipeline->then()
#20 /var/www/api2-panel/vendor/laravel/framework/src/Illuminate/Routing/Router.php(776): Illuminate\\Routing\\Router->runRouteWithinStack()
#21 /var/www/api2-panel/vendor/laravel/framework/src/Illuminate/Routing/Router.php(740): Illuminate\\Routing\\Router->runRoute()
#22 /var/www/api2-panel/vendor/laravel/framework/src/Illuminate/Routing/Router.php(729): Illuminate\\Routing\\Router->dispatchToRoute()
#23 /var/www/api2-panel/vendor/laravel/framework/src/Illuminate/Foundation/Http/Kernel.php(190): Illuminate\\Routing\\Router->dispatch()
#24 /var/www/api2-panel/vendor/laravel/framework/src/Illuminate/Pipeline/Pipeline.php(141): Illuminate\\Foundation\\Http\\Kernel->Illuminate\\Foundation\\Http\\{closure}()
#25 /var/www/api2-panel/vendor/sentry/sentry-laravel/src/Sentry/Laravel/Http/SetRequestIpMiddleware.php(45): Illuminate\\Pipeline\\Pipeline->Illuminate\\Pipeline\\{closure}()
#26 /var/www/api2-panel/vendor/laravel/framework/src/Illuminate/Pipeline/Pipeline.php(180): Sentry\\Laravel\\Http\\SetRequestIpMiddleware->handle()
#27 /var/www/api2-panel/vendor/sentry/sentry-laravel/src/Sentry/Laravel/Http/SetRequestMiddleware.php(30): Illuminate\\Pipeline\\Pipeline->Illuminate\\Pipeline\\{closure}()
#28 /var/www/api2-panel/vendor/laravel/framework/src/Illuminate/Pipeline/Pipeline.php(180): Sentry\\Laravel\\Http\\SetRequestMiddleware->handle()
#29 /var/www/api2-panel/vendor/laravel/framework/src/Illuminate/Foundation/Http/Middleware/TransformsRequest.php(21): Illuminate\\Pipeline\\Pipeline->Illuminate\\Pipeline\\{closure}()
#30 /var/www/api2-panel/vendor/laravel/framework/src/Illuminate/Foundation/Http/Middleware/ConvertEmptyStringsToNull.php(31): Illuminate\\Foundation\\Http\\Middleware\\TransformsRequest->handle()
#31 /var/www/api2-panel/vendor/laravel/framework/src/Illuminate/Pipeline/Pipeline.php(180): Illuminate\\Foundation\\Http\\Middleware\\ConvertEmptyStringsToNull->handle()
#32 /var/www/api2-panel/vendor/laravel/framework/src/Illuminate/Foundation/Http/Middleware/TransformsRequest.php(21): Illuminate\\Pipeline\\Pipeline->Illuminate\\Pipeline\\{closure}()
#33 /var/www/api2-panel/vendor/laravel/framework/src/Illuminate/Foundation/Http/Middleware/TrimStrings.php(40): Illuminate\\Foundation\\Http\\Middleware\\TransformsRequest->handle()
#34 /var/www/api2-panel/vendor/laravel/framework/src/Illuminate/Pipeline/Pipeline.php(180): Illuminate\\Foundation\\Http\\Middleware\\TrimStrings->handle()
#35 /var/www/api2-panel/vendor/laravel/framework/src/Illuminate/Foundation/Http/Middleware/ValidatePostSize.php(27): Illuminate\\Pipeline\\Pipeline->Illuminate\\Pipeline\\{closure}()
#36 /var/www/api2-panel/vendor/laravel/framework/src/Illuminate/Pipeline/Pipeline.php(180): Illuminate\\Foundation\\Http\\Middleware\\ValidatePostSize->handle()
#37 /var/www/api2-panel/vendor/laravel/framework/src/Illuminate/Foundation/Http/Middleware/PreventRequestsDuringMaintenance.php(86): Illuminate\\Pipeline\\Pipeline->Illuminate\\Pipeline\\{closure}()
#38 /var/www/api2-panel/vendor/laravel/framework/src/Illuminate/Pipeline/Pipeline.php(180): Illuminate\\Foundation\\Http\\Middleware\\PreventRequestsDuringMaintenance->handle()
#39 /var/www/api2-panel/vendor/laravel/framework/src/Illuminate/Http/Middleware/HandleCors.php(49): Illuminate\\Pipeline\\Pipeline->Illuminate\\Pipeline\\{closure}()
#40 /var/www/api2-panel/vendor/laravel/framework/src/Illuminate/Pipeline/Pipeline.php(180): Illuminate\\Http\\Middleware\\HandleCors->handle()
#41 /var/www/api2-panel/vendor/laravel/framework/src/Illuminate/Http/Middleware/TrustProxies.php(39): Illuminate\\Pipeline\\Pipeline->Illuminate\\Pipeline\\{closure}()
#42 /var/www/api2-panel/vendor/laravel/framework/src/Illuminate/Pipeline/Pipeline.php(180): Illuminate\\Http\\Middleware\\TrustProxies->handle()
#43 /var/www/api2-panel/vendor/sentry/sentry-laravel/src/Sentry/Laravel/Tracing/Middleware.php(77): Illuminate\\Pipeline\\Pipeline->Illuminate\\Pipeline\\{closure}()
#44 /var/www/api2-panel/vendor/laravel/framework/src/Illuminate/Pipeline/Pipeline.php(180): Sentry\\Laravel\\Tracing\\Middleware->handle()
#45 /var/www/api2-panel/vendor/laravel/framework/src/Illuminate/Pipeline/Pipeline.php(116): Illuminate\\Pipeline\\Pipeline->Illuminate\\Pipeline\\{closure}()
#46 /var/www/api2-panel/vendor/laravel/framework/src/Illuminate/Foundation/Http/Kernel.php(165): Illuminate\\Pipeline\\Pipeline->then()
#47 /var/www/api2-panel/vendor/laravel/framework/src/Illuminate/Foundation/Http/Kernel.php(134): Illuminate\\Foundation\\Http\\Kernel->sendRequestThroughRouter()
#48 /var/www/api2-panel/public/index.php(52): Illuminate\\Foundation\\Http\\Kernel->handle()
#49 {main}
"} 
[2026-01-02 12:12:15] production.ERROR: Call to undefined method Modules\Admob\Http\Services\AdmobStatisticService::exists() {"exception":"[object] (Error(code: 0): Call to undefined method Modules\\Admob\\Http\\Services\\AdmobStatisticService::exists() at /var/www/api2-panel/vendor/laravel/framework/src/Illuminate/Support/Facades/Facade.php:338)
[stacktrace]
#0 /var/www/api2-panel/Modules/Admob/Console/AdmobStatisticCommand.php(103): Illuminate\\Support\\Facades\\Facade::__callStatic()
#1 /var/www/api2-panel/vendor/laravel/framework/src/Illuminate/Container/BoundMethod.php(36): Modules\\Admob\\Console\\AdmobStatisticCommand->handle()
#2 /var/www/api2-panel/vendor/laravel/framework/src/Illuminate/Container/Util.php(41): Illuminate\\Container\\BoundMethod::Illuminate\\Container\\{closure}()
#3 /var/www/api2-panel/vendor/laravel/framework/src/Illuminate/Container/BoundMethod.php(93): Illuminate\\Container\\Util::unwrapIfClosure()
#4 /var/www/api2-panel/vendor/laravel/framework/src/Illuminate/Container/BoundMethod.php(37): Illuminate\\Container\\BoundMethod::callBoundMethod()
#5 /var/www/api2-panel/vendor/laravel/framework/src/Illuminate/Container/Container.php(661): Illuminate\\Container\\BoundMethod::call()
#6 /var/www/api2-panel/vendor/laravel/framework/src/Illuminate/Console/Command.php(183): Illuminate\\Container\\Container->call()
#7 /var/www/api2-panel/vendor/symfony/console/Command/Command.php(326): Illuminate\\Console\\Command->execute()
#8 /var/www/api2-panel/vendor/laravel/framework/src/Illuminate/Console/Command.php(153): Symfony\\Component\\Console\\Command\\Command->run()
#9 /var/www/api2-panel/vendor/symfony/console/Application.php(1063): Illuminate\\Console\\Command->run()
#10 /var/www/api2-panel/vendor/symfony/console/Application.php(320): Symfony\\Component\\Console\\Application->doRunCommand()
#11 /var/www/api2-panel/vendor/symfony/console/Application.php(174): Symfony\\Component\\Console\\Application->doRun()
#12 /var/www/api2-panel/vendor/laravel/framework/src/Illuminate/Console/Application.php(102): Symfony\\Component\\Console\\Application->run()
#13 /var/www/api2-panel/vendor/laravel/framework/src/Illuminate/Foundation/Console/Kernel.php(155): Illuminate\\Console\\Application->run()
#14 /var/www/api2-panel/artisan(37): Illuminate\\Foundation\\Console\\Kernel->handle()
#15 {main}
"} 
[2026-01-02 12:13:05] production.INFO: array (
  'getUserPanels username' => NULL,
  'getUserPanels lang' => 'En',
)  
[2026-01-02 12:13:05] production.ERROR: Attempt to read property "id" on null {"exception":"[object] (ErrorException(code: 0): Attempt to read property \"id\" on null at /var/www/api2-panel/Modules/Bot/Http/Services/TelegramHandler.php:416)
[stacktrace]
#0 /var/www/api2-panel/vendor/laravel/framework/src/Illuminate/Foundation/Bootstrap/HandleExceptions.php(270): Illuminate\\Foundation\\Bootstrap\\HandleExceptions->handleError()
#1 /var/www/api2-panel/Modules/Bot/Http/Services/TelegramHandler.php(416): Illuminate\\Foundation\\Bootstrap\\HandleExceptions->Illuminate\\Foundation\\Bootstrap\\{closure}()
#2 /var/www/api2-panel/vendor/laravel/framework/src/Illuminate/Database/Eloquent/Builder.php(1312): Modules\\Bot\\Http\\Services\\TelegramHandler->Modules\\Bot\\Http\\Services\\{closure}()
#3 /var/www/api2-panel/vendor/laravel/framework/src/Illuminate/Database/Eloquent/Concerns/QueriesRelationships.php(61): Illuminate\\Database\\Eloquent\\Builder->callScope()
#4 /var/www/api2-panel/vendor/laravel/framework/src/Illuminate/Database/Eloquent/Concerns/QueriesRelationships.php(152): Illuminate\\Database\\Eloquent\\Builder->has()
#5 /var/www/api2-panel/Modules/Bot/Http/Services/TelegramHandler.php(417): Illuminate\\Database\\Eloquent\\Builder->whereHas()
#6 /var/www/api2-panel/Modules/Bot/Http/Services/TelegramHandler.php(190): Modules\\Bot\\Http\\Services\\TelegramHandler->getUserPanels()
#7 /var/www/api2-panel/vendor/defstudio/telegraph/src/Handlers/WebhookHandler.php(128): Modules\\Bot\\Http\\Services\\TelegramHandler->handleChatMessage()
#8 /var/www/api2-panel/vendor/defstudio/telegraph/src/Handlers/WebhookHandler.php(228): DefStudio\\Telegraph\\Handlers\\WebhookHandler->handleMessage()
#9 /var/www/api2-panel/vendor/defstudio/telegraph/src/Controllers/WebhookController.php(28): DefStudio\\Telegraph\\Handlers\\WebhookHandler->handle()
#10 /var/www/api2-panel/vendor/laravel/framework/src/Illuminate/Routing/ControllerDispatcher.php(46): DefStudio\\Telegraph\\Controllers\\WebhookController->handle()
#11 /var/www/api2-panel/vendor/sentry/sentry-laravel/src/Sentry/Laravel/Tracing/Routing/TracingControllerDispatcherTracing.php(21): Illuminate\\Routing\\ControllerDispatcher->dispatch()
#12 /var/www/api2-panel/vendor/sentry/sentry-laravel/src/Sentry/Laravel/Tracing/Routing/TracingRoutingDispatcher.php(31): Sentry\\Laravel\\Tracing\\Routing\\TracingControllerDispatcherTracing->Sentry\\Laravel\\Tracing\\Routing\\{closure}()
#13 /var/www/api2-panel/vendor/sentry/sentry-laravel/src/Sentry/Laravel/Tracing/Routing/TracingControllerDispatcherTracing.php(20): Sentry\\Laravel\\Tracing\\Routing\\TracingRoutingDispatcher->wrapRouteDispatch()
#14 /var/www/api2-panel/vendor/laravel/framework/src/Illuminate/Routing/Route.php(260): Sentry\\Laravel\\Tracing\\Routing\\TracingControllerDispatcherTracing->dispatch()
#15 /var/www/api2-panel/vendor/laravel/framework/src/Illuminate/Routing/Route.php(205): Illuminate\\Routing\\Route->runController()
#16 /var/www/api2-panel/vendor/laravel/framework/src/Illuminate/Routing/Router.php(798): Illuminate\\Routing\\Route->run()
#17 /var/www/api2-panel/vendor/laravel/framework/src/Illuminate/Pipeline/Pipeline.php(141): Illuminate\\Routing\\Router->Illuminate\\Routing\\{closure}()
#18 /var/www/api2-panel/vendor/laravel/framework/src/Illuminate/Pipeline/Pipeline.php(116): Illuminate\\Pipeline\\Pipeline->Illuminate\\Pipeline\\{closure}()
#19 /var/www/api2-panel/vendor/laravel/framework/src/Illuminate/Routing/Router.php(799): Illuminate\\Pipeline\\Pipeline->then()
#20 /var/www/api2-panel/vendor/laravel/framework/src/Illuminate/Routing/Router.php(776): Illuminate\\Routing\\Router->runRouteWithinStack()
#21 /var/www/api2-panel/vendor/laravel/framework/src/Illuminate/Routing/Router.php(740): Illuminate\\Routing\\Router->runRoute()
#22 /var/www/api2-panel/vendor/laravel/framework/src/Illuminate/Routing/Router.php(729): Illuminate\\Routing\\Router->dispatchToRoute()
#23 /var/www/api2-panel/vendor/laravel/framework/src/Illuminate/Foundation/Http/Kernel.php(190): Illuminate\\Routing\\Router->dispatch()
#24 /var/www/api2-panel/vendor/laravel/framework/src/Illuminate/Pipeline/Pipeline.php(141): Illuminate\\Foundation\\Http\\Kernel->Illuminate\\Foundation\\Http\\{closure}()
#25 /var/www/api2-panel/vendor/sentry/sentry-laravel/src/Sentry/Laravel/Http/SetRequestIpMiddleware.php(45): Illuminate\\Pipeline\\Pipeline->Illuminate\\Pipeline\\{closure}()
#26 /var/www/api2-panel/vendor/laravel/framework/src/Illuminate/Pipeline/Pipeline.php(180): Sentry\\Laravel\\Http\\SetRequestIpMiddleware->handle()
#27 /var/www/api2-panel/vendor/sentry/sentry-laravel/src/Sentry/Laravel/Http/SetRequestMiddleware.php(30): Illuminate\\Pipeline\\Pipeline->Illuminate\\Pipeline\\{closure}()
#28 /var/www/api2-panel/vendor/laravel/framework/src/Illuminate/Pipeline/Pipeline.php(180): Sentry\\Laravel\\Http\\SetRequestMiddleware->handle()
#29 /var/www/api2-panel/vendor/laravel/framework/src/Illuminate/Foundation/Http/Middleware/TransformsRequest.php(21): Illuminate\\Pipeline\\Pipeline->Illuminate\\Pipeline\\{closure}()
#30 /var/www/api2-panel/vendor/laravel/framework/src/Illuminate/Foundation/Http/Middleware/ConvertEmptyStringsToNull.php(31): Illuminate\\Foundation\\Http\\Middleware\\TransformsRequest->handle()
#31 /var/www/api2-panel/vendor/laravel/framework/src/Illuminate/Pipeline/Pipeline.php(180): Illuminate\\Foundation\\Http\\Middleware\\ConvertEmptyStringsToNull->handle()
#32 /var/www/api2-panel/vendor/laravel/framework/src/Illuminate/Foundation/Http/Middleware/TransformsRequest.php(21): Illuminate\\Pipeline\\Pipeline->Illuminate\\Pipeline\\{closure}()
#33 /var/www/api2-panel/vendor/laravel/framework/src/Illuminate/Foundation/Http/Middleware/TrimStrings.php(40): Illuminate\\Foundation\\Http\\Middleware\\TransformsRequest->handle()
#34 /var/www/api2-panel/vendor/laravel/framework/src/Illuminate/Pipeline/Pipeline.php(180): Illuminate\\Foundation\\Http\\Middleware\\TrimStrings->handle()
#35 /var/www/api2-panel/vendor/laravel/framework/src/Illuminate/Foundation/Http/Middleware/ValidatePostSize.php(27): Illuminate\\Pipeline\\Pipeline->Illuminate\\Pipeline\\{closure}()
#36 /var/www/api2-panel/vendor/laravel/framework/src/Illuminate/Pipeline/Pipeline.php(180): Illuminate\\Foundation\\Http\\Middleware\\ValidatePostSize->handle()
#37 /var/www/api2-panel/vendor/laravel/framework/src/Illuminate/Foundation/Http/Middleware/PreventRequestsDuringMaintenance.php(86): Illuminate\\Pipeline\\Pipeline->Illuminate\\Pipeline\\{closure}()
#38 /var/www/api2-panel/vendor/laravel/framework/src/Illuminate/Pipeline/Pipeline.php(180): Illuminate\\Foundation\\Http\\Middleware\\PreventRequestsDuringMaintenance->handle()
#39 /var/www/api2-panel/vendor/laravel/framework/src/Illuminate/Http/Middleware/HandleCors.php(49): Illuminate\\Pipeline\\Pipeline->Illuminate\\Pipeline\\{closure}()
#40 /var/www/api2-panel/vendor/laravel/framework/src/Illuminate/Pipeline/Pipeline.php(180): Illuminate\\Http\\Middleware\\HandleCors->handle()
#41 /var/www/api2-panel/vendor/laravel/framework/src/Illuminate/Http/Middleware/TrustProxies.php(39): Illuminate\\Pipeline\\Pipeline->Illuminate\\Pipeline\\{closure}()
#42 /var/www/api2-panel/vendor/laravel/framework/src/Illuminate/Pipeline/Pipeline.php(180): Illuminate\\Http\\Middleware\\TrustProxies->handle()
#43 /var/www/api2-panel/vendor/sentry/sentry-laravel/src/Sentry/Laravel/Tracing/Middleware.php(77): Illuminate\\Pipeline\\Pipeline->Illuminate\\Pipeline\\{closure}()
#44 /var/www/api2-panel/vendor/laravel/framework/src/Illuminate/Pipeline/Pipeline.php(180): Sentry\\Laravel\\Tracing\\Middleware->handle()
#45 /var/www/api2-panel/vendor/laravel/framework/src/Illuminate/Pipeline/Pipeline.php(116): Illuminate\\Pipeline\\Pipeline->Illuminate\\Pipeline\\{closure}()
#46 /var/www/api2-panel/vendor/laravel/framework/src/Illuminate/Foundation/Http/Kernel.php(165): Illuminate\\Pipeline\\Pipeline->then()
#47 /var/www/api2-panel/vendor/laravel/framework/src/Illuminate/Foundation/Http/Kernel.php(134): Illuminate\\Foundation\\Http\\Kernel->sendRequestThroughRouter()
#48 /var/www/api2-panel/public/index.php(52): Illuminate\\Foundation\\Http\\Kernel->handle()
#49 {main}
"} 
[2026-01-02 12:13:56] production.INFO: array (
  'saveStatistic' => 
  Illuminate\Support\Carbon::__set_state(array(
     'endOfTime' => false,
     'startOfTime' => false,
     'constructedObjectId' => '0000000000000c9e0000000000000000',
     'localMonthsOverflow' => NULL,
     'localYearsOverflow' => NULL,
     'localStrictModeEnabled' => NULL,
     'localHumanDiffOptions' => NULL,
     'localToStringFormat' => NULL,
     'localSerializer' => NULL,
     'localMacros' => NULL,
     'localGenericMacros' => NULL,
     'localFormatFunction' => NULL,
     'localTranslator' => NULL,
     'dumpProperties' => 
    array (
      0 => 'date',
      1 => 'timezone_type',
      2 => 'timezone',
    ),
     'dumpLocale' => NULL,
     'dumpDateProperties' => NULL,
     'date' => '2026-01-02 12:13:56.620179',
     'timezone_type' => 3,
     'timezone' => 'UTC',
  )),
)  
[2026-01-02 12:13:58] production.INFO: array (
  'saveStatistic' => 
  Illuminate\Support\Carbon::__set_state(array(
     'endOfTime' => false,
     'startOfTime' => false,
     'constructedObjectId' => '0000000000000c750000000000000000',
     'localMonthsOverflow' => NULL,
     'localYearsOverflow' => NULL,
     'localStrictModeEnabled' => NULL,
     'localHumanDiffOptions' => NULL,
     'localToStringFormat' => NULL,
     'localSerializer' => NULL,
     'localMacros' => NULL,
     'localGenericMacros' => NULL,
     'localFormatFunction' => NULL,
     'localTranslator' => NULL,
     'dumpProperties' => 
    array (
      0 => 'date',
      1 => 'timezone_type',
      2 => 'timezone',
    ),
     'dumpLocale' => NULL,
     'dumpDateProperties' => NULL,
     'date' => '2026-01-02 12:13:58.293869',
     'timezone_type' => 3,
     'timezone' => 'UTC',
  )),
)  
[2026-01-02 12:14:00] production.INFO: array (
  'saveStatistic' => 
  Illuminate\Support\Carbon::__set_state(array(
     'endOfTime' => false,
     'startOfTime' => false,
     'constructedObjectId' => '0000000000000c620000000000000000',
     'localMonthsOverflow' => NULL,
     'localYearsOverflow' => NULL,
     'localStrictModeEnabled' => NULL,
     'localHumanDiffOptions' => NULL,
     'localToStringFormat' => NULL,
     'localSerializer' => NULL,
     'localMacros' => NULL,
     'localGenericMacros' => NULL,
     'localFormatFunction' => NULL,
     'localTranslator' => NULL,
     'dumpProperties' => 
    array (
      0 => 'date',
      1 => 'timezone_type',
      2 => 'timezone',
    ),
     'dumpLocale' => NULL,
     'dumpDateProperties' => NULL,
     'date' => '2026-01-02 12:14:00.715958',
     'timezone_type' => 3,
     'timezone' => 'UTC',
  )),
)  
[2026-01-02 12:14:03] production.INFO: array (
  'saveStatistic' => 
  Illuminate\Support\Carbon::__set_state(array(
     'endOfTime' => false,
     'startOfTime' => false,
     'constructedObjectId' => '0000000000000c1a0000000000000000',
     'localMonthsOverflow' => NULL,
     'localYearsOverflow' => NULL,
     'localStrictModeEnabled' => NULL,
     'localHumanDiffOptions' => NULL,
     'localToStringFormat' => NULL,
     'localSerializer' => NULL,
     'localMacros' => NULL,
     'localGenericMacros' => NULL,
     'localFormatFunction' => NULL,
     'localTranslator' => NULL,
     'dumpProperties' => 
    array (
      0 => 'date',
      1 => 'timezone_type',
      2 => 'timezone',
    ),
     'dumpLocale' => NULL,
     'dumpDateProperties' => NULL,
     'date' => '2026-01-02 12:14:03.360048',
     'timezone_type' => 3,
     'timezone' => 'UTC',
  )),
)  
[2026-01-02 12:14:06] production.INFO: array (
  'saveStatistic' => 
  Illuminate\Support\Carbon::__set_state(array(
     'endOfTime' => false,
     'startOfTime' => false,
     'constructedObjectId' => '0000000000000bd30000000000000000',
     'localMonthsOverflow' => NULL,
     'localYearsOverflow' => NULL,
     'localStrictModeEnabled' => NULL,
     'localHumanDiffOptions' => NULL,
     'localToStringFormat' => NULL,
     'localSerializer' => NULL,
     'localMacros' => NULL,
     'localGenericMacros' => NULL,
     'localFormatFunction' => NULL,
     'localTranslator' => NULL,
     'dumpProperties' => 
    array (
      0 => 'date',
      1 => 'timezone_type',
      2 => 'timezone',
    ),
     'dumpLocale' => NULL,
     'dumpDateProperties' => NULL,
     'date' => '2026-01-02 12:14:06.068865',
     'timezone_type' => 3,
     'timezone' => 'UTC',
  )),
)  
[2026-01-02 12:14:07] production.INFO: array (
  'saveStatistic' => 
  Illuminate\Support\Carbon::__set_state(array(
     'endOfTime' => false,
     'startOfTime' => false,
     'constructedObjectId' => '0000000000000bb50000000000000000',
     'localMonthsOverflow' => NULL,
     'localYearsOverflow' => NULL,
     'localStrictModeEnabled' => NULL,
     'localHumanDiffOptions' => NULL,
     'localToStringFormat' => NULL,
     'localSerializer' => NULL,
     'localMacros' => NULL,
     'localGenericMacros' => NULL,
     'localFormatFunction' => NULL,
     'localTranslator' => NULL,
     'dumpProperties' => 
    array (
      0 => 'date',
      1 => 'timezone_type',
      2 => 'timezone',
    ),
     'dumpLocale' => NULL,
     'dumpDateProperties' => NULL,
     'date' => '2026-01-02 12:14:07.684403',
     'timezone_type' => 3,
     'timezone' => 'UTC',
  )),
)  
[2026-01-02 12:14:09] production.INFO: array (
  'saveStatistic' => 
  Illuminate\Support\Carbon::__set_state(array(
     'endOfTime' => false,
     'startOfTime' => false,
     'constructedObjectId' => '0000000000000ba20000000000000000',
     'localMonthsOverflow' => NULL,
     'localYearsOverflow' => NULL,
     'localStrictModeEnabled' => NULL,
     'localHumanDiffOptions' => NULL,
     'localToStringFormat' => NULL,
     'localSerializer' => NULL,
     'localMacros' => NULL,
     'localGenericMacros' => NULL,
     'localFormatFunction' => NULL,
     'localTranslator' => NULL,
     'dumpProperties' => 
    array (
      0 => 'date',
      1 => 'timezone_type',
      2 => 'timezone',
    ),
     'dumpLocale' => NULL,
     'dumpDateProperties' => NULL,
     'date' => '2026-01-02 12:14:09.662488',
     'timezone_type' => 3,
     'timezone' => 'UTC',
  )),
)  
[2026-01-02 12:14:11] production.INFO: array (
  'saveStatistic' => 
  Illuminate\Support\Carbon::__set_state(array(
     'endOfTime' => false,
     'startOfTime' => false,
     'constructedObjectId' => '0000000000000bb90000000000000000',
     'localMonthsOverflow' => NULL,
     'localYearsOverflow' => NULL,
     'localStrictModeEnabled' => NULL,
     'localHumanDiffOptions' => NULL,
     'localToStringFormat' => NULL,
     'localSerializer' => NULL,
     'localMacros' => NULL,
     'localGenericMacros' => NULL,
     'localFormatFunction' => NULL,
     'localTranslator' => NULL,
     'dumpProperties' => 
    array (
      0 => 'date',
      1 => 'timezone_type',
      2 => 'timezone',
    ),
     'dumpLocale' => NULL,
     'dumpDateProperties' => NULL,
     'date' => '2026-01-02 12:14:11.747510',
     'timezone_type' => 3,
     'timezone' => 'UTC',
  )),
)  
[2026-01-02 12:14:14] production.INFO: array (
  'saveStatistic' => 
  Illuminate\Support\Carbon::__set_state(array(
     'endOfTime' => false,
     'startOfTime' => false,
     'constructedObjectId' => '0000000000000b410000000000000000',
     'localMonthsOverflow' => NULL,
     'localYearsOverflow' => NULL,
     'localStrictModeEnabled' => NULL,
     'localHumanDiffOptions' => NULL,
     'localToStringFormat' => NULL,
     'localSerializer' => NULL,
     'localMacros' => NULL,
     'localGenericMacros' => NULL,
     'localFormatFunction' => NULL,
     'localTranslator' => NULL,
     'dumpProperties' => 
    array (
      0 => 'date',
      1 => 'timezone_type',
      2 => 'timezone',
    ),
     'dumpLocale' => NULL,
     'dumpDateProperties' => NULL,
     'date' => '2026-01-02 12:14:14.409467',
     'timezone_type' => 3,
     'timezone' => 'UTC',
  )),
)  
[2026-01-02 12:14:16] production.INFO: array (
  'saveStatistic' => 
  Illuminate\Support\Carbon::__set_state(array(
     'endOfTime' => false,
     'startOfTime' => false,
     'constructedObjectId' => '0000000000000b610000000000000000',
     'localMonthsOverflow' => NULL,
     'localYearsOverflow' => NULL,
     'localStrictModeEnabled' => NULL,
     'localHumanDiffOptions' => NULL,
     'localToStringFormat' => NULL,
     'localSerializer' => NULL,
     'localMacros' => NULL,
     'localGenericMacros' => NULL,
     'localFormatFunction' => NULL,
     'localTranslator' => NULL,
     'dumpProperties' => 
    array (
      0 => 'date',
      1 => 'timezone_type',
      2 => 'timezone',
    ),
     'dumpLocale' => NULL,
     'dumpDateProperties' => NULL,
     'date' => '2026-01-02 12:14:16.352611',
     'timezone_type' => 3,
     'timezone' => 'UTC',
  )),
)  
[2026-01-02 12:14:18] production.INFO: array (
  'saveStatistic' => 
  Illuminate\Support\Carbon::__set_state(array(
     'endOfTime' => false,
     'startOfTime' => false,
     'constructedObjectId' => '0000000000000b2e0000000000000000',
     'localMonthsOverflow' => NULL,
     'localYearsOverflow' => NULL,
     'localStrictModeEnabled' => NULL,
     'localHumanDiffOptions' => NULL,
     'localToStringFormat' => NULL,
     'localSerializer' => NULL,
     'localMacros' => NULL,
     'localGenericMacros' => NULL,
     'localFormatFunction' => NULL,
     'localTranslator' => NULL,
     'dumpProperties' => 
    array (
      0 => 'date',
      1 => 'timezone_type',
      2 => 'timezone',
    ),
     'dumpLocale' => NULL,
     'dumpDateProperties' => NULL,
     'date' => '2026-01-02 12:14:18.301342',
     'timezone_type' => 3,
     'timezone' => 'UTC',
  )),
)  
[2026-01-02 12:14:20] production.INFO: array (
  'saveStatistic' => 
  Illuminate\Support\Carbon::__set_state(array(
     'endOfTime' => false,
     'startOfTime' => false,
     'constructedObjectId' => '0000000000000ae80000000000000000',
     'localMonthsOverflow' => NULL,
     'localYearsOverflow' => NULL,
     'localStrictModeEnabled' => NULL,
     'localHumanDiffOptions' => NULL,
     'localToStringFormat' => NULL,
     'localSerializer' => NULL,
     'localMacros' => NULL,
     'localGenericMacros' => NULL,
     'localFormatFunction' => NULL,
     'localTranslator' => NULL,
     'dumpProperties' => 
    array (
      0 => 'date',
      1 => 'timezone_type',
      2 => 'timezone',
    ),
     'dumpLocale' => NULL,
     'dumpDateProperties' => NULL,
     'date' => '2026-01-02 12:14:20.689584',
     'timezone_type' => 3,
     'timezone' => 'UTC',
  )),
)  
[2026-01-02 12:14:23] production.INFO: array (
  'saveStatistic' => 
  Illuminate\Support\Carbon::__set_state(array(
     'endOfTime' => false,
     'startOfTime' => false,
     'constructedObjectId' => '0000000000000ac30000000000000000',
     'localMonthsOverflow' => NULL,
     'localYearsOverflow' => NULL,
     'localStrictModeEnabled' => NULL,
     'localHumanDiffOptions' => NULL,
     'localToStringFormat' => NULL,
     'localSerializer' => NULL,
     'localMacros' => NULL,
     'localGenericMacros' => NULL,
     'localFormatFunction' => NULL,
     'localTranslator' => NULL,
     'dumpProperties' => 
    array (
      0 => 'date',
      1 => 'timezone_type',
      2 => 'timezone',
    ),
     'dumpLocale' => NULL,
     'dumpDateProperties' => NULL,
     'date' => '2026-01-02 12:14:23.034741',
     'timezone_type' => 3,
     'timezone' => 'UTC',
  )),
)  
[2026-01-02 12:14:25] production.INFO: array (
  'saveStatistic' => 
  Illuminate\Support\Carbon::__set_state(array(
     'endOfTime' => false,
     'startOfTime' => false,
     'constructedObjectId' => '0000000000000aef0000000000000000',
     'localMonthsOverflow' => NULL,
     'localYearsOverflow' => NULL,
     'localStrictModeEnabled' => NULL,
     'localHumanDiffOptions' => NULL,
     'localToStringFormat' => NULL,
     'localSerializer' => NULL,
     'localMacros' => NULL,
     'localGenericMacros' => NULL,
     'localFormatFunction' => NULL,
     'localTranslator' => NULL,
     'dumpProperties' => 
    array (
      0 => 'date',
      1 => 'timezone_type',
      2 => 'timezone',
    ),
     'dumpLocale' => NULL,
     'dumpDateProperties' => NULL,
     'date' => '2026-01-02 12:14:25.076588',
     'timezone_type' => 3,
     'timezone' => 'UTC',
  )),
)  
[2026-01-02 12:14:26] production.INFO: array (
  'getUserPanels username' => NULL,
  'getUserPanels lang' => 'En',
)  
[2026-01-02 12:14:26] production.ERROR: Attempt to read property "id" on null {"exception":"[object] (ErrorException(code: 0): Attempt to read property \"id\" on null at /var/www/api2-panel/Modules/Bot/Http/Services/TelegramHandler.php:416)
[stacktrace]
#0 /var/www/api2-panel/vendor/laravel/framework/src/Illuminate/Foundation/Bootstrap/HandleExceptions.php(270): Illuminate\\Foundation\\Bootstrap\\HandleExceptions->handleError()
#1 /var/www/api2-panel/Modules/Bot/Http/Services/TelegramHandler.php(416): Illuminate\\Foundation\\Bootstrap\\HandleExceptions->Illuminate\\Foundation\\Bootstrap\\{closure}()
#2 /var/www/api2-panel/vendor/laravel/framework/src/Illuminate/Database/Eloquent/Builder.php(1312): Modules\\Bot\\Http\\Services\\TelegramHandler->Modules\\Bot\\Http\\Services\\{closure}()
#3 /var/www/api2-panel/vendor/laravel/framework/src/Illuminate/Database/Eloquent/Concerns/QueriesRelationships.php(61): Illuminate\\Database\\Eloquent\\Builder->callScope()
#4 /var/www/api2-panel/vendor/laravel/framework/src/Illuminate/Database/Eloquent/Concerns/QueriesRelationships.php(152): Illuminate\\Database\\Eloquent\\Builder->has()
#5 /var/www/api2-panel/Modules/Bot/Http/Services/TelegramHandler.php(417): Illuminate\\Database\\Eloquent\\Builder->whereHas()
#6 /var/www/api2-panel/Modules/Bot/Http/Services/TelegramHandler.php(190): Modules\\Bot\\Http\\Services\\TelegramHandler->getUserPanels()
#7 /var/www/api2-panel/vendor/defstudio/telegraph/src/Handlers/WebhookHandler.php(128): Modules\\Bot\\Http\\Services\\TelegramHandler->handleChatMessage()
#8 /var/www/api2-panel/vendor/defstudio/telegraph/src/Handlers/WebhookHandler.php(228): DefStudio\\Telegraph\\Handlers\\WebhookHandler->handleMessage()
#9 /var/www/api2-panel/vendor/defstudio/telegraph/src/Controllers/WebhookController.php(28): DefStudio\\Telegraph\\Handlers\\WebhookHandler->handle()
#10 /var/www/api2-panel/vendor/laravel/framework/src/Illuminate/Routing/ControllerDispatcher.php(46): DefStudio\\Telegraph\\Controllers\\WebhookController->handle()
#11 /var/www/api2-panel/vendor/sentry/sentry-laravel/src/Sentry/Laravel/Tracing/Routing/TracingControllerDispatcherTracing.php(21): Illuminate\\Routing\\ControllerDispatcher->dispatch()
#12 /var/www/api2-panel/vendor/sentry/sentry-laravel/src/Sentry/Laravel/Tracing/Routing/TracingRoutingDispatcher.php(31): Sentry\\Laravel\\Tracing\\Routing\\TracingControllerDispatcherTracing->Sentry\\Laravel\\Tracing\\Routing\\{closure}()
#13 /var/www/api2-panel/vendor/sentry/sentry-laravel/src/Sentry/Laravel/Tracing/Routing/TracingControllerDispatcherTracing.php(20): Sentry\\Laravel\\Tracing\\Routing\\TracingRoutingDispatcher->wrapRouteDispatch()
#14 /var/www/api2-panel/vendor/laravel/framework/src/Illuminate/Routing/Route.php(260): Sentry\\Laravel\\Tracing\\Routing\\TracingControllerDispatcherTracing->dispatch()
#15 /var/www/api2-panel/vendor/laravel/framework/src/Illuminate/Routing/Route.php(205): Illuminate\\Routing\\Route->runController()
#16 /var/www/api2-panel/vendor/laravel/framework/src/Illuminate/Routing/Router.php(798): Illuminate\\Routing\\Route->run()
#17 /var/www/api2-panel/vendor/laravel/framework/src/Illuminate/Pipeline/Pipeline.php(141): Illuminate\\Routing\\Router->Illuminate\\Routing\\{closure}()
#18 /var/www/api2-panel/vendor/laravel/framework/src/Illuminate/Pipeline/Pipeline.php(116): Illuminate\\Pipeline\\Pipeline->Illuminate\\Pipeline\\{closure}()
#19 /var/www/api2-panel/vendor/laravel/framework/src/Illuminate/Routing/Router.php(799): Illuminate\\Pipeline\\Pipeline->then()
#20 /var/www/api2-panel/vendor/laravel/framework/src/Illuminate/Routing/Router.php(776): Illuminate\\Routing\\Router->runRouteWithinStack()
#21 /var/www/api2-panel/vendor/laravel/framework/src/Illuminate/Routing/Router.php(740): Illuminate\\Routing\\Router->runRoute()
#22 /var/www/api2-panel/vendor/laravel/framework/src/Illuminate/Routing/Router.php(729): Illuminate\\Routing\\Router->dispatchToRoute()
#23 /var/www/api2-panel/vendor/laravel/framework/src/Illuminate/Foundation/Http/Kernel.php(190): Illuminate\\Routing\\Router->dispatch()
#24 /var/www/api2-panel/vendor/laravel/framework/src/Illuminate/Pipeline/Pipeline.php(141): Illuminate\\Foundation\\Http\\Kernel->Illuminate\\Foundation\\Http\\{closure}()
#25 /var/www/api2-panel/vendor/sentry/sentry-laravel/src/Sentry/Laravel/Http/SetRequestIpMiddleware.php(45): Illuminate\\Pipeline\\Pipeline->Illuminate\\Pipeline\\{closure}()
#26 /var/www/api2-panel/vendor/laravel/framework/src/Illuminate/Pipeline/Pipeline.php(180): Sentry\\Laravel\\Http\\SetRequestIpMiddleware->handle()
#27 /var/www/api2-panel/vendor/sentry/sentry-laravel/src/Sentry/Laravel/Http/SetRequestMiddleware.php(30): Illuminate\\Pipeline\\Pipeline->Illuminate\\Pipeline\\{closure}()
#28 /var/www/api2-panel/vendor/laravel/framework/src/Illuminate/Pipeline/Pipeline.php(180): Sentry\\Laravel\\Http\\SetRequestMiddleware->handle()
#29 /var/www/api2-panel/vendor/laravel/framework/src/Illuminate/Foundation/Http/Middleware/TransformsRequest.php(21): Illuminate\\Pipeline\\Pipeline->Illuminate\\Pipeline\\{closure}()
#30 /var/www/api2-panel/vendor/laravel/framework/src/Illuminate/Foundation/Http/Middleware/ConvertEmptyStringsToNull.php(31): Illuminate\\Foundation\\Http\\Middleware\\TransformsRequest->handle()
#31 /var/www/api2-panel/vendor/laravel/framework/src/Illuminate/Pipeline/Pipeline.php(180): Illuminate\\Foundation\\Http\\Middleware\\ConvertEmptyStringsToNull->handle()
#32 /var/www/api2-panel/vendor/laravel/framework/src/Illuminate/Foundation/Http/Middleware/TransformsRequest.php(21): Illuminate\\Pipeline\\Pipeline->Illuminate\\Pipeline\\{closure}()
#33 /var/www/api2-panel/vendor/laravel/framework/src/Illuminate/Foundation/Http/Middleware/TrimStrings.php(40): Illuminate\\Foundation\\Http\\Middleware\\TransformsRequest->handle()
#34 /var/www/api2-panel/vendor/laravel/framework/src/Illuminate/Pipeline/Pipeline.php(180): Illuminate\\Foundation\\Http\\Middleware\\TrimStrings->handle()
#35 /var/www/api2-panel/vendor/laravel/framework/src/Illuminate/Foundation/Http/Middleware/ValidatePostSize.php(27): Illuminate\\Pipeline\\Pipeline->Illuminate\\Pipeline\\{closure}()
#36 /var/www/api2-panel/vendor/laravel/framework/src/Illuminate/Pipeline/Pipeline.php(180): Illuminate\\Foundation\\Http\\Middleware\\ValidatePostSize->handle()
#37 /var/www/api2-panel/vendor/laravel/framework/src/Illuminate/Foundation/Http/Middleware/PreventRequestsDuringMaintenance.php(86): Illuminate\\Pipeline\\Pipeline->Illuminate\\Pipeline\\{closure}()
#38 /var/www/api2-panel/vendor/laravel/framework/src/Illuminate/Pipeline/Pipeline.php(180): Illuminate\\Foundation\\Http\\Middleware\\PreventRequestsDuringMaintenance->handle()
#39 /var/www/api2-panel/vendor/laravel/framework/src/Illuminate/Http/Middleware/HandleCors.php(49): Illuminate\\Pipeline\\Pipeline->Illuminate\\Pipeline\\{closure}()
#40 /var/www/api2-panel/vendor/laravel/framework/src/Illuminate/Pipeline/Pipeline.php(180): Illuminate\\Http\\Middleware\\HandleCors->handle()
#41 /var/www/api2-panel/vendor/laravel/framework/src/Illuminate/Http/Middleware/TrustProxies.php(39): Illuminate\\Pipeline\\Pipeline->Illuminate\\Pipeline\\{closure}()
#42 /var/www/api2-panel/vendor/laravel/framework/src/Illuminate/Pipeline/Pipeline.php(180): Illuminate\\Http\\Middleware\\TrustProxies->handle()
#43 /var/www/api2-panel/vendor/sentry/sentry-laravel/src/Sentry/Laravel/Tracing/Middleware.php(77): Illuminate\\Pipeline\\Pipeline->Illuminate\\Pipeline\\{closure}()
#44 /var/www/api2-panel/vendor/laravel/framework/src/Illuminate/Pipeline/Pipeline.php(180): Sentry\\Laravel\\Tracing\\Middleware->handle()
#45 /var/www/api2-panel/vendor/laravel/framework/src/Illuminate/Pipeline/Pipeline.php(116): Illuminate\\Pipeline\\Pipeline->Illuminate\\Pipeline\\{closure}()
#46 /var/www/api2-panel/vendor/laravel/framework/src/Illuminate/Foundation/Http/Kernel.php(165): Illuminate\\Pipeline\\Pipeline->then()
#47 /var/www/api2-panel/vendor/laravel/framework/src/Illuminate/Foundation/Http/Kernel.php(134): Illuminate\\Foundation\\Http\\Kernel->sendRequestThroughRouter()
#48 /var/www/api2-panel/public/index.php(52): Illuminate\\Foundation\\Http\\Kernel->handle()
#49 {main}
"} 
[2026-01-02 12:14:26] production.INFO: array (
  'saveStatistic' => 
  Illuminate\Support\Carbon::__set_state(array(
     'endOfTime' => false,
     'startOfTime' => false,
     'constructedObjectId' => '0000000000000a980000000000000000',
     'localMonthsOverflow' => NULL,
     'localYearsOverflow' => NULL,
     'localStrictModeEnabled' => NULL,
     'localHumanDiffOptions' => NULL,
     'localToStringFormat' => NULL,
     'localSerializer' => NULL,
     'localMacros' => NULL,
     'localGenericMacros' => NULL,
     'localFormatFunction' => NULL,
     'localTranslator' => NULL,
     'dumpProperties' => 
    array (
      0 => 'date',
      1 => 'timezone_type',
      2 => 'timezone',
    ),
     'dumpLocale' => NULL,
     'dumpDateProperties' => NULL,
     'date' => '2026-01-02 12:14:26.712131',
     'timezone_type' => 3,
     'timezone' => 'UTC',
  )),
)  
[2026-01-02 12:14:28] production.INFO: array (
  'saveStatistic' => 
  Illuminate\Support\Carbon::__set_state(array(
     'endOfTime' => false,
     'startOfTime' => false,
     'constructedObjectId' => '0000000000000aa10000000000000000',
     'localMonthsOverflow' => NULL,
     'localYearsOverflow' => NULL,
     'localStrictModeEnabled' => NULL,
     'localHumanDiffOptions' => NULL,
     'localToStringFormat' => NULL,
     'localSerializer' => NULL,
     'localMacros' => NULL,
     'localGenericMacros' => NULL,
     'localFormatFunction' => NULL,
     'localTranslator' => NULL,
     'dumpProperties' => 
    array (
      0 => 'date',
      1 => 'timezone_type',
      2 => 'timezone',
    ),
     'dumpLocale' => NULL,
     'dumpDateProperties' => NULL,
     'date' => '2026-01-02 12:14:28.750607',
     'timezone_type' => 3,
     'timezone' => 'UTC',
  )),
)  
[2026-01-02 12:14:30] production.INFO: array (
  'saveStatistic' => 
  Illuminate\Support\Carbon::__set_state(array(
     'endOfTime' => false,
     'startOfTime' => false,
     'constructedObjectId' => '0000000000000aef0000000000000000',
     'localMonthsOverflow' => NULL,
     'localYearsOverflow' => NULL,
     'localStrictModeEnabled' => NULL,
     'localHumanDiffOptions' => NULL,
     'localToStringFormat' => NULL,
     'localSerializer' => NULL,
     'localMacros' => NULL,
     'localGenericMacros' => NULL,
     'localFormatFunction' => NULL,
     'localTranslator' => NULL,
     'dumpProperties' => 
    array (
      0 => 'date',
      1 => 'timezone_type',
      2 => 'timezone',
    ),
     'dumpLocale' => NULL,
     'dumpDateProperties' => NULL,
     'date' => '2026-01-02 12:14:30.820826',
     'timezone_type' => 3,
     'timezone' => 'UTC',
  )),
)  
[2026-01-02 12:14:33] production.INFO: array (
  'saveStatistic' => 
  Illuminate\Support\Carbon::__set_state(array(
     'endOfTime' => false,
     'startOfTime' => false,
     'constructedObjectId' => '0000000000000a640000000000000000',
     'localMonthsOverflow' => NULL,
     'localYearsOverflow' => NULL,
     'localStrictModeEnabled' => NULL,
     'localHumanDiffOptions' => NULL,
     'localToStringFormat' => NULL,
     'localSerializer' => NULL,
     'localMacros' => NULL,
     'localGenericMacros' => NULL,
     'localFormatFunction' => NULL,
     'localTranslator' => NULL,
     'dumpProperties' => 
    array (
      0 => 'date',
      1 => 'timezone_type',
      2 => 'timezone',
    ),
     'dumpLocale' => NULL,
     'dumpDateProperties' => NULL,
     'date' => '2026-01-02 12:14:33.148021',
     'timezone_type' => 3,
     'timezone' => 'UTC',
  )),
)  
[2026-01-02 12:14:35] production.INFO: array (
  'saveStatistic' => 
  Illuminate\Support\Carbon::__set_state(array(
     'endOfTime' => false,
     'startOfTime' => false,
     'constructedObjectId' => '0000000000000a3f0000000000000000',
     'localMonthsOverflow' => NULL,
     'localYearsOverflow' => NULL,
     'localStrictModeEnabled' => NULL,
     'localHumanDiffOptions' => NULL,
     'localToStringFormat' => NULL,
     'localSerializer' => NULL,
     'localMacros' => NULL,
     'localGenericMacros' => NULL,
     'localFormatFunction' => NULL,
     'localTranslator' => NULL,
     'dumpProperties' => 
    array (
      0 => 'date',
      1 => 'timezone_type',
      2 => 'timezone',
    ),
     'dumpLocale' => NULL,
     'dumpDateProperties' => NULL,
     'date' => '2026-01-02 12:14:35.529819',
     'timezone_type' => 3,
     'timezone' => 'UTC',
  )),
)  
[2026-01-02 12:14:37] production.INFO: array (
  'saveStatistic' => 
  Illuminate\Support\Carbon::__set_state(array(
     'endOfTime' => false,
     'startOfTime' => false,
     'constructedObjectId' => '0000000000000a270000000000000000',
     'localMonthsOverflow' => NULL,
     'localYearsOverflow' => NULL,
     'localStrictModeEnabled' => NULL,
     'localHumanDiffOptions' => NULL,
     'localToStringFormat' => NULL,
     'localSerializer' => NULL,
     'localMacros' => NULL,
     'localGenericMacros' => NULL,
     'localFormatFunction' => NULL,
     'localTranslator' => NULL,
     'dumpProperties' => 
    array (
      0 => 'date',
      1 => 'timezone_type',
      2 => 'timezone',
    ),
     'dumpLocale' => NULL,
     'dumpDateProperties' => NULL,
     'date' => '2026-01-02 12:14:37.125453',
     'timezone_type' => 3,
     'timezone' => 'UTC',
  )),
)  
[2026-01-02 12:14:39] production.INFO: array (
  'saveStatistic' => 
  Illuminate\Support\Carbon::__set_state(array(
     'endOfTime' => false,
     'startOfTime' => false,
     'constructedObjectId' => '0000000000000a190000000000000000',
     'localMonthsOverflow' => NULL,
     'localYearsOverflow' => NULL,
     'localStrictModeEnabled' => NULL,
     'localHumanDiffOptions' => NULL,
     'localToStringFormat' => NULL,
     'localSerializer' => NULL,
     'localMacros' => NULL,
     'localGenericMacros' => NULL,
     'localFormatFunction' => NULL,
     'localTranslator' => NULL,
     'dumpProperties' => 
    array (
      0 => 'date',
      1 => 'timezone_type',
      2 => 'timezone',
    ),
     'dumpLocale' => NULL,
     'dumpDateProperties' => NULL,
     'date' => '2026-01-02 12:14:39.613348',
     'timezone_type' => 3,
     'timezone' => 'UTC',
  )),
)  
[2026-01-02 12:14:41] production.INFO: array (
  'saveStatistic' => 
  Illuminate\Support\Carbon::__set_state(array(
     'endOfTime' => false,
     'startOfTime' => false,
     'constructedObjectId' => '0000000000000a010000000000000000',
     'localMonthsOverflow' => NULL,
     'localYearsOverflow' => NULL,
     'localStrictModeEnabled' => NULL,
     'localHumanDiffOptions' => NULL,
     'localToStringFormat' => NULL,
     'localSerializer' => NULL,
     'localMacros' => NULL,
     'localGenericMacros' => NULL,
     'localFormatFunction' => NULL,
     'localTranslator' => NULL,
     'dumpProperties' => 
    array (
      0 => 'date',
      1 => 'timezone_type',
      2 => 'timezone',
    ),
     'dumpLocale' => NULL,
     'dumpDateProperties' => NULL,
     'date' => '2026-01-02 12:14:41.130431',
     'timezone_type' => 3,
     'timezone' => 'UTC',
  )),
)  
[2026-01-02 12:14:43] production.INFO: array (
  'saveStatistic' => 
  Illuminate\Support\Carbon::__set_state(array(
     'endOfTime' => false,
     'startOfTime' => false,
     'constructedObjectId' => '00000000000009f30000000000000000',
     'localMonthsOverflow' => NULL,
     'localYearsOverflow' => NULL,
     'localStrictModeEnabled' => NULL,
     'localHumanDiffOptions' => NULL,
     'localToStringFormat' => NULL,
     'localSerializer' => NULL,
     'localMacros' => NULL,
     'localGenericMacros' => NULL,
     'localFormatFunction' => NULL,
     'localTranslator' => NULL,
     'dumpProperties' => 
    array (
      0 => 'date',
      1 => 'timezone_type',
      2 => 'timezone',
    ),
     'dumpLocale' => NULL,
     'dumpDateProperties' => NULL,
     'date' => '2026-01-02 12:14:43.383012',
     'timezone_type' => 3,
     'timezone' => 'UTC',
  )),
)  
[2026-01-02 12:14:45] production.INFO: array (
  'saveStatistic' => 
  Illuminate\Support\Carbon::__set_state(array(
     'endOfTime' => false,
     'startOfTime' => false,
     'constructedObjectId' => '00000000000009ce0000000000000000',
     'localMonthsOverflow' => NULL,
     'localYearsOverflow' => NULL,
     'localStrictModeEnabled' => NULL,
     'localHumanDiffOptions' => NULL,
     'localToStringFormat' => NULL,
     'localSerializer' => NULL,
     'localMacros' => NULL,
     'localGenericMacros' => NULL,
     'localFormatFunction' => NULL,
     'localTranslator' => NULL,
     'dumpProperties' => 
    array (
      0 => 'date',
      1 => 'timezone_type',
      2 => 'timezone',
    ),
     'dumpLocale' => NULL,
     'dumpDateProperties' => NULL,
     'date' => '2026-01-02 12:14:45.698929',
     'timezone_type' => 3,
     'timezone' => 'UTC',
  )),
)  
[2026-01-02 12:14:47] production.INFO: array (
  'saveStatistic' => 
  Illuminate\Support\Carbon::__set_state(array(
     'endOfTime' => false,
     'startOfTime' => false,
     'constructedObjectId' => '00000000000009fa0000000000000000',
     'localMonthsOverflow' => NULL,
     'localYearsOverflow' => NULL,
     'localStrictModeEnabled' => NULL,
     'localHumanDiffOptions' => NULL,
     'localToStringFormat' => NULL,
     'localSerializer' => NULL,
     'localMacros' => NULL,
     'localGenericMacros' => NULL,
     'localFormatFunction' => NULL,
     'localTranslator' => NULL,
     'dumpProperties' => 
    array (
      0 => 'date',
      1 => 'timezone_type',
      2 => 'timezone',
    ),
     'dumpLocale' => NULL,
     'dumpDateProperties' => NULL,
     'date' => '2026-01-02 12:14:47.678009',
     'timezone_type' => 3,
     'timezone' => 'UTC',
  )),
)  
[2026-01-02 12:14:50] production.INFO: array (
  'saveStatistic' => 
  Illuminate\Support\Carbon::__set_state(array(
     'endOfTime' => false,
     'startOfTime' => false,
     'constructedObjectId' => '00000000000009960000000000000000',
     'localMonthsOverflow' => NULL,
     'localYearsOverflow' => NULL,
     'localStrictModeEnabled' => NULL,
     'localHumanDiffOptions' => NULL,
     'localToStringFormat' => NULL,
     'localSerializer' => NULL,
     'localMacros' => NULL,
     'localGenericMacros' => NULL,
     'localFormatFunction' => NULL,
     'localTranslator' => NULL,
     'dumpProperties' => 
    array (
      0 => 'date',
      1 => 'timezone_type',
      2 => 'timezone',
    ),
     'dumpLocale' => NULL,
     'dumpDateProperties' => NULL,
     'date' => '2026-01-02 12:14:50.126887',
     'timezone_type' => 3,
     'timezone' => 'UTC',
  )),
)  
[2026-01-02 12:14:51] production.INFO: array (
  'saveStatistic' => 
  Illuminate\Support\Carbon::__set_state(array(
     'endOfTime' => false,
     'startOfTime' => false,
     'constructedObjectId' => '000000000000097e0000000000000000',
     'localMonthsOverflow' => NULL,
     'localYearsOverflow' => NULL,
     'localStrictModeEnabled' => NULL,
     'localHumanDiffOptions' => NULL,
     'localToStringFormat' => NULL,
     'localSerializer' => NULL,
     'localMacros' => NULL,
     'localGenericMacros' => NULL,
     'localFormatFunction' => NULL,
     'localTranslator' => NULL,
     'dumpProperties' => 
    array (
      0 => 'date',
      1 => 'timezone_type',
      2 => 'timezone',
    ),
     'dumpLocale' => NULL,
     'dumpDateProperties' => NULL,
     'date' => '2026-01-02 12:14:51.836940',
     'timezone_type' => 3,
     'timezone' => 'UTC',
  )),
)  
[2026-01-02 12:14:53] production.INFO: array (
  'saveStatistic' => 
  Illuminate\Support\Carbon::__set_state(array(
     'endOfTime' => false,
     'startOfTime' => false,
     'constructedObjectId' => '00000000000009840000000000000000',
     'localMonthsOverflow' => NULL,
     'localYearsOverflow' => NULL,
     'localStrictModeEnabled' => NULL,
     'localHumanDiffOptions' => NULL,
     'localToStringFormat' => NULL,
     'localSerializer' => NULL,
     'localMacros' => NULL,
     'localGenericMacros' => NULL,
     'localFormatFunction' => NULL,
     'localTranslator' => NULL,
     'dumpProperties' => 
    array (
      0 => 'date',
      1 => 'timezone_type',
      2 => 'timezone',
    ),
     'dumpLocale' => NULL,
     'dumpDateProperties' => NULL,
     'date' => '2026-01-02 12:14:53.835966',
     'timezone_type' => 3,
     'timezone' => 'UTC',
  )),
)  
[2026-01-02 12:14:55] production.INFO: array (
  'saveStatistic' => 
  Illuminate\Support\Carbon::__set_state(array(
     'endOfTime' => false,
     'startOfTime' => false,
     'constructedObjectId' => '000000000000096a0000000000000000',
     'localMonthsOverflow' => NULL,
     'localYearsOverflow' => NULL,
     'localStrictModeEnabled' => NULL,
     'localHumanDiffOptions' => NULL,
     'localToStringFormat' => NULL,
     'localSerializer' => NULL,
     'localMacros' => NULL,
     'localGenericMacros' => NULL,
     'localFormatFunction' => NULL,
     'localTranslator' => NULL,
     'dumpProperties' => 
    array (
      0 => 'date',
      1 => 'timezone_type',
      2 => 'timezone',
    ),
     'dumpLocale' => NULL,
     'dumpDateProperties' => NULL,
     'date' => '2026-01-02 12:14:55.466230',
     'timezone_type' => 3,
     'timezone' => 'UTC',
  )),
)  
[2026-01-02 12:14:57] production.INFO: array (
  'saveStatistic' => 
  Illuminate\Support\Carbon::__set_state(array(
     'endOfTime' => false,
     'startOfTime' => false,
     'constructedObjectId' => '000000000000095e0000000000000000',
     'localMonthsOverflow' => NULL,
     'localYearsOverflow' => NULL,
     'localStrictModeEnabled' => NULL,
     'localHumanDiffOptions' => NULL,
     'localToStringFormat' => NULL,
     'localSerializer' => NULL,
     'localMacros' => NULL,
     'localGenericMacros' => NULL,
     'localFormatFunction' => NULL,
     'localTranslator' => NULL,
     'dumpProperties' => 
    array (
      0 => 'date',
      1 => 'timezone_type',
      2 => 'timezone',
    ),
     'dumpLocale' => NULL,
     'dumpDateProperties' => NULL,
     'date' => '2026-01-02 12:14:57.801204',
     'timezone_type' => 3,
     'timezone' => 'UTC',
  )),
)  
[2026-01-02 12:14:59] production.INFO: array (
  'saveStatistic' => 
  Illuminate\Support\Carbon::__set_state(array(
     'endOfTime' => false,
     'startOfTime' => false,
     'constructedObjectId' => '000000000000096e0000000000000000',
     'localMonthsOverflow' => NULL,
     'localYearsOverflow' => NULL,
     'localStrictModeEnabled' => NULL,
     'localHumanDiffOptions' => NULL,
     'localToStringFormat' => NULL,
     'localSerializer' => NULL,
     'localMacros' => NULL,
     'localGenericMacros' => NULL,
     'localFormatFunction' => NULL,
     'localTranslator' => NULL,
     'dumpProperties' => 
    array (
      0 => 'date',
      1 => 'timezone_type',
      2 => 'timezone',
    ),
     'dumpLocale' => NULL,
     'dumpDateProperties' => NULL,
     'date' => '2026-01-02 12:14:59.786721',
     'timezone_type' => 3,
     'timezone' => 'UTC',
  )),
)  
[2026-01-02 12:15:01] production.INFO: array (
  'saveStatistic' => 
  Illuminate\Support\Carbon::__set_state(array(
     'endOfTime' => false,
     'startOfTime' => false,
     'constructedObjectId' => '000000000000094e0000000000000000',
     'localMonthsOverflow' => NULL,
     'localYearsOverflow' => NULL,
     'localStrictModeEnabled' => NULL,
     'localHumanDiffOptions' => NULL,
     'localToStringFormat' => NULL,
     'localSerializer' => NULL,
     'localMacros' => NULL,
     'localGenericMacros' => NULL,
     'localFormatFunction' => NULL,
     'localTranslator' => NULL,
     'dumpProperties' => 
    array (
      0 => 'date',
      1 => 'timezone_type',
      2 => 'timezone',
    ),
     'dumpLocale' => NULL,
     'dumpDateProperties' => NULL,
     'date' => '2026-01-02 12:15:01.767053',
     'timezone_type' => 3,
     'timezone' => 'UTC',
  )),
)  
[2026-01-02 12:15:05] production.INFO: array (
  'saveStatistic' => 
  Illuminate\Support\Carbon::__set_state(array(
     'endOfTime' => false,
     'startOfTime' => false,
     'constructedObjectId' => '0000000000000cd50000000000000000',
     'localMonthsOverflow' => NULL,
     'localYearsOverflow' => NULL,
     'localStrictModeEnabled' => NULL,
     'localHumanDiffOptions' => NULL,
     'localToStringFormat' => NULL,
     'localSerializer' => NULL,
     'localMacros' => NULL,
     'localGenericMacros' => NULL,
     'localFormatFunction' => NULL,
     'localTranslator' => NULL,
     'dumpProperties' => 
    array (
      0 => 'date',
      1 => 'timezone_type',
      2 => 'timezone',
    ),
     'dumpLocale' => NULL,
     'dumpDateProperties' => NULL,
     'date' => '2026-01-02 12:15:05.000120',
     'timezone_type' => 3,
     'timezone' => 'UTC',
  )),
)  
[2026-01-02 12:15:06] production.INFO: array (
  'saveStatistic' => 
  Illuminate\Support\Carbon::__set_state(array(
     'endOfTime' => false,
     'startOfTime' => false,
     'constructedObjectId' => '0000000000000d720000000000000000',
     'localMonthsOverflow' => NULL,
     'localYearsOverflow' => NULL,
     'localStrictModeEnabled' => NULL,
     'localHumanDiffOptions' => NULL,
     'localToStringFormat' => NULL,
     'localSerializer' => NULL,
     'localMacros' => NULL,
     'localGenericMacros' => NULL,
     'localFormatFunction' => NULL,
     'localTranslator' => NULL,
     'dumpProperties' => 
    array (
      0 => 'date',
      1 => 'timezone_type',
      2 => 'timezone',
    ),
     'dumpLocale' => NULL,
     'dumpDateProperties' => NULL,
     'date' => '2026-01-02 12:15:06.739961',
     'timezone_type' => 3,
     'timezone' => 'UTC',
  )),
)  
[2026-01-02 12:15:10] production.INFO: array (
  'saveStatistic' => 
  Illuminate\Support\Carbon::__set_state(array(
     'endOfTime' => false,
     'startOfTime' => false,
     'constructedObjectId' => '0000000000000deb0000000000000000',
     'localMonthsOverflow' => NULL,
     'localYearsOverflow' => NULL,
     'localStrictModeEnabled' => NULL,
     'localHumanDiffOptions' => NULL,
     'localToStringFormat' => NULL,
     'localSerializer' => NULL,
     'localMacros' => NULL,
     'localGenericMacros' => NULL,
     'localFormatFunction' => NULL,
     'localTranslator' => NULL,
     'dumpProperties' => 
    array (
      0 => 'date',
      1 => 'timezone_type',
      2 => 'timezone',
    ),
     'dumpLocale' => NULL,
     'dumpDateProperties' => NULL,
     'date' => '2026-01-02 12:15:10.346967',
     'timezone_type' => 3,
     'timezone' => 'UTC',
  )),
)  
[2026-01-02 12:15:14] production.INFO: array (
  'saveStatistic' => 
  Illuminate\Support\Carbon::__set_state(array(
     'endOfTime' => false,
     'startOfTime' => false,
     'constructedObjectId' => '0000000000000eac0000000000000000',
     'localMonthsOverflow' => NULL,
     'localYearsOverflow' => NULL,
     'localStrictModeEnabled' => NULL,
     'localHumanDiffOptions' => NULL,
     'localToStringFormat' => NULL,
     'localSerializer' => NULL,
     'localMacros' => NULL,
     'localGenericMacros' => NULL,
     'localFormatFunction' => NULL,
     'localTranslator' => NULL,
     'dumpProperties' => 
    array (
      0 => 'date',
      1 => 'timezone_type',
      2 => 'timezone',
    ),
     'dumpLocale' => NULL,
     'dumpDateProperties' => NULL,
     'date' => '2026-01-02 12:15:14.067149',
     'timezone_type' => 3,
     'timezone' => 'UTC',
  )),
)  
[2026-01-02 12:15:18] production.INFO: array (
  'status' => 500,
  'error' => NULL,
)  
[2026-01-02 12:15:18] production.INFO: array (
  'saveStatistic' => 
  Illuminate\Support\Carbon::__set_state(array(
     'endOfTime' => false,
     'startOfTime' => false,
     'constructedObjectId' => '0000000000000f0d0000000000000000',
     'localMonthsOverflow' => NULL,
     'localYearsOverflow' => NULL,
     'localStrictModeEnabled' => NULL,
     'localHumanDiffOptions' => NULL,
     'localToStringFormat' => NULL,
     'localSerializer' => NULL,
     'localMacros' => NULL,
     'localGenericMacros' => NULL,
     'localFormatFunction' => NULL,
     'localTranslator' => NULL,
     'dumpProperties' => 
    array (
      0 => 'date',
      1 => 'timezone_type',
      2 => 'timezone',
    ),
     'dumpLocale' => NULL,
     'dumpDateProperties' => NULL,
     'date' => '2026-01-02 12:15:18.242501',
     'timezone_type' => 3,
     'timezone' => 'UTC',
  )),
)  
[2026-01-02 12:15:20] production.INFO: array (
  'status' => 500,
  'error' => NULL,
)  
[2026-01-02 12:15:20] production.INFO: array (
  'saveStatistic' => 
  Illuminate\Support\Carbon::__set_state(array(
     'endOfTime' => false,
     'startOfTime' => false,
     'constructedObjectId' => '0000000000000f120000000000000000',
     'localMonthsOverflow' => NULL,
     'localYearsOverflow' => NULL,
     'localStrictModeEnabled' => NULL,
     'localHumanDiffOptions' => NULL,
     'localToStringFormat' => NULL,
     'localSerializer' => NULL,
     'localMacros' => NULL,
     'localGenericMacros' => NULL,
     'localFormatFunction' => NULL,
     'localTranslator' => NULL,
     'dumpProperties' => 
    array (
      0 => 'date',
      1 => 'timezone_type',
      2 => 'timezone',
    ),
     'dumpLocale' => NULL,
     'dumpDateProperties' => NULL,
     'date' => '2026-01-02 12:15:20.962611',
     'timezone_type' => 3,
     'timezone' => 'UTC',
  )),
)  
[2026-01-02 12:15:23] production.INFO: array (
  'status' => 500,
  'error' => NULL,
)  
[2026-01-02 12:15:23] production.INFO: array (
  'saveStatistic' => 
  Illuminate\Support\Carbon::__set_state(array(
     'endOfTime' => false,
     'startOfTime' => false,
     'constructedObjectId' => '0000000000000f0c0000000000000000',
     'localMonthsOverflow' => NULL,
     'localYearsOverflow' => NULL,
     'localStrictModeEnabled' => NULL,
     'localHumanDiffOptions' => NULL,
     'localToStringFormat' => NULL,
     'localSerializer' => NULL,
     'localMacros' => NULL,
     'localGenericMacros' => NULL,
     'localFormatFunction' => NULL,
     'localTranslator' => NULL,
     'dumpProperties' => 
    array (
      0 => 'date',
      1 => 'timezone_type',
      2 => 'timezone',
    ),
     'dumpLocale' => NULL,
     'dumpDateProperties' => NULL,
     'date' => '2026-01-02 12:15:23.660159',
     'timezone_type' => 3,
     'timezone' => 'UTC',
  )),
)  
[2026-01-02 12:15:25] production.INFO: array (
  'status' => 500,
  'error' => NULL,
)  
[2026-01-02 12:15:25] production.INFO: array (
  'saveStatistic' => 
  Illuminate\Support\Carbon::__set_state(array(
     'endOfTime' => false,
     'startOfTime' => false,
     'constructedObjectId' => '0000000000000e9b0000000000000000',
     'localMonthsOverflow' => NULL,
     'localYearsOverflow' => NULL,
     'localStrictModeEnabled' => NULL,
     'localHumanDiffOptions' => NULL,
     'localToStringFormat' => NULL,
     'localSerializer' => NULL,
     'localMacros' => NULL,
     'localGenericMacros' => NULL,
     'localFormatFunction' => NULL,
     'localTranslator' => NULL,
     'dumpProperties' => 
    array (
      0 => 'date',
      1 => 'timezone_type',
      2 => 'timezone',
    ),
     'dumpLocale' => NULL,
     'dumpDateProperties' => NULL,
     'date' => '2026-01-02 12:15:25.935962',
     'timezone_type' => 3,
     'timezone' => 'UTC',
  )),
)  
[2026-01-02 12:15:30] production.INFO: array (
  'saveStatistic' => 
  Illuminate\Support\Carbon::__set_state(array(
     'endOfTime' => false,
     'startOfTime' => false,
     'constructedObjectId' => '0000000000000fa50000000000000000',
     'localMonthsOverflow' => NULL,
     'localYearsOverflow' => NULL,
     'localStrictModeEnabled' => NULL,
     'localHumanDiffOptions' => NULL,
     'localToStringFormat' => NULL,
     'localSerializer' => NULL,
     'localMacros' => NULL,
     'localGenericMacros' => NULL,
     'localFormatFunction' => NULL,
     'localTranslator' => NULL,
     'dumpProperties' => 
    array (
      0 => 'date',
      1 => 'timezone_type',
      2 => 'timezone',
    ),
     'dumpLocale' => NULL,
     'dumpDateProperties' => NULL,
     'date' => '2026-01-02 12:15:30.093674',
     'timezone_type' => 3,
     'timezone' => 'UTC',
  )),
)  
[2026-01-02 12:15:34] production.INFO: array (
  'saveStatistic' => 
  Illuminate\Support\Carbon::__set_state(array(
     'endOfTime' => false,
     'startOfTime' => false,
     'constructedObjectId' => '00000000000010d20000000000000000',
     'localMonthsOverflow' => NULL,
     'localYearsOverflow' => NULL,
     'localStrictModeEnabled' => NULL,
     'localHumanDiffOptions' => NULL,
     'localToStringFormat' => NULL,
     'localSerializer' => NULL,
     'localMacros' => NULL,
     'localGenericMacros' => NULL,
     'localFormatFunction' => NULL,
     'localTranslator' => NULL,
     'dumpProperties' => 
    array (
      0 => 'date',
      1 => 'timezone_type',
      2 => 'timezone',
    ),
     'dumpLocale' => NULL,
     'dumpDateProperties' => NULL,
     'date' => '2026-01-02 12:15:34.182639',
     'timezone_type' => 3,
     'timezone' => 'UTC',
  )),
)  
[2026-01-02 12:15:35] production.INFO: array (
  'saveStatistic' => 
  Illuminate\Support\Carbon::__set_state(array(
     'endOfTime' => false,
     'startOfTime' => false,
     'constructedObjectId' => '00000000000010e30000000000000000',
     'localMonthsOverflow' => NULL,
     'localYearsOverflow' => NULL,
     'localStrictModeEnabled' => NULL,
     'localHumanDiffOptions' => NULL,
     'localToStringFormat' => NULL,
     'localSerializer' => NULL,
     'localMacros' => NULL,
     'localGenericMacros' => NULL,
     'localFormatFunction' => NULL,
     'localTranslator' => NULL,
     'dumpProperties' => 
    array (
      0 => 'date',
      1 => 'timezone_type',
      2 => 'timezone',
    ),
     'dumpLocale' => NULL,
     'dumpDateProperties' => NULL,
     'date' => '2026-01-02 12:15:35.996590',
     'timezone_type' => 3,
     'timezone' => 'UTC',
  )),
)  
[2026-01-02 12:15:37] production.INFO: array (
  'saveStatistic' => 
  Illuminate\Support\Carbon::__set_state(array(
     'endOfTime' => false,
     'startOfTime' => false,
     'constructedObjectId' => '00000000000011280000000000000000',
     'localMonthsOverflow' => NULL,
     'localYearsOverflow' => NULL,
     'localStrictModeEnabled' => NULL,
     'localHumanDiffOptions' => NULL,
     'localToStringFormat' => NULL,
     'localSerializer' => NULL,
     'localMacros' => NULL,
     'localGenericMacros' => NULL,
     'localFormatFunction' => NULL,
     'localTranslator' => NULL,
     'dumpProperties' => 
    array (
      0 => 'date',
      1 => 'timezone_type',
      2 => 'timezone',
    ),
     'dumpLocale' => NULL,
     'dumpDateProperties' => NULL,
     'date' => '2026-01-02 12:15:37.803852',
     'timezone_type' => 3,
     'timezone' => 'UTC',
  )),
)  
[2026-01-02 12:15:41] production.INFO: array (
  'saveStatistic' => 
  Illuminate\Support\Carbon::__set_state(array(
     'endOfTime' => false,
     'startOfTime' => false,
     'constructedObjectId' => '000000000000120d0000000000000000',
     'localMonthsOverflow' => NULL,
     'localYearsOverflow' => NULL,
     'localStrictModeEnabled' => NULL,
     'localHumanDiffOptions' => NULL,
     'localToStringFormat' => NULL,
     'localSerializer' => NULL,
     'localMacros' => NULL,
     'localGenericMacros' => NULL,
     'localFormatFunction' => NULL,
     'localTranslator' => NULL,
     'dumpProperties' => 
    array (
      0 => 'date',
      1 => 'timezone_type',
      2 => 'timezone',
    ),
     'dumpLocale' => NULL,
     'dumpDateProperties' => NULL,
     'date' => '2026-01-02 12:15:41.883145',
     'timezone_type' => 3,
     'timezone' => 'UTC',
  )),
)  
[2026-01-02 12:15:44] production.INFO: array (
  'saveStatistic' => 
  Illuminate\Support\Carbon::__set_state(array(
     'endOfTime' => false,
     'startOfTime' => false,
     'constructedObjectId' => '00000000000012320000000000000000',
     'localMonthsOverflow' => NULL,
     'localYearsOverflow' => NULL,
     'localStrictModeEnabled' => NULL,
     'localHumanDiffOptions' => NULL,
     'localToStringFormat' => NULL,
     'localSerializer' => NULL,
     'localMacros' => NULL,
     'localGenericMacros' => NULL,
     'localFormatFunction' => NULL,
     'localTranslator' => NULL,
     'dumpProperties' => 
    array (
      0 => 'date',
      1 => 'timezone_type',
      2 => 'timezone',
    ),
     'dumpLocale' => NULL,
     'dumpDateProperties' => NULL,
     'date' => '2026-01-02 12:15:44.499309',
     'timezone_type' => 3,
     'timezone' => 'UTC',
  )),
)  
[2026-01-02 12:15:57] production.INFO: array (
  'status' => 500,
  'error' => NULL,
)  
[2026-01-02 12:15:57] production.INFO: array (
  'saveStatistic' => 
  Illuminate\Support\Carbon::__set_state(array(
     'endOfTime' => false,
     'startOfTime' => false,
     'constructedObjectId' => '00000000000012430000000000000000',
     'localMonthsOverflow' => NULL,
     'localYearsOverflow' => NULL,
     'localStrictModeEnabled' => NULL,
     'localHumanDiffOptions' => NULL,
     'localToStringFormat' => NULL,
     'localSerializer' => NULL,
     'localMacros' => NULL,
     'localGenericMacros' => NULL,
     'localFormatFunction' => NULL,
     'localTranslator' => NULL,
     'dumpProperties' => 
    array (
      0 => 'date',
      1 => 'timezone_type',
      2 => 'timezone',
    ),
     'dumpLocale' => NULL,
     'dumpDateProperties' => NULL,
     'date' => '2026-01-02 12:15:57.020335',
     'timezone_type' => 3,
     'timezone' => 'UTC',
  )),
)  
[2026-01-02 12:16:13] production.INFO: array (
  'getUserPanels username' => NULL,
  'getUserPanels lang' => 'En',
)  
[2026-01-02 12:16:13] production.ERROR: Attempt to read property "id" on null {"exception":"[object] (ErrorException(code: 0): Attempt to read property \"id\" on null at /var/www/api2-panel/Modules/Bot/Http/Services/TelegramHandler.php:416)
[stacktrace]
#0 /var/www/api2-panel/vendor/laravel/framework/src/Illuminate/Foundation/Bootstrap/HandleExceptions.php(270): Illuminate\\Foundation\\Bootstrap\\HandleExceptions->handleError()
#1 /var/www/api2-panel/Modules/Bot/Http/Services/TelegramHandler.php(416): Illuminate\\Foundation\\Bootstrap\\HandleExceptions->Illuminate\\Foundation\\Bootstrap\\{closure}()
#2 /var/www/api2-panel/vendor/laravel/framework/src/Illuminate/Database/Eloquent/Builder.php(1312): Modules\\Bot\\Http\\Services\\TelegramHandler->Modules\\Bot\\Http\\Services\\{closure}()
#3 /var/www/api2-panel/vendor/laravel/framework/src/Illuminate/Database/Eloquent/Concerns/QueriesRelationships.php(61): Illuminate\\Database\\Eloquent\\Builder->callScope()
#4 /var/www/api2-panel/vendor/laravel/framework/src/Illuminate/Database/Eloquent/Concerns/QueriesRelationships.php(152): Illuminate\\Database\\Eloquent\\Builder->has()
#5 /var/www/api2-panel/Modules/Bot/Http/Services/TelegramHandler.php(417): Illuminate\\Database\\Eloquent\\Builder->whereHas()
#6 /var/www/api2-panel/Modules/Bot/Http/Services/TelegramHandler.php(190): Modules\\Bot\\Http\\Services\\TelegramHandler->getUserPanels()
#7 /var/www/api2-panel/vendor/defstudio/telegraph/src/Handlers/WebhookHandler.php(128): Modules\\Bot\\Http\\Services\\TelegramHandler->handleChatMessage()
#8 /var/www/api2-panel/vendor/defstudio/telegraph/src/Handlers/WebhookHandler.php(228): DefStudio\\Telegraph\\Handlers\\WebhookHandler->handleMessage()
#9 /var/www/api2-panel/vendor/defstudio/telegraph/src/Controllers/WebhookController.php(28): DefStudio\\Telegraph\\Handlers\\WebhookHandler->handle()
#10 /var/www/api2-panel/vendor/laravel/framework/src/Illuminate/Routing/ControllerDispatcher.php(46): DefStudio\\Telegraph\\Controllers\\WebhookController->handle()
#11 /var/www/api2-panel/vendor/sentry/sentry-laravel/src/Sentry/Laravel/Tracing/Routing/TracingControllerDispatcherTracing.php(21): Illuminate\\Routing\\ControllerDispatcher->dispatch()
#12 /var/www/api2-panel/vendor/sentry/sentry-laravel/src/Sentry/Laravel/Tracing/Routing/TracingRoutingDispatcher.php(31): Sentry\\Laravel\\Tracing\\Routing\\TracingControllerDispatcherTracing->Sentry\\Laravel\\Tracing\\Routing\\{closure}()
#13 /var/www/api2-panel/vendor/sentry/sentry-laravel/src/Sentry/Laravel/Tracing/Routing/TracingControllerDispatcherTracing.php(20): Sentry\\Laravel\\Tracing\\Routing\\TracingRoutingDispatcher->wrapRouteDispatch()
#14 /var/www/api2-panel/vendor/laravel/framework/src/Illuminate/Routing/Route.php(260): Sentry\\Laravel\\Tracing\\Routing\\TracingControllerDispatcherTracing->dispatch()
#15 /var/www/api2-panel/vendor/laravel/framework/src/Illuminate/Routing/Route.php(205): Illuminate\\Routing\\Route->runController()
#16 /var/www/api2-panel/vendor/laravel/framework/src/Illuminate/Routing/Router.php(798): Illuminate\\Routing\\Route->run()
#17 /var/www/api2-panel/vendor/laravel/framework/src/Illuminate/Pipeline/Pipeline.php(141): Illuminate\\Routing\\Router->Illuminate\\Routing\\{closure}()
#18 /var/www/api2-panel/vendor/laravel/framework/src/Illuminate/Pipeline/Pipeline.php(116): Illuminate\\Pipeline\\Pipeline->Illuminate\\Pipeline\\{closure}()
#19 /var/www/api2-panel/vendor/laravel/framework/src/Illuminate/Routing/Router.php(799): Illuminate\\Pipeline\\Pipeline->then()
#20 /var/www/api2-panel/vendor/laravel/framework/src/Illuminate/Routing/Router.php(776): Illuminate\\Routing\\Router->runRouteWithinStack()
#21 /var/www/api2-panel/vendor/laravel/framework/src/Illuminate/Routing/Router.php(740): Illuminate\\Routing\\Router->runRoute()
#22 /var/www/api2-panel/vendor/laravel/framework/src/Illuminate/Routing/Router.php(729): Illuminate\\Routing\\Router->dispatchToRoute()
#23 /var/www/api2-panel/vendor/laravel/framework/src/Illuminate/Foundation/Http/Kernel.php(190): Illuminate\\Routing\\Router->dispatch()
#24 /var/www/api2-panel/vendor/laravel/framework/src/Illuminate/Pipeline/Pipeline.php(141): Illuminate\\Foundation\\Http\\Kernel->Illuminate\\Foundation\\Http\\{closure}()
#25 /var/www/api2-panel/vendor/sentry/sentry-laravel/src/Sentry/Laravel/Http/SetRequestIpMiddleware.php(45): Illuminate\\Pipeline\\Pipeline->Illuminate\\Pipeline\\{closure}()
#26 /var/www/api2-panel/vendor/laravel/framework/src/Illuminate/Pipeline/Pipeline.php(180): Sentry\\Laravel\\Http\\SetRequestIpMiddleware->handle()
#27 /var/www/api2-panel/vendor/sentry/sentry-laravel/src/Sentry/Laravel/Http/SetRequestMiddleware.php(30): Illuminate\\Pipeline\\Pipeline->Illuminate\\Pipeline\\{closure}()
#28 /var/www/api2-panel/vendor/laravel/framework/src/Illuminate/Pipeline/Pipeline.php(180): Sentry\\Laravel\\Http\\SetRequestMiddleware->handle()
#29 /var/www/api2-panel/vendor/laravel/framework/src/Illuminate/Foundation/Http/Middleware/TransformsRequest.php(21): Illuminate\\Pipeline\\Pipeline->Illuminate\\Pipeline\\{closure}()
#30 /var/www/api2-panel/vendor/laravel/framework/src/Illuminate/Foundation/Http/Middleware/ConvertEmptyStringsToNull.php(31): Illuminate\\Foundation\\Http\\Middleware\\TransformsRequest->handle()
#31 /var/www/api2-panel/vendor/laravel/framework/src/Illuminate/Pipeline/Pipeline.php(180): Illuminate\\Foundation\\Http\\Middleware\\ConvertEmptyStringsToNull->handle()
#32 /var/www/api2-panel/vendor/laravel/framework/src/Illuminate/Foundation/Http/Middleware/TransformsRequest.php(21): Illuminate\\Pipeline\\Pipeline->Illuminate\\Pipeline\\{closure}()
#33 /var/www/api2-panel/vendor/laravel/framework/src/Illuminate/Foundation/Http/Middleware/TrimStrings.php(40): Illuminate\\Foundation\\Http\\Middleware\\TransformsRequest->handle()
#34 /var/www/api2-panel/vendor/laravel/framework/src/Illuminate/Pipeline/Pipeline.php(180): Illuminate\\Foundation\\Http\\Middleware\\TrimStrings->handle()
#35 /var/www/api2-panel/vendor/laravel/framework/src/Illuminate/Foundation/Http/Middleware/ValidatePostSize.php(27): Illuminate\\Pipeline\\Pipeline->Illuminate\\Pipeline\\{closure}()
#36 /var/www/api2-panel/vendor/laravel/framework/src/Illuminate/Pipeline/Pipeline.php(180): Illuminate\\Foundation\\Http\\Middleware\\ValidatePostSize->handle()
#37 /var/www/api2-panel/vendor/laravel/framework/src/Illuminate/Foundation/Http/Middleware/PreventRequestsDuringMaintenance.php(86): Illuminate\\Pipeline\\Pipeline->Illuminate\\Pipeline\\{closure}()
#38 /var/www/api2-panel/vendor/laravel/framework/src/Illuminate/Pipeline/Pipeline.php(180): Illuminate\\Foundation\\Http\\Middleware\\PreventRequestsDuringMaintenance->handle()
#39 /var/www/api2-panel/vendor/laravel/framework/src/Illuminate/Http/Middleware/HandleCors.php(49): Illuminate\\Pipeline\\Pipeline->Illuminate\\Pipeline\\{closure}()
#40 /var/www/api2-panel/vendor/laravel/framework/src/Illuminate/Pipeline/Pipeline.php(180): Illuminate\\Http\\Middleware\\HandleCors->handle()
#41 /var/www/api2-panel/vendor/laravel/framework/src/Illuminate/Http/Middleware/TrustProxies.php(39): Illuminate\\Pipeline\\Pipeline->Illuminate\\Pipeline\\{closure}()
#42 /var/www/api2-panel/vendor/laravel/framework/src/Illuminate/Pipeline/Pipeline.php(180): Illuminate\\Http\\Middleware\\TrustProxies->handle()
#43 /var/www/api2-panel/vendor/sentry/sentry-laravel/src/Sentry/Laravel/Tracing/Middleware.php(77): Illuminate\\Pipeline\\Pipeline->Illuminate\\Pipeline\\{closure}()
#44 /var/www/api2-panel/vendor/laravel/framework/src/Illuminate/Pipeline/Pipeline.php(180): Sentry\\Laravel\\Tracing\\Middleware->handle()
#45 /var/www/api2-panel/vendor/laravel/framework/src/Illuminate/Pipeline/Pipeline.php(116): Illuminate\\Pipeline\\Pipeline->Illuminate\\Pipeline\\{closure}()
#46 /var/www/api2-panel/vendor/laravel/framework/src/Illuminate/Foundation/Http/Kernel.php(165): Illuminate\\Pipeline\\Pipeline->then()
#47 /var/www/api2-panel/vendor/laravel/framework/src/Illuminate/Foundation/Http/Kernel.php(134): Illuminate\\Foundation\\Http\\Kernel->sendRequestThroughRouter()
#48 /var/www/api2-panel/public/index.php(52): Illuminate\\Foundation\\Http\\Kernel->handle()
#49 {main}
"} 
[2026-01-02 12:17:36] production.INFO: array (
  'getUserPanels username' => NULL,
  'getUserPanels lang' => 'En',
)  
[2026-01-02 12:17:36] production.ERROR: Attempt to read property "id" on null {"exception":"[object] (ErrorException(code: 0): Attempt to read property \"id\" on null at /var/www/api2-panel/Modules/Bot/Http/Services/TelegramHandler.php:416)
[stacktrace]
#0 /var/www/api2-panel/vendor/laravel/framework/src/Illuminate/Foundation/Bootstrap/HandleExceptions.php(270): Illuminate\\Foundation\\Bootstrap\\HandleExceptions->handleError()
#1 /var/www/api2-panel/Modules/Bot/Http/Services/TelegramHandler.php(416): Illuminate\\Foundation\\Bootstrap\\HandleExceptions->Illuminate\\Foundation\\Bootstrap\\{closure}()
#2 /var/www/api2-panel/vendor/laravel/framework/src/Illuminate/Database/Eloquent/Builder.php(1312): Modules\\Bot\\Http\\Services\\TelegramHandler->Modules\\Bot\\Http\\Services\\{closure}()
#3 /var/www/api2-panel/vendor/laravel/framework/src/Illuminate/Database/Eloquent/Concerns/QueriesRelationships.php(61): Illuminate\\Database\\Eloquent\\Builder->callScope()
#4 /var/www/api2-panel/vendor/laravel/framework/src/Illuminate/Database/Eloquent/Concerns/QueriesRelationships.php(152): Illuminate\\Database\\Eloquent\\Builder->has()
#5 /var/www/api2-panel/Modules/Bot/Http/Services/TelegramHandler.php(417): Illuminate\\Database\\Eloquent\\Builder->whereHas()
#6 /var/www/api2-panel/Modules/Bot/Http/Services/TelegramHandler.php(190): Modules\\Bot\\Http\\Services\\TelegramHandler->getUserPanels()
#7 /var/www/api2-panel/vendor/defstudio/telegraph/src/Handlers/WebhookHandler.php(128): Modules\\Bot\\Http\\Services\\TelegramHandler->handleChatMessage()
#8 /var/www/api2-panel/vendor/defstudio/telegraph/src/Handlers/WebhookHandler.php(228): DefStudio\\Telegraph\\Handlers\\WebhookHandler->handleMessage()
#9 /var/www/api2-panel/vendor/defstudio/telegraph/src/Controllers/WebhookController.php(28): DefStudio\\Telegraph\\Handlers\\WebhookHandler->handle()
#10 /var/www/api2-panel/vendor/laravel/framework/src/Illuminate/Routing/ControllerDispatcher.php(46): DefStudio\\Telegraph\\Controllers\\WebhookController->handle()
#11 /var/www/api2-panel/vendor/sentry/sentry-laravel/src/Sentry/Laravel/Tracing/Routing/TracingControllerDispatcherTracing.php(21): Illuminate\\Routing\\ControllerDispatcher->dispatch()
#12 /var/www/api2-panel/vendor/sentry/sentry-laravel/src/Sentry/Laravel/Tracing/Routing/TracingRoutingDispatcher.php(31): Sentry\\Laravel\\Tracing\\Routing\\TracingControllerDispatcherTracing->Sentry\\Laravel\\Tracing\\Routing\\{closure}()
#13 /var/www/api2-panel/vendor/sentry/sentry-laravel/src/Sentry/Laravel/Tracing/Routing/TracingControllerDispatcherTracing.php(20): Sentry\\Laravel\\Tracing\\Routing\\TracingRoutingDispatcher->wrapRouteDispatch()
#14 /var/www/api2-panel/vendor/laravel/framework/src/Illuminate/Routing/Route.php(260): Sentry\\Laravel\\Tracing\\Routing\\TracingControllerDispatcherTracing->dispatch()
#15 /var/www/api2-panel/vendor/laravel/framework/src/Illuminate/Routing/Route.php(205): Illuminate\\Routing\\Route->runController()
#16 /var/www/api2-panel/vendor/laravel/framework/src/Illuminate/Routing/Router.php(798): Illuminate\\Routing\\Route->run()
#17 /var/www/api2-panel/vendor/laravel/framework/src/Illuminate/Pipeline/Pipeline.php(141): Illuminate\\Routing\\Router->Illuminate\\Routing\\{closure}()
#18 /var/www/api2-panel/vendor/laravel/framework/src/Illuminate/Pipeline/Pipeline.php(116): Illuminate\\Pipeline\\Pipeline->Illuminate\\Pipeline\\{closure}()
#19 /var/www/api2-panel/vendor/laravel/framework/src/Illuminate/Routing/Router.php(799): Illuminate\\Pipeline\\Pipeline->then()
#20 /var/www/api2-panel/vendor/laravel/framework/src/Illuminate/Routing/Router.php(776): Illuminate\\Routing\\Router->runRouteWithinStack()
#21 /var/www/api2-panel/vendor/laravel/framework/src/Illuminate/Routing/Router.php(740): Illuminate\\Routing\\Router->runRoute()
#22 /var/www/api2-panel/vendor/laravel/framework/src/Illuminate/Routing/Router.php(729): Illuminate\\Routing\\Router->dispatchToRoute()
#23 /var/www/api2-panel/vendor/laravel/framework/src/Illuminate/Foundation/Http/Kernel.php(190): Illuminate\\Routing\\Router->dispatch()
#24 /var/www/api2-panel/vendor/laravel/framework/src/Illuminate/Pipeline/Pipeline.php(141): Illuminate\\Foundation\\Http\\Kernel->Illuminate\\Foundation\\Http\\{closure}()
#25 /var/www/api2-panel/vendor/sentry/sentry-laravel/src/Sentry/Laravel/Http/SetRequestIpMiddleware.php(45): Illuminate\\Pipeline\\Pipeline->Illuminate\\Pipeline\\{closure}()
#26 /var/www/api2-panel/vendor/laravel/framework/src/Illuminate/Pipeline/Pipeline.php(180): Sentry\\Laravel\\Http\\SetRequestIpMiddleware->handle()
#27 /var/www/api2-panel/vendor/sentry/sentry-laravel/src/Sentry/Laravel/Http/SetRequestMiddleware.php(30): Illuminate\\Pipeline\\Pipeline->Illuminate\\Pipeline\\{closure}()
#28 /var/www/api2-panel/vendor/laravel/framework/src/Illuminate/Pipeline/Pipeline.php(180): Sentry\\Laravel\\Http\\SetRequestMiddleware->handle()
#29 /var/www/api2-panel/vendor/laravel/framework/src/Illuminate/Foundation/Http/Middleware/TransformsRequest.php(21): Illuminate\\Pipeline\\Pipeline->Illuminate\\Pipeline\\{closure}()
#30 /var/www/api2-panel/vendor/laravel/framework/src/Illuminate/Foundation/Http/Middleware/ConvertEmptyStringsToNull.php(31): Illuminate\\Foundation\\Http\\Middleware\\TransformsRequest->handle()
#31 /var/www/api2-panel/vendor/laravel/framework/src/Illuminate/Pipeline/Pipeline.php(180): Illuminate\\Foundation\\Http\\Middleware\\ConvertEmptyStringsToNull->handle()
#32 /var/www/api2-panel/vendor/laravel/framework/src/Illuminate/Foundation/Http/Middleware/TransformsRequest.php(21): Illuminate\\Pipeline\\Pipeline->Illuminate\\Pipeline\\{closure}()
#33 /var/www/api2-panel/vendor/laravel/framework/src/Illuminate/Foundation/Http/Middleware/TrimStrings.php(40): Illuminate\\Foundation\\Http\\Middleware\\TransformsRequest->handle()
#34 /var/www/api2-panel/vendor/laravel/framework/src/Illuminate/Pipeline/Pipeline.php(180): Illuminate\\Foundation\\Http\\Middleware\\TrimStrings->handle()
#35 /var/www/api2-panel/vendor/laravel/framework/src/Illuminate/Foundation/Http/Middleware/ValidatePostSize.php(27): Illuminate\\Pipeline\\Pipeline->Illuminate\\Pipeline\\{closure}()
#36 /var/www/api2-panel/vendor/laravel/framework/src/Illuminate/Pipeline/Pipeline.php(180): Illuminate\\Foundation\\Http\\Middleware\\ValidatePostSize->handle()
#37 /var/www/api2-panel/vendor/laravel/framework/src/Illuminate/Foundation/Http/Middleware/PreventRequestsDuringMaintenance.php(86): Illuminate\\Pipeline\\Pipeline->Illuminate\\Pipeline\\{closure}()
#38 /var/www/api2-panel/vendor/laravel/framework/src/Illuminate/Pipeline/Pipeline.php(180): Illuminate\\Foundation\\Http\\Middleware\\PreventRequestsDuringMaintenance->handle()
#39 /var/www/api2-panel/vendor/laravel/framework/src/Illuminate/Http/Middleware/HandleCors.php(49): Illuminate\\Pipeline\\Pipeline->Illuminate\\Pipeline\\{closure}()
#40 /var/www/api2-panel/vendor/laravel/framework/src/Illuminate/Pipeline/Pipeline.php(180): Illuminate\\Http\\Middleware\\HandleCors->handle()
#41 /var/www/api2-panel/vendor/laravel/framework/src/Illuminate/Http/Middleware/TrustProxies.php(39): Illuminate\\Pipeline\\Pipeline->Illuminate\\Pipeline\\{closure}()
#42 /var/www/api2-panel/vendor/laravel/framework/src/Illuminate/Pipeline/Pipeline.php(180): Illuminate\\Http\\Middleware\\TrustProxies->handle()
#43 /var/www/api2-panel/vendor/sentry/sentry-laravel/src/Sentry/Laravel/Tracing/Middleware.php(77): Illuminate\\Pipeline\\Pipeline->Illuminate\\Pipeline\\{closure}()
#44 /var/www/api2-panel/vendor/laravel/framework/src/Illuminate/Pipeline/Pipeline.php(180): Sentry\\Laravel\\Tracing\\Middleware->handle()
#45 /var/www/api2-panel/vendor/laravel/framework/src/Illuminate/Pipeline/Pipeline.php(116): Illuminate\\Pipeline\\Pipeline->Illuminate\\Pipeline\\{closure}()
#46 /var/www/api2-panel/vendor/laravel/framework/src/Illuminate/Foundation/Http/Kernel.php(165): Illuminate\\Pipeline\\Pipeline->then()
#47 /var/www/api2-panel/vendor/laravel/framework/src/Illuminate/Foundation/Http/Kernel.php(134): Illuminate\\Foundation\\Http\\Kernel->sendRequestThroughRouter()
#48 /var/www/api2-panel/public/index.php(52): Illuminate\\Foundation\\Http\\Kernel->handle()
#49 {main}
"} 
[2026-01-02 12:19:06] production.INFO: array (
  'getUserPanels username' => NULL,
  'getUserPanels lang' => 'En',
)  
[2026-01-02 12:19:06] production.ERROR: Attempt to read property "id" on null {"exception":"[object] (ErrorException(code: 0): Attempt to read property \"id\" on null at /var/www/api2-panel/Modules/Bot/Http/Services/TelegramHandler.php:416)
[stacktrace]
#0 /var/www/api2-panel/vendor/laravel/framework/src/Illuminate/Foundation/Bootstrap/HandleExceptions.php(270): Illuminate\\Foundation\\Bootstrap\\HandleExceptions->handleError()
#1 /var/www/api2-panel/Modules/Bot/Http/Services/TelegramHandler.php(416): Illuminate\\Foundation\\Bootstrap\\HandleExceptions->Illuminate\\Foundation\\Bootstrap\\{closure}()
#2 /var/www/api2-panel/vendor/laravel/framework/src/Illuminate/Database/Eloquent/Builder.php(1312): Modules\\Bot\\Http\\Services\\TelegramHandler->Modules\\Bot\\Http\\Services\\{closure}()
#3 /var/www/api2-panel/vendor/laravel/framework/src/Illuminate/Database/Eloquent/Concerns/QueriesRelationships.php(61): Illuminate\\Database\\Eloquent\\Builder->callScope()
#4 /var/www/api2-panel/vendor/laravel/framework/src/Illuminate/Database/Eloquent/Concerns/QueriesRelationships.php(152): Illuminate\\Database\\Eloquent\\Builder->has()
#5 /var/www/api2-panel/Modules/Bot/Http/Services/TelegramHandler.php(417): Illuminate\\Database\\Eloquent\\Builder->whereHas()
#6 /var/www/api2-panel/Modules/Bot/Http/Services/TelegramHandler.php(190): Modules\\Bot\\Http\\Services\\TelegramHandler->getUserPanels()
#7 /var/www/api2-panel/vendor/defstudio/telegraph/src/Handlers/WebhookHandler.php(128): Modules\\Bot\\Http\\Services\\TelegramHandler->handleChatMessage()
#8 /var/www/api2-panel/vendor/defstudio/telegraph/src/Handlers/WebhookHandler.php(228): DefStudio\\Telegraph\\Handlers\\WebhookHandler->handleMessage()
#9 /var/www/api2-panel/vendor/defstudio/telegraph/src/Controllers/WebhookController.php(28): DefStudio\\Telegraph\\Handlers\\WebhookHandler->handle()
#10 /var/www/api2-panel/vendor/laravel/framework/src/Illuminate/Routing/ControllerDispatcher.php(46): DefStudio\\Telegraph\\Controllers\\WebhookController->handle()
#11 /var/www/api2-panel/vendor/sentry/sentry-laravel/src/Sentry/Laravel/Tracing/Routing/TracingControllerDispatcherTracing.php(21): Illuminate\\Routing\\ControllerDispatcher->dispatch()
#12 /var/www/api2-panel/vendor/sentry/sentry-laravel/src/Sentry/Laravel/Tracing/Routing/TracingRoutingDispatcher.php(31): Sentry\\Laravel\\Tracing\\Routing\\TracingControllerDispatcherTracing->Sentry\\Laravel\\Tracing\\Routing\\{closure}()
#13 /var/www/api2-panel/vendor/sentry/sentry-laravel/src/Sentry/Laravel/Tracing/Routing/TracingControllerDispatcherTracing.php(20): Sentry\\Laravel\\Tracing\\Routing\\TracingRoutingDispatcher->wrapRouteDispatch()
#14 /var/www/api2-panel/vendor/laravel/framework/src/Illuminate/Routing/Route.php(260): Sentry\\Laravel\\Tracing\\Routing\\TracingControllerDispatcherTracing->dispatch()
#15 /var/www/api2-panel/vendor/laravel/framework/src/Illuminate/Routing/Route.php(205): Illuminate\\Routing\\Route->runController()
#16 /var/www/api2-panel/vendor/laravel/framework/src/Illuminate/Routing/Router.php(798): Illuminate\\Routing\\Route->run()
#17 /var/www/api2-panel/vendor/laravel/framework/src/Illuminate/Pipeline/Pipeline.php(141): Illuminate\\Routing\\Router->Illuminate\\Routing\\{closure}()
#18 /var/www/api2-panel/vendor/laravel/framework/src/Illuminate/Pipeline/Pipeline.php(116): Illuminate\\Pipeline\\Pipeline->Illuminate\\Pipeline\\{closure}()
#19 /var/www/api2-panel/vendor/laravel/framework/src/Illuminate/Routing/Router.php(799): Illuminate\\Pipeline\\Pipeline->then()
#20 /var/www/api2-panel/vendor/laravel/framework/src/Illuminate/Routing/Router.php(776): Illuminate\\Routing\\Router->runRouteWithinStack()
#21 /var/www/api2-panel/vendor/laravel/framework/src/Illuminate/Routing/Router.php(740): Illuminate\\Routing\\Router->runRoute()
#22 /var/www/api2-panel/vendor/laravel/framework/src/Illuminate/Routing/Router.php(729): Illuminate\\Routing\\Router->dispatchToRoute()
#23 /var/www/api2-panel/vendor/laravel/framework/src/Illuminate/Foundation/Http/Kernel.php(190): Illuminate\\Routing\\Router->dispatch()
#24 /var/www/api2-panel/vendor/laravel/framework/src/Illuminate/Pipeline/Pipeline.php(141): Illuminate\\Foundation\\Http\\Kernel->Illuminate\\Foundation\\Http\\{closure}()
#25 /var/www/api2-panel/vendor/sentry/sentry-laravel/src/Sentry/Laravel/Http/SetRequestIpMiddleware.php(45): Illuminate\\Pipeline\\Pipeline->Illuminate\\Pipeline\\{closure}()
#26 /var/www/api2-panel/vendor/laravel/framework/src/Illuminate/Pipeline/Pipeline.php(180): Sentry\\Laravel\\Http\\SetRequestIpMiddleware->handle()
#27 /var/www/api2-panel/vendor/sentry/sentry-laravel/src/Sentry/Laravel/Http/SetRequestMiddleware.php(30): Illuminate\\Pipeline\\Pipeline->Illuminate\\Pipeline\\{closure}()
#28 /var/www/api2-panel/vendor/laravel/framework/src/Illuminate/Pipeline/Pipeline.php(180): Sentry\\Laravel\\Http\\SetRequestMiddleware->handle()
#29 /var/www/api2-panel/vendor/laravel/framework/src/Illuminate/Foundation/Http/Middleware/TransformsRequest.php(21): Illuminate\\Pipeline\\Pipeline->Illuminate\\Pipeline\\{closure}()
#30 /var/www/api2-panel/vendor/laravel/framework/src/Illuminate/Foundation/Http/Middleware/ConvertEmptyStringsToNull.php(31): Illuminate\\Foundation\\Http\\Middleware\\TransformsRequest->handle()
#31 /var/www/api2-panel/vendor/laravel/framework/src/Illuminate/Pipeline/Pipeline.php(180): Illuminate\\Foundation\\Http\\Middleware\\ConvertEmptyStringsToNull->handle()
#32 /var/www/api2-panel/vendor/laravel/framework/src/Illuminate/Foundation/Http/Middleware/TransformsRequest.php(21): Illuminate\\Pipeline\\Pipeline->Illuminate\\Pipeline\\{closure}()
#33 /var/www/api2-panel/vendor/laravel/framework/src/Illuminate/Foundation/Http/Middleware/TrimStrings.php(40): Illuminate\\Foundation\\Http\\Middleware\\TransformsRequest->handle()
#34 /var/www/api2-panel/vendor/laravel/framework/src/Illuminate/Pipeline/Pipeline.php(180): Illuminate\\Foundation\\Http\\Middleware\\TrimStrings->handle()
#35 /var/www/api2-panel/vendor/laravel/framework/src/Illuminate/Foundation/Http/Middleware/ValidatePostSize.php(27): Illuminate\\Pipeline\\Pipeline->Illuminate\\Pipeline\\{closure}()
#36 /var/www/api2-panel/vendor/laravel/framework/src/Illuminate/Pipeline/Pipeline.php(180): Illuminate\\Foundation\\Http\\Middleware\\ValidatePostSize->handle()
#37 /var/www/api2-panel/vendor/laravel/framework/src/Illuminate/Foundation/Http/Middleware/PreventRequestsDuringMaintenance.php(86): Illuminate\\Pipeline\\Pipeline->Illuminate\\Pipeline\\{closure}()
#38 /var/www/api2-panel/vendor/laravel/framework/src/Illuminate/Pipeline/Pipeline.php(180): Illuminate\\Foundation\\Http\\Middleware\\PreventRequestsDuringMaintenance->handle()
#39 /var/www/api2-panel/vendor/laravel/framework/src/Illuminate/Http/Middleware/HandleCors.php(49): Illuminate\\Pipeline\\Pipeline->Illuminate\\Pipeline\\{closure}()
#40 /var/www/api2-panel/vendor/laravel/framework/src/Illuminate/Pipeline/Pipeline.php(180): Illuminate\\Http\\Middleware\\HandleCors->handle()
#41 /var/www/api2-panel/vendor/laravel/framework/src/Illuminate/Http/Middleware/TrustProxies.php(39): Illuminate\\Pipeline\\Pipeline->Illuminate\\Pipeline\\{closure}()
#42 /var/www/api2-panel/vendor/laravel/framework/src/Illuminate/Pipeline/Pipeline.php(180): Illuminate\\Http\\Middleware\\TrustProxies->handle()
#43 /var/www/api2-panel/vendor/sentry/sentry-laravel/src/Sentry/Laravel/Tracing/Middleware.php(77): Illuminate\\Pipeline\\Pipeline->Illuminate\\Pipeline\\{closure}()
#44 /var/www/api2-panel/vendor/laravel/framework/src/Illuminate/Pipeline/Pipeline.php(180): Sentry\\Laravel\\Tracing\\Middleware->handle()
#45 /var/www/api2-panel/vendor/laravel/framework/src/Illuminate/Pipeline/Pipeline.php(116): Illuminate\\Pipeline\\Pipeline->Illuminate\\Pipeline\\{closure}()
#46 /var/www/api2-panel/vendor/laravel/framework/src/Illuminate/Foundation/Http/Kernel.php(165): Illuminate\\Pipeline\\Pipeline->then()
#47 /var/www/api2-panel/vendor/laravel/framework/src/Illuminate/Foundation/Http/Kernel.php(134): Illuminate\\Foundation\\Http\\Kernel->sendRequestThroughRouter()
#48 /var/www/api2-panel/public/index.php(52): Illuminate\\Foundation\\Http\\Kernel->handle()
#49 {main}
"} 
[2026-01-02 12:20:43] production.INFO: array (
  'getUserPanels username' => NULL,
  'getUserPanels lang' => 'En',
)  
[2026-01-02 12:20:43] production.ERROR: Attempt to read property "id" on null {"exception":"[object] (ErrorException(code: 0): Attempt to read property \"id\" on null at /var/www/api2-panel/Modules/Bot/Http/Services/TelegramHandler.php:416)
[stacktrace]
#0 /var/www/api2-panel/vendor/laravel/framework/src/Illuminate/Foundation/Bootstrap/HandleExceptions.php(270): Illuminate\\Foundation\\Bootstrap\\HandleExceptions->handleError()
#1 /var/www/api2-panel/Modules/Bot/Http/Services/TelegramHandler.php(416): Illuminate\\Foundation\\Bootstrap\\HandleExceptions->Illuminate\\Foundation\\Bootstrap\\{closure}()
#2 /var/www/api2-panel/vendor/laravel/framework/src/Illuminate/Database/Eloquent/Builder.php(1312): Modules\\Bot\\Http\\Services\\TelegramHandler->Modules\\Bot\\Http\\Services\\{closure}()
#3 /var/www/api2-panel/vendor/laravel/framework/src/Illuminate/Database/Eloquent/Concerns/QueriesRelationships.php(61): Illuminate\\Database\\Eloquent\\Builder->callScope()
#4 /var/www/api2-panel/vendor/laravel/framework/src/Illuminate/Database/Eloquent/Concerns/QueriesRelationships.php(152): Illuminate\\Database\\Eloquent\\Builder->has()
#5 /var/www/api2-panel/Modules/Bot/Http/Services/TelegramHandler.php(417): Illuminate\\Database\\Eloquent\\Builder->whereHas()
#6 /var/www/api2-panel/Modules/Bot/Http/Services/TelegramHandler.php(190): Modules\\Bot\\Http\\Services\\TelegramHandler->getUserPanels()
#7 /var/www/api2-panel/vendor/defstudio/telegraph/src/Handlers/WebhookHandler.php(128): Modules\\Bot\\Http\\Services\\TelegramHandler->handleChatMessage()
#8 /var/www/api2-panel/vendor/defstudio/telegraph/src/Handlers/WebhookHandler.php(228): DefStudio\\Telegraph\\Handlers\\WebhookHandler->handleMessage()
#9 /var/www/api2-panel/vendor/defstudio/telegraph/src/Controllers/WebhookController.php(28): DefStudio\\Telegraph\\Handlers\\WebhookHandler->handle()
#10 /var/www/api2-panel/vendor/laravel/framework/src/Illuminate/Routing/ControllerDispatcher.php(46): DefStudio\\Telegraph\\Controllers\\WebhookController->handle()
#11 /var/www/api2-panel/vendor/sentry/sentry-laravel/src/Sentry/Laravel/Tracing/Routing/TracingControllerDispatcherTracing.php(21): Illuminate\\Routing\\ControllerDispatcher->dispatch()
#12 /var/www/api2-panel/vendor/sentry/sentry-laravel/src/Sentry/Laravel/Tracing/Routing/TracingRoutingDispatcher.php(31): Sentry\\Laravel\\Tracing\\Routing\\TracingControllerDispatcherTracing->Sentry\\Laravel\\Tracing\\Routing\\{closure}()
#13 /var/www/api2-panel/vendor/sentry/sentry-laravel/src/Sentry/Laravel/Tracing/Routing/TracingControllerDispatcherTracing.php(20): Sentry\\Laravel\\Tracing\\Routing\\TracingRoutingDispatcher->wrapRouteDispatch()
#14 /var/www/api2-panel/vendor/laravel/framework/src/Illuminate/Routing/Route.php(260): Sentry\\Laravel\\Tracing\\Routing\\TracingControllerDispatcherTracing->dispatch()
#15 /var/www/api2-panel/vendor/laravel/framework/src/Illuminate/Routing/Route.php(205): Illuminate\\Routing\\Route->runController()
#16 /var/www/api2-panel/vendor/laravel/framework/src/Illuminate/Routing/Router.php(798): Illuminate\\Routing\\Route->run()
#17 /var/www/api2-panel/vendor/laravel/framework/src/Illuminate/Pipeline/Pipeline.php(141): Illuminate\\Routing\\Router->Illuminate\\Routing\\{closure}()
#18 /var/www/api2-panel/vendor/laravel/framework/src/Illuminate/Pipeline/Pipeline.php(116): Illuminate\\Pipeline\\Pipeline->Illuminate\\Pipeline\\{closure}()
#19 /var/www/api2-panel/vendor/laravel/framework/src/Illuminate/Routing/Router.php(799): Illuminate\\Pipeline\\Pipeline->then()
#20 /var/www/api2-panel/vendor/laravel/framework/src/Illuminate/Routing/Router.php(776): Illuminate\\Routing\\Router->runRouteWithinStack()
#21 /var/www/api2-panel/vendor/laravel/framework/src/Illuminate/Routing/Router.php(740): Illuminate\\Routing\\Router->runRoute()
#22 /var/www/api2-panel/vendor/laravel/framework/src/Illuminate/Routing/Router.php(729): Illuminate\\Routing\\Router->dispatchToRoute()
#23 /var/www/api2-panel/vendor/laravel/framework/src/Illuminate/Foundation/Http/Kernel.php(190): Illuminate\\Routing\\Router->dispatch()
#24 /var/www/api2-panel/vendor/laravel/framework/src/Illuminate/Pipeline/Pipeline.php(141): Illuminate\\Foundation\\Http\\Kernel->Illuminate\\Foundation\\Http\\{closure}()
#25 /var/www/api2-panel/vendor/sentry/sentry-laravel/src/Sentry/Laravel/Http/SetRequestIpMiddleware.php(45): Illuminate\\Pipeline\\Pipeline->Illuminate\\Pipeline\\{closure}()
#26 /var/www/api2-panel/vendor/laravel/framework/src/Illuminate/Pipeline/Pipeline.php(180): Sentry\\Laravel\\Http\\SetRequestIpMiddleware->handle()
#27 /var/www/api2-panel/vendor/sentry/sentry-laravel/src/Sentry/Laravel/Http/SetRequestMiddleware.php(30): Illuminate\\Pipeline\\Pipeline->Illuminate\\Pipeline\\{closure}()
#28 /var/www/api2-panel/vendor/laravel/framework/src/Illuminate/Pipeline/Pipeline.php(180): Sentry\\Laravel\\Http\\SetRequestMiddleware->handle()
#29 /var/www/api2-panel/vendor/laravel/framework/src/Illuminate/Foundation/Http/Middleware/TransformsRequest.php(21): Illuminate\\Pipeline\\Pipeline->Illuminate\\Pipeline\\{closure}()
#30 /var/www/api2-panel/vendor/laravel/framework/src/Illuminate/Foundation/Http/Middleware/ConvertEmptyStringsToNull.php(31): Illuminate\\Foundation\\Http\\Middleware\\TransformsRequest->handle()
#31 /var/www/api2-panel/vendor/laravel/framework/src/Illuminate/Pipeline/Pipeline.php(180): Illuminate\\Foundation\\Http\\Middleware\\ConvertEmptyStringsToNull->handle()
#32 /var/www/api2-panel/vendor/laravel/framework/src/Illuminate/Foundation/Http/Middleware/TransformsRequest.php(21): Illuminate\\Pipeline\\Pipeline->Illuminate\\Pipeline\\{closure}()
#33 /var/www/api2-panel/vendor/laravel/framework/src/Illuminate/Foundation/Http/Middleware/TrimStrings.php(40): Illuminate\\Foundation\\Http\\Middleware\\TransformsRequest->handle()
#34 /var/www/api2-panel/vendor/laravel/framework/src/Illuminate/Pipeline/Pipeline.php(180): Illuminate\\Foundation\\Http\\Middleware\\TrimStrings->handle()
#35 /var/www/api2-panel/vendor/laravel/framework/src/Illuminate/Foundation/Http/Middleware/ValidatePostSize.php(27): Illuminate\\Pipeline\\Pipeline->Illuminate\\Pipeline\\{closure}()
#36 /var/www/api2-panel/vendor/laravel/framework/src/Illuminate/Pipeline/Pipeline.php(180): Illuminate\\Foundation\\Http\\Middleware\\ValidatePostSize->handle()
#37 /var/www/api2-panel/vendor/laravel/framework/src/Illuminate/Foundation/Http/Middleware/PreventRequestsDuringMaintenance.php(86): Illuminate\\Pipeline\\Pipeline->Illuminate\\Pipeline\\{closure}()
#38 /var/www/api2-panel/vendor/laravel/framework/src/Illuminate/Pipeline/Pipeline.php(180): Illuminate\\Foundation\\Http\\Middleware\\PreventRequestsDuringMaintenance->handle()
#39 /var/www/api2-panel/vendor/laravel/framework/src/Illuminate/Http/Middleware/HandleCors.php(49): Illuminate\\Pipeline\\Pipeline->Illuminate\\Pipeline\\{closure}()
#40 /var/www/api2-panel/vendor/laravel/framework/src/Illuminate/Pipeline/Pipeline.php(180): Illuminate\\Http\\Middleware\\HandleCors->handle()
#41 /var/www/api2-panel/vendor/laravel/framework/src/Illuminate/Http/Middleware/TrustProxies.php(39): Illuminate\\Pipeline\\Pipeline->Illuminate\\Pipeline\\{closure}()
#42 /var/www/api2-panel/vendor/laravel/framework/src/Illuminate/Pipeline/Pipeline.php(180): Illuminate\\Http\\Middleware\\TrustProxies->handle()
#43 /var/www/api2-panel/vendor/sentry/sentry-laravel/src/Sentry/Laravel/Tracing/Middleware.php(77): Illuminate\\Pipeline\\Pipeline->Illuminate\\Pipeline\\{closure}()
#44 /var/www/api2-panel/vendor/laravel/framework/src/Illuminate/Pipeline/Pipeline.php(180): Sentry\\Laravel\\Tracing\\Middleware->handle()
#45 /var/www/api2-panel/vendor/laravel/framework/src/Illuminate/Pipeline/Pipeline.php(116): Illuminate\\Pipeline\\Pipeline->Illuminate\\Pipeline\\{closure}()
#46 /var/www/api2-panel/vendor/laravel/framework/src/Illuminate/Foundation/Http/Kernel.php(165): Illuminate\\Pipeline\\Pipeline->then()
#47 /var/www/api2-panel/vendor/laravel/framework/src/Illuminate/Foundation/Http/Kernel.php(134): Illuminate\\Foundation\\Http\\Kernel->sendRequestThroughRouter()
#48 /var/www/api2-panel/public/index.php(52): Illuminate\\Foundation\\Http\\Kernel->handle()
#49 {main}
"} 
[2026-01-02 12:22:05] production.INFO: array (
  'getUserPanels username' => NULL,
  'getUserPanels lang' => 'En',
)  
[2026-01-02 12:22:05] production.ERROR: Attempt to read property "id" on null {"exception":"[object] (ErrorException(code: 0): Attempt to read property \"id\" on null at /var/www/api2-panel/Modules/Bot/Http/Services/TelegramHandler.php:416)
[stacktrace]
#0 /var/www/api2-panel/vendor/laravel/framework/src/Illuminate/Foundation/Bootstrap/HandleExceptions.php(270): Illuminate\\Foundation\\Bootstrap\\HandleExceptions->handleError()
#1 /var/www/api2-panel/Modules/Bot/Http/Services/TelegramHandler.php(416): Illuminate\\Foundation\\Bootstrap\\HandleExceptions->Illuminate\\Foundation\\Bootstrap\\{closure}()
#2 /var/www/api2-panel/vendor/laravel/framework/src/Illuminate/Database/Eloquent/Builder.php(1312): Modules\\Bot\\Http\\Services\\TelegramHandler->Modules\\Bot\\Http\\Services\\{closure}()
#3 /var/www/api2-panel/vendor/laravel/framework/src/Illuminate/Database/Eloquent/Concerns/QueriesRelationships.php(61): Illuminate\\Database\\Eloquent\\Builder->callScope()
#4 /var/www/api2-panel/vendor/laravel/framework/src/Illuminate/Database/Eloquent/Concerns/QueriesRelationships.php(152): Illuminate\\Database\\Eloquent\\Builder->has()
#5 /var/www/api2-panel/Modules/Bot/Http/Services/TelegramHandler.php(417): Illuminate\\Database\\Eloquent\\Builder->whereHas()
#6 /var/www/api2-panel/Modules/Bot/Http/Services/TelegramHandler.php(190): Modules\\Bot\\Http\\Services\\TelegramHandler->getUserPanels()
#7 /var/www/api2-panel/vendor/defstudio/telegraph/src/Handlers/WebhookHandler.php(128): Modules\\Bot\\Http\\Services\\TelegramHandler->handleChatMessage()
#8 /var/www/api2-panel/vendor/defstudio/telegraph/src/Handlers/WebhookHandler.php(228): DefStudio\\Telegraph\\Handlers\\WebhookHandler->handleMessage()
#9 /var/www/api2-panel/vendor/defstudio/telegraph/src/Controllers/WebhookController.php(28): DefStudio\\Telegraph\\Handlers\\WebhookHandler->handle()
#10 /var/www/api2-panel/vendor/laravel/framework/src/Illuminate/Routing/ControllerDispatcher.php(46): DefStudio\\Telegraph\\Controllers\\WebhookController->handle()
#11 /var/www/api2-panel/vendor/sentry/sentry-laravel/src/Sentry/Laravel/Tracing/Routing/TracingControllerDispatcherTracing.php(21): Illuminate\\Routing\\ControllerDispatcher->dispatch()
#12 /var/www/api2-panel/vendor/sentry/sentry-laravel/src/Sentry/Laravel/Tracing/Routing/TracingRoutingDispatcher.php(31): Sentry\\Laravel\\Tracing\\Routing\\TracingControllerDispatcherTracing->Sentry\\Laravel\\Tracing\\Routing\\{closure}()
#13 /var/www/api2-panel/vendor/sentry/sentry-laravel/src/Sentry/Laravel/Tracing/Routing/TracingControllerDispatcherTracing.php(20): Sentry\\Laravel\\Tracing\\Routing\\TracingRoutingDispatcher->wrapRouteDispatch()
#14 /var/www/api2-panel/vendor/laravel/framework/src/Illuminate/Routing/Route.php(260): Sentry\\Laravel\\Tracing\\Routing\\TracingControllerDispatcherTracing->dispatch()
#15 /var/www/api2-panel/vendor/laravel/framework/src/Illuminate/Routing/Route.php(205): Illuminate\\Routing\\Route->runController()
#16 /var/www/api2-panel/vendor/laravel/framework/src/Illuminate/Routing/Router.php(798): Illuminate\\Routing\\Route->run()
#17 /var/www/api2-panel/vendor/laravel/framework/src/Illuminate/Pipeline/Pipeline.php(141): Illuminate\\Routing\\Router->Illuminate\\Routing\\{closure}()
#18 /var/www/api2-panel/vendor/laravel/framework/src/Illuminate/Pipeline/Pipeline.php(116): Illuminate\\Pipeline\\Pipeline->Illuminate\\Pipeline\\{closure}()
#19 /var/www/api2-panel/vendor/laravel/framework/src/Illuminate/Routing/Router.php(799): Illuminate\\Pipeline\\Pipeline->then()
#20 /var/www/api2-panel/vendor/laravel/framework/src/Illuminate/Routing/Router.php(776): Illuminate\\Routing\\Router->runRouteWithinStack()
#21 /var/www/api2-panel/vendor/laravel/framework/src/Illuminate/Routing/Router.php(740): Illuminate\\Routing\\Router->runRoute()
#22 /var/www/api2-panel/vendor/laravel/framework/src/Illuminate/Routing/Router.php(729): Illuminate\\Routing\\Router->dispatchToRoute()
#23 /var/www/api2-panel/vendor/laravel/framework/src/Illuminate/Foundation/Http/Kernel.php(190): Illuminate\\Routing\\Router->dispatch()
#24 /var/www/api2-panel/vendor/laravel/framework/src/Illuminate/Pipeline/Pipeline.php(141): Illuminate\\Foundation\\Http\\Kernel->Illuminate\\Foundation\\Http\\{closure}()
#25 /var/www/api2-panel/vendor/sentry/sentry-laravel/src/Sentry/Laravel/Http/SetRequestIpMiddleware.php(45): Illuminate\\Pipeline\\Pipeline->Illuminate\\Pipeline\\{closure}()
#26 /var/www/api2-panel/vendor/laravel/framework/src/Illuminate/Pipeline/Pipeline.php(180): Sentry\\Laravel\\Http\\SetRequestIpMiddleware->handle()
#27 /var/www/api2-panel/vendor/sentry/sentry-laravel/src/Sentry/Laravel/Http/SetRequestMiddleware.php(30): Illuminate\\Pipeline\\Pipeline->Illuminate\\Pipeline\\{closure}()
#28 /var/www/api2-panel/vendor/laravel/framework/src/Illuminate/Pipeline/Pipeline.php(180): Sentry\\Laravel\\Http\\SetRequestMiddleware->handle()
#29 /var/www/api2-panel/vendor/laravel/framework/src/Illuminate/Foundation/Http/Middleware/TransformsRequest.php(21): Illuminate\\Pipeline\\Pipeline->Illuminate\\Pipeline\\{closure}()
#30 /var/www/api2-panel/vendor/laravel/framework/src/Illuminate/Foundation/Http/Middleware/ConvertEmptyStringsToNull.php(31): Illuminate\\Foundation\\Http\\Middleware\\TransformsRequest->handle()
#31 /var/www/api2-panel/vendor/laravel/framework/src/Illuminate/Pipeline/Pipeline.php(180): Illuminate\\Foundation\\Http\\Middleware\\ConvertEmptyStringsToNull->handle()
#32 /var/www/api2-panel/vendor/laravel/framework/src/Illuminate/Foundation/Http/Middleware/TransformsRequest.php(21): Illuminate\\Pipeline\\Pipeline->Illuminate\\Pipeline\\{closure}()
#33 /var/www/api2-panel/vendor/laravel/framework/src/Illuminate/Foundation/Http/Middleware/TrimStrings.php(40): Illuminate\\Foundation\\Http\\Middleware\\TransformsRequest->handle()
#34 /var/www/api2-panel/vendor/laravel/framework/src/Illuminate/Pipeline/Pipeline.php(180): Illuminate\\Foundation\\Http\\Middleware\\TrimStrings->handle()
#35 /var/www/api2-panel/vendor/laravel/framework/src/Illuminate/Foundation/Http/Middleware/ValidatePostSize.php(27): Illuminate\\Pipeline\\Pipeline->Illuminate\\Pipeline\\{closure}()
#36 /var/www/api2-panel/vendor/laravel/framework/src/Illuminate/Pipeline/Pipeline.php(180): Illuminate\\Foundation\\Http\\Middleware\\ValidatePostSize->handle()
#37 /var/www/api2-panel/vendor/laravel/framework/src/Illuminate/Foundation/Http/Middleware/PreventRequestsDuringMaintenance.php(86): Illuminate\\Pipeline\\Pipeline->Illuminate\\Pipeline\\{closure}()
#38 /var/www/api2-panel/vendor/laravel/framework/src/Illuminate/Pipeline/Pipeline.php(180): Illuminate\\Foundation\\Http\\Middleware\\PreventRequestsDuringMaintenance->handle()
#39 /var/www/api2-panel/vendor/laravel/framework/src/Illuminate/Http/Middleware/HandleCors.php(49): Illuminate\\Pipeline\\Pipeline->Illuminate\\Pipeline\\{closure}()
#40 /var/www/api2-panel/vendor/laravel/framework/src/Illuminate/Pipeline/Pipeline.php(180): Illuminate\\Http\\Middleware\\HandleCors->handle()
#41 /var/www/api2-panel/vendor/laravel/framework/src/Illuminate/Http/Middleware/TrustProxies.php(39): Illuminate\\Pipeline\\Pipeline->Illuminate\\Pipeline\\{closure}()
#42 /var/www/api2-panel/vendor/laravel/framework/src/Illuminate/Pipeline/Pipeline.php(180): Illuminate\\Http\\Middleware\\TrustProxies->handle()
#43 /var/www/api2-panel/vendor/sentry/sentry-laravel/src/Sentry/Laravel/Tracing/Middleware.php(77): Illuminate\\Pipeline\\Pipeline->Illuminate\\Pipeline\\{closure}()
#44 /var/www/api2-panel/vendor/laravel/framework/src/Illuminate/Pipeline/Pipeline.php(180): Sentry\\Laravel\\Tracing\\Middleware->handle()
#45 /var/www/api2-panel/vendor/laravel/framework/src/Illuminate/Pipeline/Pipeline.php(116): Illuminate\\Pipeline\\Pipeline->Illuminate\\Pipeline\\{closure}()
#46 /var/www/api2-panel/vendor/laravel/framework/src/Illuminate/Foundation/Http/Kernel.php(165): Illuminate\\Pipeline\\Pipeline->then()
#47 /var/www/api2-panel/vendor/laravel/framework/src/Illuminate/Foundation/Http/Kernel.php(134): Illuminate\\Foundation\\Http\\Kernel->sendRequestThroughRouter()
#48 /var/www/api2-panel/public/index.php(52): Illuminate\\Foundation\\Http\\Kernel->handle()
#49 {main}
"} 
[2026-01-02 12:23:12] production.INFO: array (
  'getUserPanels username' => NULL,
  'getUserPanels lang' => 'En',
)  
[2026-01-02 12:23:12] production.ERROR: Attempt to read property "id" on null {"exception":"[object] (ErrorException(code: 0): Attempt to read property \"id\" on null at /var/www/api2-panel/Modules/Bot/Http/Services/TelegramHandler.php:416)
[stacktrace]
#0 /var/www/api2-panel/vendor/laravel/framework/src/Illuminate/Foundation/Bootstrap/HandleExceptions.php(270): Illuminate\\Foundation\\Bootstrap\\HandleExceptions->handleError()
#1 /var/www/api2-panel/Modules/Bot/Http/Services/TelegramHandler.php(416): Illuminate\\Foundation\\Bootstrap\\HandleExceptions->Illuminate\\Foundation\\Bootstrap\\{closure}()
#2 /var/www/api2-panel/vendor/laravel/framework/src/Illuminate/Database/Eloquent/Builder.php(1312): Modules\\Bot\\Http\\Services\\TelegramHandler->Modules\\Bot\\Http\\Services\\{closure}()
#3 /var/www/api2-panel/vendor/laravel/framework/src/Illuminate/Database/Eloquent/Concerns/QueriesRelationships.php(61): Illuminate\\Database\\Eloquent\\Builder->callScope()
#4 /var/www/api2-panel/vendor/laravel/framework/src/Illuminate/Database/Eloquent/Concerns/QueriesRelationships.php(152): Illuminate\\Database\\Eloquent\\Builder->has()
#5 /var/www/api2-panel/Modules/Bot/Http/Services/TelegramHandler.php(417): Illuminate\\Database\\Eloquent\\Builder->whereHas()
#6 /var/www/api2-panel/Modules/Bot/Http/Services/TelegramHandler.php(190): Modules\\Bot\\Http\\Services\\TelegramHandler->getUserPanels()
#7 /var/www/api2-panel/vendor/defstudio/telegraph/src/Handlers/WebhookHandler.php(128): Modules\\Bot\\Http\\Services\\TelegramHandler->handleChatMessage()
#8 /var/www/api2-panel/vendor/defstudio/telegraph/src/Handlers/WebhookHandler.php(228): DefStudio\\Telegraph\\Handlers\\WebhookHandler->handleMessage()
#9 /var/www/api2-panel/vendor/defstudio/telegraph/src/Controllers/WebhookController.php(28): DefStudio\\Telegraph\\Handlers\\WebhookHandler->handle()
#10 /var/www/api2-panel/vendor/laravel/framework/src/Illuminate/Routing/ControllerDispatcher.php(46): DefStudio\\Telegraph\\Controllers\\WebhookController->handle()
#11 /var/www/api2-panel/vendor/sentry/sentry-laravel/src/Sentry/Laravel/Tracing/Routing/TracingControllerDispatcherTracing.php(21): Illuminate\\Routing\\ControllerDispatcher->dispatch()
#12 /var/www/api2-panel/vendor/sentry/sentry-laravel/src/Sentry/Laravel/Tracing/Routing/TracingRoutingDispatcher.php(31): Sentry\\Laravel\\Tracing\\Routing\\TracingControllerDispatcherTracing->Sentry\\Laravel\\Tracing\\Routing\\{closure}()
#13 /var/www/api2-panel/vendor/sentry/sentry-laravel/src/Sentry/Laravel/Tracing/Routing/TracingControllerDispatcherTracing.php(20): Sentry\\Laravel\\Tracing\\Routing\\TracingRoutingDispatcher->wrapRouteDispatch()
#14 /var/www/api2-panel/vendor/laravel/framework/src/Illuminate/Routing/Route.php(260): Sentry\\Laravel\\Tracing\\Routing\\TracingControllerDispatcherTracing->dispatch()
#15 /var/www/api2-panel/vendor/laravel/framework/src/Illuminate/Routing/Route.php(205): Illuminate\\Routing\\Route->runController()
#16 /var/www/api2-panel/vendor/laravel/framework/src/Illuminate/Routing/Router.php(798): Illuminate\\Routing\\Route->run()
#17 /var/www/api2-panel/vendor/laravel/framework/src/Illuminate/Pipeline/Pipeline.php(141): Illuminate\\Routing\\Router->Illuminate\\Routing\\{closure}()
#18 /var/www/api2-panel/vendor/laravel/framework/src/Illuminate/Pipeline/Pipeline.php(116): Illuminate\\Pipeline\\Pipeline->Illuminate\\Pipeline\\{closure}()
#19 /var/www/api2-panel/vendor/laravel/framework/src/Illuminate/Routing/Router.php(799): Illuminate\\Pipeline\\Pipeline->then()
#20 /var/www/api2-panel/vendor/laravel/framework/src/Illuminate/Routing/Router.php(776): Illuminate\\Routing\\Router->runRouteWithinStack()
#21 /var/www/api2-panel/vendor/laravel/framework/src/Illuminate/Routing/Router.php(740): Illuminate\\Routing\\Router->runRoute()
#22 /var/www/api2-panel/vendor/laravel/framework/src/Illuminate/Routing/Router.php(729): Illuminate\\Routing\\Router->dispatchToRoute()
#23 /var/www/api2-panel/vendor/laravel/framework/src/Illuminate/Foundation/Http/Kernel.php(190): Illuminate\\Routing\\Router->dispatch()
#24 /var/www/api2-panel/vendor/laravel/framework/src/Illuminate/Pipeline/Pipeline.php(141): Illuminate\\Foundation\\Http\\Kernel->Illuminate\\Foundation\\Http\\{closure}()
#25 /var/www/api2-panel/vendor/sentry/sentry-laravel/src/Sentry/Laravel/Http/SetRequestIpMiddleware.php(45): Illuminate\\Pipeline\\Pipeline->Illuminate\\Pipeline\\{closure}()
#26 /var/www/api2-panel/vendor/laravel/framework/src/Illuminate/Pipeline/Pipeline.php(180): Sentry\\Laravel\\Http\\SetRequestIpMiddleware->handle()
#27 /var/www/api2-panel/vendor/sentry/sentry-laravel/src/Sentry/Laravel/Http/SetRequestMiddleware.php(30): Illuminate\\Pipeline\\Pipeline->Illuminate\\Pipeline\\{closure}()
#28 /var/www/api2-panel/vendor/laravel/framework/src/Illuminate/Pipeline/Pipeline.php(180): Sentry\\Laravel\\Http\\SetRequestMiddleware->handle()
#29 /var/www/api2-panel/vendor/laravel/framework/src/Illuminate/Foundation/Http/Middleware/TransformsRequest.php(21): Illuminate\\Pipeline\\Pipeline->Illuminate\\Pipeline\\{closure}()
#30 /var/www/api2-panel/vendor/laravel/framework/src/Illuminate/Foundation/Http/Middleware/ConvertEmptyStringsToNull.php(31): Illuminate\\Foundation\\Http\\Middleware\\TransformsRequest->handle()
#31 /var/www/api2-panel/vendor/laravel/framework/src/Illuminate/Pipeline/Pipeline.php(180): Illuminate\\Foundation\\Http\\Middleware\\ConvertEmptyStringsToNull->handle()
#32 /var/www/api2-panel/vendor/laravel/framework/src/Illuminate/Foundation/Http/Middleware/TransformsRequest.php(21): Illuminate\\Pipeline\\Pipeline->Illuminate\\Pipeline\\{closure}()
#33 /var/www/api2-panel/vendor/laravel/framework/src/Illuminate/Foundation/Http/Middleware/TrimStrings.php(40): Illuminate\\Foundation\\Http\\Middleware\\TransformsRequest->handle()
#34 /var/www/api2-panel/vendor/laravel/framework/src/Illuminate/Pipeline/Pipeline.php(180): Illuminate\\Foundation\\Http\\Middleware\\TrimStrings->handle()
#35 /var/www/api2-panel/vendor/laravel/framework/src/Illuminate/Foundation/Http/Middleware/ValidatePostSize.php(27): Illuminate\\Pipeline\\Pipeline->Illuminate\\Pipeline\\{closure}()
#36 /var/www/api2-panel/vendor/laravel/framework/src/Illuminate/Pipeline/Pipeline.php(180): Illuminate\\Foundation\\Http\\Middleware\\ValidatePostSize->handle()
#37 /var/www/api2-panel/vendor/laravel/framework/src/Illuminate/Foundation/Http/Middleware/PreventRequestsDuringMaintenance.php(86): Illuminate\\Pipeline\\Pipeline->Illuminate\\Pipeline\\{closure}()
#38 /var/www/api2-panel/vendor/laravel/framework/src/Illuminate/Pipeline/Pipeline.php(180): Illuminate\\Foundation\\Http\\Middleware\\PreventRequestsDuringMaintenance->handle()
#39 /var/www/api2-panel/vendor/laravel/framework/src/Illuminate/Http/Middleware/HandleCors.php(49): Illuminate\\Pipeline\\Pipeline->Illuminate\\Pipeline\\{closure}()
#40 /var/www/api2-panel/vendor/laravel/framework/src/Illuminate/Pipeline/Pipeline.php(180): Illuminate\\Http\\Middleware\\HandleCors->handle()
#41 /var/www/api2-panel/vendor/laravel/framework/src/Illuminate/Http/Middleware/TrustProxies.php(39): Illuminate\\Pipeline\\Pipeline->Illuminate\\Pipeline\\{closure}()
#42 /var/www/api2-panel/vendor/laravel/framework/src/Illuminate/Pipeline/Pipeline.php(180): Illuminate\\Http\\Middleware\\TrustProxies->handle()
#43 /var/www/api2-panel/vendor/sentry/sentry-laravel/src/Sentry/Laravel/Tracing/Middleware.php(77): Illuminate\\Pipeline\\Pipeline->Illuminate\\Pipeline\\{closure}()
#44 /var/www/api2-panel/vendor/laravel/framework/src/Illuminate/Pipeline/Pipeline.php(180): Sentry\\Laravel\\Tracing\\Middleware->handle()
#45 /var/www/api2-panel/vendor/laravel/framework/src/Illuminate/Pipeline/Pipeline.php(116): Illuminate\\Pipeline\\Pipeline->Illuminate\\Pipeline\\{closure}()
#46 /var/www/api2-panel/vendor/laravel/framework/src/Illuminate/Foundation/Http/Kernel.php(165): Illuminate\\Pipeline\\Pipeline->then()
#47 /var/www/api2-panel/vendor/laravel/framework/src/Illuminate/Foundation/Http/Kernel.php(134): Illuminate\\Foundation\\Http\\Kernel->sendRequestThroughRouter()
#48 /var/www/api2-panel/public/index.php(52): Illuminate\\Foundation\\Http\\Kernel->handle()
#49 {main}
"} 
[2026-01-02 12:25:02] production.INFO: array (
  'getUserPanels username' => NULL,
  'getUserPanels lang' => 'En',
)  
[2026-01-02 12:25:02] production.ERROR: Attempt to read property "id" on null {"exception":"[object] (ErrorException(code: 0): Attempt to read property \"id\" on null at /var/www/api2-panel/Modules/Bot/Http/Services/TelegramHandler.php:416)
[stacktrace]
#0 /var/www/api2-panel/vendor/laravel/framework/src/Illuminate/Foundation/Bootstrap/HandleExceptions.php(270): Illuminate\\Foundation\\Bootstrap\\HandleExceptions->handleError()
#1 /var/www/api2-panel/Modules/Bot/Http/Services/TelegramHandler.php(416): Illuminate\\Foundation\\Bootstrap\\HandleExceptions->Illuminate\\Foundation\\Bootstrap\\{closure}()
#2 /var/www/api2-panel/vendor/laravel/framework/src/Illuminate/Database/Eloquent/Builder.php(1312): Modules\\Bot\\Http\\Services\\TelegramHandler->Modules\\Bot\\Http\\Services\\{closure}()
#3 /var/www/api2-panel/vendor/laravel/framework/src/Illuminate/Database/Eloquent/Concerns/QueriesRelationships.php(61): Illuminate\\Database\\Eloquent\\Builder->callScope()
#4 /var/www/api2-panel/vendor/laravel/framework/src/Illuminate/Database/Eloquent/Concerns/QueriesRelationships.php(152): Illuminate\\Database\\Eloquent\\Builder->has()
#5 /var/www/api2-panel/Modules/Bot/Http/Services/TelegramHandler.php(417): Illuminate\\Database\\Eloquent\\Builder->whereHas()
#6 /var/www/api2-panel/Modules/Bot/Http/Services/TelegramHandler.php(190): Modules\\Bot\\Http\\Services\\TelegramHandler->getUserPanels()
#7 /var/www/api2-panel/vendor/defstudio/telegraph/src/Handlers/WebhookHandler.php(128): Modules\\Bot\\Http\\Services\\TelegramHandler->handleChatMessage()
#8 /var/www/api2-panel/vendor/defstudio/telegraph/src/Handlers/WebhookHandler.php(228): DefStudio\\Telegraph\\Handlers\\WebhookHandler->handleMessage()
#9 /var/www/api2-panel/vendor/defstudio/telegraph/src/Controllers/WebhookController.php(28): DefStudio\\Telegraph\\Handlers\\WebhookHandler->handle()
#10 /var/www/api2-panel/vendor/laravel/framework/src/Illuminate/Routing/ControllerDispatcher.php(46): DefStudio\\Telegraph\\Controllers\\WebhookController->handle()
#11 /var/www/api2-panel/vendor/sentry/sentry-laravel/src/Sentry/Laravel/Tracing/Routing/TracingControllerDispatcherTracing.php(21): Illuminate\\Routing\\ControllerDispatcher->dispatch()
#12 /var/www/api2-panel/vendor/sentry/sentry-laravel/src/Sentry/Laravel/Tracing/Routing/TracingRoutingDispatcher.php(31): Sentry\\Laravel\\Tracing\\Routing\\TracingControllerDispatcherTracing->Sentry\\Laravel\\Tracing\\Routing\\{closure}()
#13 /var/www/api2-panel/vendor/sentry/sentry-laravel/src/Sentry/Laravel/Tracing/Routing/TracingControllerDispatcherTracing.php(20): Sentry\\Laravel\\Tracing\\Routing\\TracingRoutingDispatcher->wrapRouteDispatch()
#14 /var/www/api2-panel/vendor/laravel/framework/src/Illuminate/Routing/Route.php(260): Sentry\\Laravel\\Tracing\\Routing\\TracingControllerDispatcherTracing->dispatch()
#15 /var/www/api2-panel/vendor/laravel/framework/src/Illuminate/Routing/Route.php(205): Illuminate\\Routing\\Route->runController()
#16 /var/www/api2-panel/vendor/laravel/framework/src/Illuminate/Routing/Router.php(798): Illuminate\\Routing\\Route->run()
#17 /var/www/api2-panel/vendor/laravel/framework/src/Illuminate/Pipeline/Pipeline.php(141): Illuminate\\Routing\\Router->Illuminate\\Routing\\{closure}()
#18 /var/www/api2-panel/vendor/laravel/framework/src/Illuminate/Pipeline/Pipeline.php(116): Illuminate\\Pipeline\\Pipeline->Illuminate\\Pipeline\\{closure}()
#19 /var/www/api2-panel/vendor/laravel/framework/src/Illuminate/Routing/Router.php(799): Illuminate\\Pipeline\\Pipeline->then()
#20 /var/www/api2-panel/vendor/laravel/framework/src/Illuminate/Routing/Router.php(776): Illuminate\\Routing\\Router->runRouteWithinStack()
#21 /var/www/api2-panel/vendor/laravel/framework/src/Illuminate/Routing/Router.php(740): Illuminate\\Routing\\Router->runRoute()
#22 /var/www/api2-panel/vendor/laravel/framework/src/Illuminate/Routing/Router.php(729): Illuminate\\Routing\\Router->dispatchToRoute()
#23 /var/www/api2-panel/vendor/laravel/framework/src/Illuminate/Foundation/Http/Kernel.php(190): Illuminate\\Routing\\Router->dispatch()
#24 /var/www/api2-panel/vendor/laravel/framework/src/Illuminate/Pipeline/Pipeline.php(141): Illuminate\\Foundation\\Http\\Kernel->Illuminate\\Foundation\\Http\\{closure}()
#25 /var/www/api2-panel/vendor/sentry/sentry-laravel/src/Sentry/Laravel/Http/SetRequestIpMiddleware.php(45): Illuminate\\Pipeline\\Pipeline->Illuminate\\Pipeline\\{closure}()
#26 /var/www/api2-panel/vendor/laravel/framework/src/Illuminate/Pipeline/Pipeline.php(180): Sentry\\Laravel\\Http\\SetRequestIpMiddleware->handle()
#27 /var/www/api2-panel/vendor/sentry/sentry-laravel/src/Sentry/Laravel/Http/SetRequestMiddleware.php(30): Illuminate\\Pipeline\\Pipeline->Illuminate\\Pipeline\\{closure}()
#28 /var/www/api2-panel/vendor/laravel/framework/src/Illuminate/Pipeline/Pipeline.php(180): Sentry\\Laravel\\Http\\SetRequestMiddleware->handle()
#29 /var/www/api2-panel/vendor/laravel/framework/src/Illuminate/Foundation/Http/Middleware/TransformsRequest.php(21): Illuminate\\Pipeline\\Pipeline->Illuminate\\Pipeline\\{closure}()
#30 /var/www/api2-panel/vendor/laravel/framework/src/Illuminate/Foundation/Http/Middleware/ConvertEmptyStringsToNull.php(31): Illuminate\\Foundation\\Http\\Middleware\\TransformsRequest->handle()
#31 /var/www/api2-panel/vendor/laravel/framework/src/Illuminate/Pipeline/Pipeline.php(180): Illuminate\\Foundation\\Http\\Middleware\\ConvertEmptyStringsToNull->handle()
#32 /var/www/api2-panel/vendor/laravel/framework/src/Illuminate/Foundation/Http/Middleware/TransformsRequest.php(21): Illuminate\\Pipeline\\Pipeline->Illuminate\\Pipeline\\{closure}()
#33 /var/www/api2-panel/vendor/laravel/framework/src/Illuminate/Foundation/Http/Middleware/TrimStrings.php(40): Illuminate\\Foundation\\Http\\Middleware\\TransformsRequest->handle()
#34 /var/www/api2-panel/vendor/laravel/framework/src/Illuminate/Pipeline/Pipeline.php(180): Illuminate\\Foundation\\Http\\Middleware\\TrimStrings->handle()
#35 /var/www/api2-panel/vendor/laravel/framework/src/Illuminate/Foundation/Http/Middleware/ValidatePostSize.php(27): Illuminate\\Pipeline\\Pipeline->Illuminate\\Pipeline\\{closure}()
#36 /var/www/api2-panel/vendor/laravel/framework/src/Illuminate/Pipeline/Pipeline.php(180): Illuminate\\Foundation\\Http\\Middleware\\ValidatePostSize->handle()
#37 /var/www/api2-panel/vendor/laravel/framework/src/Illuminate/Foundation/Http/Middleware/PreventRequestsDuringMaintenance.php(86): Illuminate\\Pipeline\\Pipeline->Illuminate\\Pipeline\\{closure}()
#38 /var/www/api2-panel/vendor/laravel/framework/src/Illuminate/Pipeline/Pipeline.php(180): Illuminate\\Foundation\\Http\\Middleware\\PreventRequestsDuringMaintenance->handle()
#39 /var/www/api2-panel/vendor/laravel/framework/src/Illuminate/Http/Middleware/HandleCors.php(49): Illuminate\\Pipeline\\Pipeline->Illuminate\\Pipeline\\{closure}()
#40 /var/www/api2-panel/vendor/laravel/framework/src/Illuminate/Pipeline/Pipeline.php(180): Illuminate\\Http\\Middleware\\HandleCors->handle()
#41 /var/www/api2-panel/vendor/laravel/framework/src/Illuminate/Http/Middleware/TrustProxies.php(39): Illuminate\\Pipeline\\Pipeline->Illuminate\\Pipeline\\{closure}()
#42 /var/www/api2-panel/vendor/laravel/framework/src/Illuminate/Pipeline/Pipeline.php(180): Illuminate\\Http\\Middleware\\TrustProxies->handle()
#43 /var/www/api2-panel/vendor/sentry/sentry-laravel/src/Sentry/Laravel/Tracing/Middleware.php(77): Illuminate\\Pipeline\\Pipeline->Illuminate\\Pipeline\\{closure}()
#44 /var/www/api2-panel/vendor/laravel/framework/src/Illuminate/Pipeline/Pipeline.php(180): Sentry\\Laravel\\Tracing\\Middleware->handle()
#45 /var/www/api2-panel/vendor/laravel/framework/src/Illuminate/Pipeline/Pipeline.php(116): Illuminate\\Pipeline\\Pipeline->Illuminate\\Pipeline\\{closure}()
#46 /var/www/api2-panel/vendor/laravel/framework/src/Illuminate/Foundation/Http/Kernel.php(165): Illuminate\\Pipeline\\Pipeline->then()
#47 /var/www/api2-panel/vendor/laravel/framework/src/Illuminate/Foundation/Http/Kernel.php(134): Illuminate\\Foundation\\Http\\Kernel->sendRequestThroughRouter()
#48 /var/www/api2-panel/public/index.php(52): Illuminate\\Foundation\\Http\\Kernel->handle()
#49 {main}
"} 
[2026-01-02 12:26:02] production.INFO: array (
  'getUserPanels username' => NULL,
  'getUserPanels lang' => 'En',
)  
[2026-01-02 12:26:02] production.ERROR: Attempt to read property "id" on null {"exception":"[object] (ErrorException(code: 0): Attempt to read property \"id\" on null at /var/www/api2-panel/Modules/Bot/Http/Services/TelegramHandler.php:416)
[stacktrace]
#0 /var/www/api2-panel/vendor/laravel/framework/src/Illuminate/Foundation/Bootstrap/HandleExceptions.php(270): Illuminate\\Foundation\\Bootstrap\\HandleExceptions->handleError()
#1 /var/www/api2-panel/Modules/Bot/Http/Services/TelegramHandler.php(416): Illuminate\\Foundation\\Bootstrap\\HandleExceptions->Illuminate\\Foundation\\Bootstrap\\{closure}()
#2 /var/www/api2-panel/vendor/laravel/framework/src/Illuminate/Database/Eloquent/Builder.php(1312): Modules\\Bot\\Http\\Services\\TelegramHandler->Modules\\Bot\\Http\\Services\\{closure}()
#3 /var/www/api2-panel/vendor/laravel/framework/src/Illuminate/Database/Eloquent/Concerns/QueriesRelationships.php(61): Illuminate\\Database\\Eloquent\\Builder->callScope()
#4 /var/www/api2-panel/vendor/laravel/framework/src/Illuminate/Database/Eloquent/Concerns/QueriesRelationships.php(152): Illuminate\\Database\\Eloquent\\Builder->has()
#5 /var/www/api2-panel/Modules/Bot/Http/Services/TelegramHandler.php(417): Illuminate\\Database\\Eloquent\\Builder->whereHas()
#6 /var/www/api2-panel/Modules/Bot/Http/Services/TelegramHandler.php(190): Modules\\Bot\\Http\\Services\\TelegramHandler->getUserPanels()
#7 /var/www/api2-panel/vendor/defstudio/telegraph/src/Handlers/WebhookHandler.php(128): Modules\\Bot\\Http\\Services\\TelegramHandler->handleChatMessage()
#8 /var/www/api2-panel/vendor/defstudio/telegraph/src/Handlers/WebhookHandler.php(228): DefStudio\\Telegraph\\Handlers\\WebhookHandler->handleMessage()
#9 /var/www/api2-panel/vendor/defstudio/telegraph/src/Controllers/WebhookController.php(28): DefStudio\\Telegraph\\Handlers\\WebhookHandler->handle()
#10 /var/www/api2-panel/vendor/laravel/framework/src/Illuminate/Routing/ControllerDispatcher.php(46): DefStudio\\Telegraph\\Controllers\\WebhookController->handle()
#11 /var/www/api2-panel/vendor/sentry/sentry-laravel/src/Sentry/Laravel/Tracing/Routing/TracingControllerDispatcherTracing.php(21): Illuminate\\Routing\\ControllerDispatcher->dispatch()
#12 /var/www/api2-panel/vendor/sentry/sentry-laravel/src/Sentry/Laravel/Tracing/Routing/TracingRoutingDispatcher.php(31): Sentry\\Laravel\\Tracing\\Routing\\TracingControllerDispatcherTracing->Sentry\\Laravel\\Tracing\\Routing\\{closure}()
#13 /var/www/api2-panel/vendor/sentry/sentry-laravel/src/Sentry/Laravel/Tracing/Routing/TracingControllerDispatcherTracing.php(20): Sentry\\Laravel\\Tracing\\Routing\\TracingRoutingDispatcher->wrapRouteDispatch()
#14 /var/www/api2-panel/vendor/laravel/framework/src/Illuminate/Routing/Route.php(260): Sentry\\Laravel\\Tracing\\Routing\\TracingControllerDispatcherTracing->dispatch()
#15 /var/www/api2-panel/vendor/laravel/framework/src/Illuminate/Routing/Route.php(205): Illuminate\\Routing\\Route->runController()
#16 /var/www/api2-panel/vendor/laravel/framework/src/Illuminate/Routing/Router.php(798): Illuminate\\Routing\\Route->run()
#17 /var/www/api2-panel/vendor/laravel/framework/src/Illuminate/Pipeline/Pipeline.php(141): Illuminate\\Routing\\Router->Illuminate\\Routing\\{closure}()
#18 /var/www/api2-panel/vendor/laravel/framework/src/Illuminate/Pipeline/Pipeline.php(116): Illuminate\\Pipeline\\Pipeline->Illuminate\\Pipeline\\{closure}()
#19 /var/www/api2-panel/vendor/laravel/framework/src/Illuminate/Routing/Router.php(799): Illuminate\\Pipeline\\Pipeline->then()
#20 /var/www/api2-panel/vendor/laravel/framework/src/Illuminate/Routing/Router.php(776): Illuminate\\Routing\\Router->runRouteWithinStack()
#21 /var/www/api2-panel/vendor/laravel/framework/src/Illuminate/Routing/Router.php(740): Illuminate\\Routing\\Router->runRoute()
#22 /var/www/api2-panel/vendor/laravel/framework/src/Illuminate/Routing/Router.php(729): Illuminate\\Routing\\Router->dispatchToRoute()
#23 /var/www/api2-panel/vendor/laravel/framework/src/Illuminate/Foundation/Http/Kernel.php(190): Illuminate\\Routing\\Router->dispatch()
#24 /var/www/api2-panel/vendor/laravel/framework/src/Illuminate/Pipeline/Pipeline.php(141): Illuminate\\Foundation\\Http\\Kernel->Illuminate\\Foundation\\Http\\{closure}()
#25 /var/www/api2-panel/vendor/sentry/sentry-laravel/src/Sentry/Laravel/Http/SetRequestIpMiddleware.php(45): Illuminate\\Pipeline\\Pipeline->Illuminate\\Pipeline\\{closure}()
#26 /var/www/api2-panel/vendor/laravel/framework/src/Illuminate/Pipeline/Pipeline.php(180): Sentry\\Laravel\\Http\\SetRequestIpMiddleware->handle()
#27 /var/www/api2-panel/vendor/sentry/sentry-laravel/src/Sentry/Laravel/Http/SetRequestMiddleware.php(30): Illuminate\\Pipeline\\Pipeline->Illuminate\\Pipeline\\{closure}()
#28 /var/www/api2-panel/vendor/laravel/framework/src/Illuminate/Pipeline/Pipeline.php(180): Sentry\\Laravel\\Http\\SetRequestMiddleware->handle()
#29 /var/www/api2-panel/vendor/laravel/framework/src/Illuminate/Foundation/Http/Middleware/TransformsRequest.php(21): Illuminate\\Pipeline\\Pipeline->Illuminate\\Pipeline\\{closure}()
#30 /var/www/api2-panel/vendor/laravel/framework/src/Illuminate/Foundation/Http/Middleware/ConvertEmptyStringsToNull.php(31): Illuminate\\Foundation\\Http\\Middleware\\TransformsRequest->handle()
#31 /var/www/api2-panel/vendor/laravel/framework/src/Illuminate/Pipeline/Pipeline.php(180): Illuminate\\Foundation\\Http\\Middleware\\ConvertEmptyStringsToNull->handle()
#32 /var/www/api2-panel/vendor/laravel/framework/src/Illuminate/Foundation/Http/Middleware/TransformsRequest.php(21): Illuminate\\Pipeline\\Pipeline->Illuminate\\Pipeline\\{closure}()
#33 /var/www/api2-panel/vendor/laravel/framework/src/Illuminate/Foundation/Http/Middleware/TrimStrings.php(40): Illuminate\\Foundation\\Http\\Middleware\\TransformsRequest->handle()
#34 /var/www/api2-panel/vendor/laravel/framework/src/Illuminate/Pipeline/Pipeline.php(180): Illuminate\\Foundation\\Http\\Middleware\\TrimStrings->handle()
#35 /var/www/api2-panel/vendor/laravel/framework/src/Illuminate/Foundation/Http/Middleware/ValidatePostSize.php(27): Illuminate\\Pipeline\\Pipeline->Illuminate\\Pipeline\\{closure}()
#36 /var/www/api2-panel/vendor/laravel/framework/src/Illuminate/Pipeline/Pipeline.php(180): Illuminate\\Foundation\\Http\\Middleware\\ValidatePostSize->handle()
#37 /var/www/api2-panel/vendor/laravel/framework/src/Illuminate/Foundation/Http/Middleware/PreventRequestsDuringMaintenance.php(86): Illuminate\\Pipeline\\Pipeline->Illuminate\\Pipeline\\{closure}()
#38 /var/www/api2-panel/vendor/laravel/framework/src/Illuminate/Pipeline/Pipeline.php(180): Illuminate\\Foundation\\Http\\Middleware\\PreventRequestsDuringMaintenance->handle()
#39 /var/www/api2-panel/vendor/laravel/framework/src/Illuminate/Http/Middleware/HandleCors.php(49): Illuminate\\Pipeline\\Pipeline->Illuminate\\Pipeline\\{closure}()
#40 /var/www/api2-panel/vendor/laravel/framework/src/Illuminate/Pipeline/Pipeline.php(180): Illuminate\\Http\\Middleware\\HandleCors->handle()
#41 /var/www/api2-panel/vendor/laravel/framework/src/Illuminate/Http/Middleware/TrustProxies.php(39): Illuminate\\Pipeline\\Pipeline->Illuminate\\Pipeline\\{closure}()
#42 /var/www/api2-panel/vendor/laravel/framework/src/Illuminate/Pipeline/Pipeline.php(180): Illuminate\\Http\\Middleware\\TrustProxies->handle()
#43 /var/www/api2-panel/vendor/sentry/sentry-laravel/src/Sentry/Laravel/Tracing/Middleware.php(77): Illuminate\\Pipeline\\Pipeline->Illuminate\\Pipeline\\{closure}()
#44 /var/www/api2-panel/vendor/laravel/framework/src/Illuminate/Pipeline/Pipeline.php(180): Sentry\\Laravel\\Tracing\\Middleware->handle()
#45 /var/www/api2-panel/vendor/laravel/framework/src/Illuminate/Pipeline/Pipeline.php(116): Illuminate\\Pipeline\\Pipeline->Illuminate\\Pipeline\\{closure}()
#46 /var/www/api2-panel/vendor/laravel/framework/src/Illuminate/Foundation/Http/Kernel.php(165): Illuminate\\Pipeline\\Pipeline->then()
#47 /var/www/api2-panel/vendor/laravel/framework/src/Illuminate/Foundation/Http/Kernel.php(134): Illuminate\\Foundation\\Http\\Kernel->sendRequestThroughRouter()
#48 /var/www/api2-panel/public/index.php(52): Illuminate\\Foundation\\Http\\Kernel->handle()
#49 {main}
"} 
[2026-01-02 12:28:02] production.INFO: array (
  'getUserPanels username' => NULL,
  'getUserPanels lang' => 'En',
)  
[2026-01-02 12:28:02] production.ERROR: Attempt to read property "id" on null {"exception":"[object] (ErrorException(code: 0): Attempt to read property \"id\" on null at /var/www/api2-panel/Modules/Bot/Http/Services/TelegramHandler.php:416)
[stacktrace]
#0 /var/www/api2-panel/vendor/laravel/framework/src/Illuminate/Foundation/Bootstrap/HandleExceptions.php(270): Illuminate\\Foundation\\Bootstrap\\HandleExceptions->handleError()
#1 /var/www/api2-panel/Modules/Bot/Http/Services/TelegramHandler.php(416): Illuminate\\Foundation\\Bootstrap\\HandleExceptions->Illuminate\\Foundation\\Bootstrap\\{closure}()
#2 /var/www/api2-panel/vendor/laravel/framework/src/Illuminate/Database/Eloquent/Builder.php(1312): Modules\\Bot\\Http\\Services\\TelegramHandler->Modules\\Bot\\Http\\Services\\{closure}()
#3 /var/www/api2-panel/vendor/laravel/framework/src/Illuminate/Database/Eloquent/Concerns/QueriesRelationships.php(61): Illuminate\\Database\\Eloquent\\Builder->callScope()
#4 /var/www/api2-panel/vendor/laravel/framework/src/Illuminate/Database/Eloquent/Concerns/QueriesRelationships.php(152): Illuminate\\Database\\Eloquent\\Builder->has()
#5 /var/www/api2-panel/Modules/Bot/Http/Services/TelegramHandler.php(417): Illuminate\\Database\\Eloquent\\Builder->whereHas()
#6 /var/www/api2-panel/Modules/Bot/Http/Services/TelegramHandler.php(190): Modules\\Bot\\Http\\Services\\TelegramHandler->getUserPanels()
#7 /var/www/api2-panel/vendor/defstudio/telegraph/src/Handlers/WebhookHandler.php(128): Modules\\Bot\\Http\\Services\\TelegramHandler->handleChatMessage()
#8 /var/www/api2-panel/vendor/defstudio/telegraph/src/Handlers/WebhookHandler.php(228): DefStudio\\Telegraph\\Handlers\\WebhookHandler->handleMessage()
#9 /var/www/api2-panel/vendor/defstudio/telegraph/src/Controllers/WebhookController.php(28): DefStudio\\Telegraph\\Handlers\\WebhookHandler->handle()
#10 /var/www/api2-panel/vendor/laravel/framework/src/Illuminate/Routing/ControllerDispatcher.php(46): DefStudio\\Telegraph\\Controllers\\WebhookController->handle()
#11 /var/www/api2-panel/vendor/sentry/sentry-laravel/src/Sentry/Laravel/Tracing/Routing/TracingControllerDispatcherTracing.php(21): Illuminate\\Routing\\ControllerDispatcher->dispatch()
#12 /var/www/api2-panel/vendor/sentry/sentry-laravel/src/Sentry/Laravel/Tracing/Routing/TracingRoutingDispatcher.php(31): Sentry\\Laravel\\Tracing\\Routing\\TracingControllerDispatcherTracing->Sentry\\Laravel\\Tracing\\Routing\\{closure}()
#13 /var/www/api2-panel/vendor/sentry/sentry-laravel/src/Sentry/Laravel/Tracing/Routing/TracingControllerDispatcherTracing.php(20): Sentry\\Laravel\\Tracing\\Routing\\TracingRoutingDispatcher->wrapRouteDispatch()
#14 /var/www/api2-panel/vendor/laravel/framework/src/Illuminate/Routing/Route.php(260): Sentry\\Laravel\\Tracing\\Routing\\TracingControllerDispatcherTracing->dispatch()
#15 /var/www/api2-panel/vendor/laravel/framework/src/Illuminate/Routing/Route.php(205): Illuminate\\Routing\\Route->runController()
#16 /var/www/api2-panel/vendor/laravel/framework/src/Illuminate/Routing/Router.php(798): Illuminate\\Routing\\Route->run()
#17 /var/www/api2-panel/vendor/laravel/framework/src/Illuminate/Pipeline/Pipeline.php(141): Illuminate\\Routing\\Router->Illuminate\\Routing\\{closure}()
#18 /var/www/api2-panel/vendor/laravel/framework/src/Illuminate/Pipeline/Pipeline.php(116): Illuminate\\Pipeline\\Pipeline->Illuminate\\Pipeline\\{closure}()
#19 /var/www/api2-panel/vendor/laravel/framework/src/Illuminate/Routing/Router.php(799): Illuminate\\Pipeline\\Pipeline->then()
#20 /var/www/api2-panel/vendor/laravel/framework/src/Illuminate/Routing/Router.php(776): Illuminate\\Routing\\Router->runRouteWithinStack()
#21 /var/www/api2-panel/vendor/laravel/framework/src/Illuminate/Routing/Router.php(740): Illuminate\\Routing\\Router->runRoute()
#22 /var/www/api2-panel/vendor/laravel/framework/src/Illuminate/Routing/Router.php(729): Illuminate\\Routing\\Router->dispatchToRoute()
#23 /var/www/api2-panel/vendor/laravel/framework/src/Illuminate/Foundation/Http/Kernel.php(190): Illuminate\\Routing\\Router->dispatch()
#24 /var/www/api2-panel/vendor/laravel/framework/src/Illuminate/Pipeline/Pipeline.php(141): Illuminate\\Foundation\\Http\\Kernel->Illuminate\\Foundation\\Http\\{closure}()
#25 /var/www/api2-panel/vendor/sentry/sentry-laravel/src/Sentry/Laravel/Http/SetRequestIpMiddleware.php(45): Illuminate\\Pipeline\\Pipeline->Illuminate\\Pipeline\\{closure}()
#26 /var/www/api2-panel/vendor/laravel/framework/src/Illuminate/Pipeline/Pipeline.php(180): Sentry\\Laravel\\Http\\SetRequestIpMiddleware->handle()
#27 /var/www/api2-panel/vendor/sentry/sentry-laravel/src/Sentry/Laravel/Http/SetRequestMiddleware.php(30): Illuminate\\Pipeline\\Pipeline->Illuminate\\Pipeline\\{closure}()
#28 /var/www/api2-panel/vendor/laravel/framework/src/Illuminate/Pipeline/Pipeline.php(180): Sentry\\Laravel\\Http\\SetRequestMiddleware->handle()
#29 /var/www/api2-panel/vendor/laravel/framework/src/Illuminate/Foundation/Http/Middleware/TransformsRequest.php(21): Illuminate\\Pipeline\\Pipeline->Illuminate\\Pipeline\\{closure}()
#30 /var/www/api2-panel/vendor/laravel/framework/src/Illuminate/Foundation/Http/Middleware/ConvertEmptyStringsToNull.php(31): Illuminate\\Foundation\\Http\\Middleware\\TransformsRequest->handle()
#31 /var/www/api2-panel/vendor/laravel/framework/src/Illuminate/Pipeline/Pipeline.php(180): Illuminate\\Foundation\\Http\\Middleware\\ConvertEmptyStringsToNull->handle()
#32 /var/www/api2-panel/vendor/laravel/framework/src/Illuminate/Foundation/Http/Middleware/TransformsRequest.php(21): Illuminate\\Pipeline\\Pipeline->Illuminate\\Pipeline\\{closure}()
#33 /var/www/api2-panel/vendor/laravel/framework/src/Illuminate/Foundation/Http/Middleware/TrimStrings.php(40): Illuminate\\Foundation\\Http\\Middleware\\TransformsRequest->handle()
#34 /var/www/api2-panel/vendor/laravel/framework/src/Illuminate/Pipeline/Pipeline.php(180): Illuminate\\Foundation\\Http\\Middleware\\TrimStrings->handle()
#35 /var/www/api2-panel/vendor/laravel/framework/src/Illuminate/Foundation/Http/Middleware/ValidatePostSize.php(27): Illuminate\\Pipeline\\Pipeline->Illuminate\\Pipeline\\{closure}()
#36 /var/www/api2-panel/vendor/laravel/framework/src/Illuminate/Pipeline/Pipeline.php(180): Illuminate\\Foundation\\Http\\Middleware\\ValidatePostSize->handle()
#37 /var/www/api2-panel/vendor/laravel/framework/src/Illuminate/Foundation/Http/Middleware/PreventRequestsDuringMaintenance.php(86): Illuminate\\Pipeline\\Pipeline->Illuminate\\Pipeline\\{closure}()
#38 /var/www/api2-panel/vendor/laravel/framework/src/Illuminate/Pipeline/Pipeline.php(180): Illuminate\\Foundation\\Http\\Middleware\\PreventRequestsDuringMaintenance->handle()
#39 /var/www/api2-panel/vendor/laravel/framework/src/Illuminate/Http/Middleware/HandleCors.php(49): Illuminate\\Pipeline\\Pipeline->Illuminate\\Pipeline\\{closure}()
#40 /var/www/api2-panel/vendor/laravel/framework/src/Illuminate/Pipeline/Pipeline.php(180): Illuminate\\Http\\Middleware\\HandleCors->handle()
#41 /var/www/api2-panel/vendor/laravel/framework/src/Illuminate/Http/Middleware/TrustProxies.php(39): Illuminate\\Pipeline\\Pipeline->Illuminate\\Pipeline\\{closure}()
#42 /var/www/api2-panel/vendor/laravel/framework/src/Illuminate/Pipeline/Pipeline.php(180): Illuminate\\Http\\Middleware\\TrustProxies->handle()
#43 /var/www/api2-panel/vendor/sentry/sentry-laravel/src/Sentry/Laravel/Tracing/Middleware.php(77): Illuminate\\Pipeline\\Pipeline->Illuminate\\Pipeline\\{closure}()
#44 /var/www/api2-panel/vendor/laravel/framework/src/Illuminate/Pipeline/Pipeline.php(180): Sentry\\Laravel\\Tracing\\Middleware->handle()
#45 /var/www/api2-panel/vendor/laravel/framework/src/Illuminate/Pipeline/Pipeline.php(116): Illuminate\\Pipeline\\Pipeline->Illuminate\\Pipeline\\{closure}()
#46 /var/www/api2-panel/vendor/laravel/framework/src/Illuminate/Foundation/Http/Kernel.php(165): Illuminate\\Pipeline\\Pipeline->then()
#47 /var/www/api2-panel/vendor/laravel/framework/src/Illuminate/Foundation/Http/Kernel.php(134): Illuminate\\Foundation\\Http\\Kernel->sendRequestThroughRouter()
#48 /var/www/api2-panel/public/index.php(52): Illuminate\\Foundation\\Http\\Kernel->handle()
#49 {main}
"} 
[2026-01-02 12:29:57] production.INFO: array (
  'getUserPanels username' => NULL,
  'getUserPanels lang' => 'En',
)  
[2026-01-02 12:29:57] production.ERROR: Attempt to read property "id" on null {"exception":"[object] (ErrorException(code: 0): Attempt to read property \"id\" on null at /var/www/api2-panel/Modules/Bot/Http/Services/TelegramHandler.php:416)
[stacktrace]
#0 /var/www/api2-panel/vendor/laravel/framework/src/Illuminate/Foundation/Bootstrap/HandleExceptions.php(270): Illuminate\\Foundation\\Bootstrap\\HandleExceptions->handleError()
#1 /var/www/api2-panel/Modules/Bot/Http/Services/TelegramHandler.php(416): Illuminate\\Foundation\\Bootstrap\\HandleExceptions->Illuminate\\Foundation\\Bootstrap\\{closure}()
#2 /var/www/api2-panel/vendor/laravel/framework/src/Illuminate/Database/Eloquent/Builder.php(1312): Modules\\Bot\\Http\\Services\\TelegramHandler->Modules\\Bot\\Http\\Services\\{closure}()
#3 /var/www/api2-panel/vendor/laravel/framework/src/Illuminate/Database/Eloquent/Concerns/QueriesRelationships.php(61): Illuminate\\Database\\Eloquent\\Builder->callScope()
#4 /var/www/api2-panel/vendor/laravel/framework/src/Illuminate/Database/Eloquent/Concerns/QueriesRelationships.php(152): Illuminate\\Database\\Eloquent\\Builder->has()
#5 /var/www/api2-panel/Modules/Bot/Http/Services/TelegramHandler.php(417): Illuminate\\Database\\Eloquent\\Builder->whereHas()
#6 /var/www/api2-panel/Modules/Bot/Http/Services/TelegramHandler.php(190): Modules\\Bot\\Http\\Services\\TelegramHandler->getUserPanels()
#7 /var/www/api2-panel/vendor/defstudio/telegraph/src/Handlers/WebhookHandler.php(128): Modules\\Bot\\Http\\Services\\TelegramHandler->handleChatMessage()
#8 /var/www/api2-panel/vendor/defstudio/telegraph/src/Handlers/WebhookHandler.php(228): DefStudio\\Telegraph\\Handlers\\WebhookHandler->handleMessage()
#9 /var/www/api2-panel/vendor/defstudio/telegraph/src/Controllers/WebhookController.php(28): DefStudio\\Telegraph\\Handlers\\WebhookHandler->handle()
#10 /var/www/api2-panel/vendor/laravel/framework/src/Illuminate/Routing/ControllerDispatcher.php(46): DefStudio\\Telegraph\\Controllers\\WebhookController->handle()
#11 /var/www/api2-panel/vendor/sentry/sentry-laravel/src/Sentry/Laravel/Tracing/Routing/TracingControllerDispatcherTracing.php(21): Illuminate\\Routing\\ControllerDispatcher->dispatch()
#12 /var/www/api2-panel/vendor/sentry/sentry-laravel/src/Sentry/Laravel/Tracing/Routing/TracingRoutingDispatcher.php(31): Sentry\\Laravel\\Tracing\\Routing\\TracingControllerDispatcherTracing->Sentry\\Laravel\\Tracing\\Routing\\{closure}()
#13 /var/www/api2-panel/vendor/sentry/sentry-laravel/src/Sentry/Laravel/Tracing/Routing/TracingControllerDispatcherTracing.php(20): Sentry\\Laravel\\Tracing\\Routing\\TracingRoutingDispatcher->wrapRouteDispatch()
#14 /var/www/api2-panel/vendor/laravel/framework/src/Illuminate/Routing/Route.php(260): Sentry\\Laravel\\Tracing\\Routing\\TracingControllerDispatcherTracing->dispatch()
#15 /var/www/api2-panel/vendor/laravel/framework/src/Illuminate/Routing/Route.php(205): Illuminate\\Routing\\Route->runController()
#16 /var/www/api2-panel/vendor/laravel/framework/src/Illuminate/Routing/Router.php(798): Illuminate\\Routing\\Route->run()
#17 /var/www/api2-panel/vendor/laravel/framework/src/Illuminate/Pipeline/Pipeline.php(141): Illuminate\\Routing\\Router->Illuminate\\Routing\\{closure}()
#18 /var/www/api2-panel/vendor/laravel/framework/src/Illuminate/Pipeline/Pipeline.php(116): Illuminate\\Pipeline\\Pipeline->Illuminate\\Pipeline\\{closure}()
#19 /var/www/api2-panel/vendor/laravel/framework/src/Illuminate/Routing/Router.php(799): Illuminate\\Pipeline\\Pipeline->then()
#20 /var/www/api2-panel/vendor/laravel/framework/src/Illuminate/Routing/Router.php(776): Illuminate\\Routing\\Router->runRouteWithinStack()
#21 /var/www/api2-panel/vendor/laravel/framework/src/Illuminate/Routing/Router.php(740): Illuminate\\Routing\\Router->runRoute()
#22 /var/www/api2-panel/vendor/laravel/framework/src/Illuminate/Routing/Router.php(729): Illuminate\\Routing\\Router->dispatchToRoute()
#23 /var/www/api2-panel/vendor/laravel/framework/src/Illuminate/Foundation/Http/Kernel.php(190): Illuminate\\Routing\\Router->dispatch()
#24 /var/www/api2-panel/vendor/laravel/framework/src/Illuminate/Pipeline/Pipeline.php(141): Illuminate\\Foundation\\Http\\Kernel->Illuminate\\Foundation\\Http\\{closure}()
#25 /var/www/api2-panel/vendor/sentry/sentry-laravel/src/Sentry/Laravel/Http/SetRequestIpMiddleware.php(45): Illuminate\\Pipeline\\Pipeline->Illuminate\\Pipeline\\{closure}()
#26 /var/www/api2-panel/vendor/laravel/framework/src/Illuminate/Pipeline/Pipeline.php(180): Sentry\\Laravel\\Http\\SetRequestIpMiddleware->handle()
#27 /var/www/api2-panel/vendor/sentry/sentry-laravel/src/Sentry/Laravel/Http/SetRequestMiddleware.php(30): Illuminate\\Pipeline\\Pipeline->Illuminate\\Pipeline\\{closure}()
#28 /var/www/api2-panel/vendor/laravel/framework/src/Illuminate/Pipeline/Pipeline.php(180): Sentry\\Laravel\\Http\\SetRequestMiddleware->handle()
#29 /var/www/api2-panel/vendor/laravel/framework/src/Illuminate/Foundation/Http/Middleware/TransformsRequest.php(21): Illuminate\\Pipeline\\Pipeline->Illuminate\\Pipeline\\{closure}()
#30 /var/www/api2-panel/vendor/laravel/framework/src/Illuminate/Foundation/Http/Middleware/ConvertEmptyStringsToNull.php(31): Illuminate\\Foundation\\Http\\Middleware\\TransformsRequest->handle()
#31 /var/www/api2-panel/vendor/laravel/framework/src/Illuminate/Pipeline/Pipeline.php(180): Illuminate\\Foundation\\Http\\Middleware\\ConvertEmptyStringsToNull->handle()
#32 /var/www/api2-panel/vendor/laravel/framework/src/Illuminate/Foundation/Http/Middleware/TransformsRequest.php(21): Illuminate\\Pipeline\\Pipeline->Illuminate\\Pipeline\\{closure}()
#33 /var/www/api2-panel/vendor/laravel/framework/src/Illuminate/Foundation/Http/Middleware/TrimStrings.php(40): Illuminate\\Foundation\\Http\\Middleware\\TransformsRequest->handle()
#34 /var/www/api2-panel/vendor/laravel/framework/src/Illuminate/Pipeline/Pipeline.php(180): Illuminate\\Foundation\\Http\\Middleware\\TrimStrings->handle()
#35 /var/www/api2-panel/vendor/laravel/framework/src/Illuminate/Foundation/Http/Middleware/ValidatePostSize.php(27): Illuminate\\Pipeline\\Pipeline->Illuminate\\Pipeline\\{closure}()
#36 /var/www/api2-panel/vendor/laravel/framework/src/Illuminate/Pipeline/Pipeline.php(180): Illuminate\\Foundation\\Http\\Middleware\\ValidatePostSize->handle()
#37 /var/www/api2-panel/vendor/laravel/framework/src/Illuminate/Foundation/Http/Middleware/PreventRequestsDuringMaintenance.php(86): Illuminate\\Pipeline\\Pipeline->Illuminate\\Pipeline\\{closure}()
#38 /var/www/api2-panel/vendor/laravel/framework/src/Illuminate/Pipeline/Pipeline.php(180): Illuminate\\Foundation\\Http\\Middleware\\PreventRequestsDuringMaintenance->handle()
#39 /var/www/api2-panel/vendor/laravel/framework/src/Illuminate/Http/Middleware/HandleCors.php(49): Illuminate\\Pipeline\\Pipeline->Illuminate\\Pipeline\\{closure}()
#40 /var/www/api2-panel/vendor/laravel/framework/src/Illuminate/Pipeline/Pipeline.php(180): Illuminate\\Http\\Middleware\\HandleCors->handle()
#41 /var/www/api2-panel/vendor/laravel/framework/src/Illuminate/Http/Middleware/TrustProxies.php(39): Illuminate\\Pipeline\\Pipeline->Illuminate\\Pipeline\\{closure}()
#42 /var/www/api2-panel/vendor/laravel/framework/src/Illuminate/Pipeline/Pipeline.php(180): Illuminate\\Http\\Middleware\\TrustProxies->handle()
#43 /var/www/api2-panel/vendor/sentry/sentry-laravel/src/Sentry/Laravel/Tracing/Middleware.php(77): Illuminate\\Pipeline\\Pipeline->Illuminate\\Pipeline\\{closure}()
#44 /var/www/api2-panel/vendor/laravel/framework/src/Illuminate/Pipeline/Pipeline.php(180): Sentry\\Laravel\\Tracing\\Middleware->handle()
#45 /var/www/api2-panel/vendor/laravel/framework/src/Illuminate/Pipeline/Pipeline.php(116): Illuminate\\Pipeline\\Pipeline->Illuminate\\Pipeline\\{closure}()
#46 /var/www/api2-panel/vendor/laravel/framework/src/Illuminate/Foundation/Http/Kernel.php(165): Illuminate\\Pipeline\\Pipeline->then()
#47 /var/www/api2-panel/vendor/laravel/framework/src/Illuminate/Foundation/Http/Kernel.php(134): Illuminate\\Foundation\\Http\\Kernel->sendRequestThroughRouter()
#48 /var/www/api2-panel/public/index.php(52): Illuminate\\Foundation\\Http\\Kernel->handle()
#49 {main}
"} 
[2026-01-02 12:30:58] production.INFO: array (
  'getUserPanels username' => NULL,
  'getUserPanels lang' => 'En',
)  
[2026-01-02 12:30:58] production.ERROR: Attempt to read property "id" on null {"exception":"[object] (ErrorException(code: 0): Attempt to read property \"id\" on null at /var/www/api2-panel/Modules/Bot/Http/Services/TelegramHandler.php:416)
[stacktrace]
#0 /var/www/api2-panel/vendor/laravel/framework/src/Illuminate/Foundation/Bootstrap/HandleExceptions.php(270): Illuminate\\Foundation\\Bootstrap\\HandleExceptions->handleError()
#1 /var/www/api2-panel/Modules/Bot/Http/Services/TelegramHandler.php(416): Illuminate\\Foundation\\Bootstrap\\HandleExceptions->Illuminate\\Foundation\\Bootstrap\\{closure}()
#2 /var/www/api2-panel/vendor/laravel/framework/src/Illuminate/Database/Eloquent/Builder.php(1312): Modules\\Bot\\Http\\Services\\TelegramHandler->Modules\\Bot\\Http\\Services\\{closure}()
#3 /var/www/api2-panel/vendor/laravel/framework/src/Illuminate/Database/Eloquent/Concerns/QueriesRelationships.php(61): Illuminate\\Database\\Eloquent\\Builder->callScope()
#4 /var/www/api2-panel/vendor/laravel/framework/src/Illuminate/Database/Eloquent/Concerns/QueriesRelationships.php(152): Illuminate\\Database\\Eloquent\\Builder->has()
#5 /var/www/api2-panel/Modules/Bot/Http/Services/TelegramHandler.php(417): Illuminate\\Database\\Eloquent\\Builder->whereHas()
#6 /var/www/api2-panel/Modules/Bot/Http/Services/TelegramHandler.php(190): Modules\\Bot\\Http\\Services\\TelegramHandler->getUserPanels()
#7 /var/www/api2-panel/vendor/defstudio/telegraph/src/Handlers/WebhookHandler.php(128): Modules\\Bot\\Http\\Services\\TelegramHandler->handleChatMessage()
#8 /var/www/api2-panel/vendor/defstudio/telegraph/src/Handlers/WebhookHandler.php(228): DefStudio\\Telegraph\\Handlers\\WebhookHandler->handleMessage()
#9 /var/www/api2-panel/vendor/defstudio/telegraph/src/Controllers/WebhookController.php(28): DefStudio\\Telegraph\\Handlers\\WebhookHandler->handle()
#10 /var/www/api2-panel/vendor/laravel/framework/src/Illuminate/Routing/ControllerDispatcher.php(46): DefStudio\\Telegraph\\Controllers\\WebhookController->handle()
#11 /var/www/api2-panel/vendor/sentry/sentry-laravel/src/Sentry/Laravel/Tracing/Routing/TracingControllerDispatcherTracing.php(21): Illuminate\\Routing\\ControllerDispatcher->dispatch()
#12 /var/www/api2-panel/vendor/sentry/sentry-laravel/src/Sentry/Laravel/Tracing/Routing/TracingRoutingDispatcher.php(31): Sentry\\Laravel\\Tracing\\Routing\\TracingControllerDispatcherTracing->Sentry\\Laravel\\Tracing\\Routing\\{closure}()
#13 /var/www/api2-panel/vendor/sentry/sentry-laravel/src/Sentry/Laravel/Tracing/Routing/TracingControllerDispatcherTracing.php(20): Sentry\\Laravel\\Tracing\\Routing\\TracingRoutingDispatcher->wrapRouteDispatch()
#14 /var/www/api2-panel/vendor/laravel/framework/src/Illuminate/Routing/Route.php(260): Sentry\\Laravel\\Tracing\\Routing\\TracingControllerDispatcherTracing->dispatch()
#15 /var/www/api2-panel/vendor/laravel/framework/src/Illuminate/Routing/Route.php(205): Illuminate\\Routing\\Route->runController()
#16 /var/www/api2-panel/vendor/laravel/framework/src/Illuminate/Routing/Router.php(798): Illuminate\\Routing\\Route->run()
#17 /var/www/api2-panel/vendor/laravel/framework/src/Illuminate/Pipeline/Pipeline.php(141): Illuminate\\Routing\\Router->Illuminate\\Routing\\{closure}()
#18 /var/www/api2-panel/vendor/laravel/framework/src/Illuminate/Pipeline/Pipeline.php(116): Illuminate\\Pipeline\\Pipeline->Illuminate\\Pipeline\\{closure}()
#19 /var/www/api2-panel/vendor/laravel/framework/src/Illuminate/Routing/Router.php(799): Illuminate\\Pipeline\\Pipeline->then()
#20 /var/www/api2-panel/vendor/laravel/framework/src/Illuminate/Routing/Router.php(776): Illuminate\\Routing\\Router->runRouteWithinStack()
#21 /var/www/api2-panel/vendor/laravel/framework/src/Illuminate/Routing/Router.php(740): Illuminate\\Routing\\Router->runRoute()
#22 /var/www/api2-panel/vendor/laravel/framework/src/Illuminate/Routing/Router.php(729): Illuminate\\Routing\\Router->dispatchToRoute()
#23 /var/www/api2-panel/vendor/laravel/framework/src/Illuminate/Foundation/Http/Kernel.php(190): Illuminate\\Routing\\Router->dispatch()
#24 /var/www/api2-panel/vendor/laravel/framework/src/Illuminate/Pipeline/Pipeline.php(141): Illuminate\\Foundation\\Http\\Kernel->Illuminate\\Foundation\\Http\\{closure}()
#25 /var/www/api2-panel/vendor/sentry/sentry-laravel/src/Sentry/Laravel/Http/SetRequestIpMiddleware.php(45): Illuminate\\Pipeline\\Pipeline->Illuminate\\Pipeline\\{closure}()
#26 /var/www/api2-panel/vendor/laravel/framework/src/Illuminate/Pipeline/Pipeline.php(180): Sentry\\Laravel\\Http\\SetRequestIpMiddleware->handle()
#27 /var/www/api2-panel/vendor/sentry/sentry-laravel/src/Sentry/Laravel/Http/SetRequestMiddleware.php(30): Illuminate\\Pipeline\\Pipeline->Illuminate\\Pipeline\\{closure}()
#28 /var/www/api2-panel/vendor/laravel/framework/src/Illuminate/Pipeline/Pipeline.php(180): Sentry\\Laravel\\Http\\SetRequestMiddleware->handle()
#29 /var/www/api2-panel/vendor/laravel/framework/src/Illuminate/Foundation/Http/Middleware/TransformsRequest.php(21): Illuminate\\Pipeline\\Pipeline->Illuminate\\Pipeline\\{closure}()
#30 /var/www/api2-panel/vendor/laravel/framework/src/Illuminate/Foundation/Http/Middleware/ConvertEmptyStringsToNull.php(31): Illuminate\\Foundation\\Http\\Middleware\\TransformsRequest->handle()
#31 /var/www/api2-panel/vendor/laravel/framework/src/Illuminate/Pipeline/Pipeline.php(180): Illuminate\\Foundation\\Http\\Middleware\\ConvertEmptyStringsToNull->handle()
#32 /var/www/api2-panel/vendor/laravel/framework/src/Illuminate/Foundation/Http/Middleware/TransformsRequest.php(21): Illuminate\\Pipeline\\Pipeline->Illuminate\\Pipeline\\{closure}()
#33 /var/www/api2-panel/vendor/laravel/framework/src/Illuminate/Foundation/Http/Middleware/TrimStrings.php(40): Illuminate\\Foundation\\Http\\Middleware\\TransformsRequest->handle()
#34 /var/www/api2-panel/vendor/laravel/framework/src/Illuminate/Pipeline/Pipeline.php(180): Illuminate\\Foundation\\Http\\Middleware\\TrimStrings->handle()
#35 /var/www/api2-panel/vendor/laravel/framework/src/Illuminate/Foundation/Http/Middleware/ValidatePostSize.php(27): Illuminate\\Pipeline\\Pipeline->Illuminate\\Pipeline\\{closure}()
#36 /var/www/api2-panel/vendor/laravel/framework/src/Illuminate/Pipeline/Pipeline.php(180): Illuminate\\Foundation\\Http\\Middleware\\ValidatePostSize->handle()
#37 /var/www/api2-panel/vendor/laravel/framework/src/Illuminate/Foundation/Http/Middleware/PreventRequestsDuringMaintenance.php(86): Illuminate\\Pipeline\\Pipeline->Illuminate\\Pipeline\\{closure}()
#38 /var/www/api2-panel/vendor/laravel/framework/src/Illuminate/Pipeline/Pipeline.php(180): Illuminate\\Foundation\\Http\\Middleware\\PreventRequestsDuringMaintenance->handle()
#39 /var/www/api2-panel/vendor/laravel/framework/src/Illuminate/Http/Middleware/HandleCors.php(49): Illuminate\\Pipeline\\Pipeline->Illuminate\\Pipeline\\{closure}()
#40 /var/www/api2-panel/vendor/laravel/framework/src/Illuminate/Pipeline/Pipeline.php(180): Illuminate\\Http\\Middleware\\HandleCors->handle()
#41 /var/www/api2-panel/vendor/laravel/framework/src/Illuminate/Http/Middleware/TrustProxies.php(39): Illuminate\\Pipeline\\Pipeline->Illuminate\\Pipeline\\{closure}()
#42 /var/www/api2-panel/vendor/laravel/framework/src/Illuminate/Pipeline/Pipeline.php(180): Illuminate\\Http\\Middleware\\TrustProxies->handle()
#43 /var/www/api2-panel/vendor/sentry/sentry-laravel/src/Sentry/Laravel/Tracing/Middleware.php(77): Illuminate\\Pipeline\\Pipeline->Illuminate\\Pipeline\\{closure}()
#44 /var/www/api2-panel/vendor/laravel/framework/src/Illuminate/Pipeline/Pipeline.php(180): Sentry\\Laravel\\Tracing\\Middleware->handle()
#45 /var/www/api2-panel/vendor/laravel/framework/src/Illuminate/Pipeline/Pipeline.php(116): Illuminate\\Pipeline\\Pipeline->Illuminate\\Pipeline\\{closure}()
#46 /var/www/api2-panel/vendor/laravel/framework/src/Illuminate/Foundation/Http/Kernel.php(165): Illuminate\\Pipeline\\Pipeline->then()
#47 /var/www/api2-panel/vendor/laravel/framework/src/Illuminate/Foundation/Http/Kernel.php(134): Illuminate\\Foundation\\Http\\Kernel->sendRequestThroughRouter()
#48 /var/www/api2-panel/public/index.php(52): Illuminate\\Foundation\\Http\\Kernel->handle()
#49 {main}
"} 
[2026-01-02 12:32:31] production.INFO: array (
  'getUserPanels username' => NULL,
  'getUserPanels lang' => 'En',
)  
[2026-01-02 12:32:31] production.ERROR: Attempt to read property "id" on null {"exception":"[object] (ErrorException(code: 0): Attempt to read property \"id\" on null at /var/www/api2-panel/Modules/Bot/Http/Services/TelegramHandler.php:416)
[stacktrace]
#0 /var/www/api2-panel/vendor/laravel/framework/src/Illuminate/Foundation/Bootstrap/HandleExceptions.php(270): Illuminate\\Foundation\\Bootstrap\\HandleExceptions->handleError()
#1 /var/www/api2-panel/Modules/Bot/Http/Services/TelegramHandler.php(416): Illuminate\\Foundation\\Bootstrap\\HandleExceptions->Illuminate\\Foundation\\Bootstrap\\{closure}()
#2 /var/www/api2-panel/vendor/laravel/framework/src/Illuminate/Database/Eloquent/Builder.php(1312): Modules\\Bot\\Http\\Services\\TelegramHandler->Modules\\Bot\\Http\\Services\\{closure}()
#3 /var/www/api2-panel/vendor/laravel/framework/src/Illuminate/Database/Eloquent/Concerns/QueriesRelationships.php(61): Illuminate\\Database\\Eloquent\\Builder->callScope()
#4 /var/www/api2-panel/vendor/laravel/framework/src/Illuminate/Database/Eloquent/Concerns/QueriesRelationships.php(152): Illuminate\\Database\\Eloquent\\Builder->has()
#5 /var/www/api2-panel/Modules/Bot/Http/Services/TelegramHandler.php(417): Illuminate\\Database\\Eloquent\\Builder->whereHas()
#6 /var/www/api2-panel/Modules/Bot/Http/Services/TelegramHandler.php(190): Modules\\Bot\\Http\\Services\\TelegramHandler->getUserPanels()
#7 /var/www/api2-panel/vendor/defstudio/telegraph/src/Handlers/WebhookHandler.php(128): Modules\\Bot\\Http\\Services\\TelegramHandler->handleChatMessage()
#8 /var/www/api2-panel/vendor/defstudio/telegraph/src/Handlers/WebhookHandler.php(228): DefStudio\\Telegraph\\Handlers\\WebhookHandler->handleMessage()
#9 /var/www/api2-panel/vendor/defstudio/telegraph/src/Controllers/WebhookController.php(28): DefStudio\\Telegraph\\Handlers\\WebhookHandler->handle()
#10 /var/www/api2-panel/vendor/laravel/framework/src/Illuminate/Routing/ControllerDispatcher.php(46): DefStudio\\Telegraph\\Controllers\\WebhookController->handle()
#11 /var/www/api2-panel/vendor/sentry/sentry-laravel/src/Sentry/Laravel/Tracing/Routing/TracingControllerDispatcherTracing.php(21): Illuminate\\Routing\\ControllerDispatcher->dispatch()
#12 /var/www/api2-panel/vendor/sentry/sentry-laravel/src/Sentry/Laravel/Tracing/Routing/TracingRoutingDispatcher.php(31): Sentry\\Laravel\\Tracing\\Routing\\TracingControllerDispatcherTracing->Sentry\\Laravel\\Tracing\\Routing\\{closure}()
#13 /var/www/api2-panel/vendor/sentry/sentry-laravel/src/Sentry/Laravel/Tracing/Routing/TracingControllerDispatcherTracing.php(20): Sentry\\Laravel\\Tracing\\Routing\\TracingRoutingDispatcher->wrapRouteDispatch()
#14 /var/www/api2-panel/vendor/laravel/framework/src/Illuminate/Routing/Route.php(260): Sentry\\Laravel\\Tracing\\Routing\\TracingControllerDispatcherTracing->dispatch()
#15 /var/www/api2-panel/vendor/laravel/framework/src/Illuminate/Routing/Route.php(205): Illuminate\\Routing\\Route->runController()
#16 /var/www/api2-panel/vendor/laravel/framework/src/Illuminate/Routing/Router.php(798): Illuminate\\Routing\\Route->run()
#17 /var/www/api2-panel/vendor/laravel/framework/src/Illuminate/Pipeline/Pipeline.php(141): Illuminate\\Routing\\Router->Illuminate\\Routing\\{closure}()
#18 /var/www/api2-panel/vendor/laravel/framework/src/Illuminate/Pipeline/Pipeline.php(116): Illuminate\\Pipeline\\Pipeline->Illuminate\\Pipeline\\{closure}()
#19 /var/www/api2-panel/vendor/laravel/framework/src/Illuminate/Routing/Router.php(799): Illuminate\\Pipeline\\Pipeline->then()
#20 /var/www/api2-panel/vendor/laravel/framework/src/Illuminate/Routing/Router.php(776): Illuminate\\Routing\\Router->runRouteWithinStack()
#21 /var/www/api2-panel/vendor/laravel/framework/src/Illuminate/Routing/Router.php(740): Illuminate\\Routing\\Router->runRoute()
#22 /var/www/api2-panel/vendor/laravel/framework/src/Illuminate/Routing/Router.php(729): Illuminate\\Routing\\Router->dispatchToRoute()
#23 /var/www/api2-panel/vendor/laravel/framework/src/Illuminate/Foundation/Http/Kernel.php(190): Illuminate\\Routing\\Router->dispatch()
#24 /var/www/api2-panel/vendor/laravel/framework/src/Illuminate/Pipeline/Pipeline.php(141): Illuminate\\Foundation\\Http\\Kernel->Illuminate\\Foundation\\Http\\{closure}()
#25 /var/www/api2-panel/vendor/sentry/sentry-laravel/src/Sentry/Laravel/Http/SetRequestIpMiddleware.php(45): Illuminate\\Pipeline\\Pipeline->Illuminate\\Pipeline\\{closure}()
#26 /var/www/api2-panel/vendor/laravel/framework/src/Illuminate/Pipeline/Pipeline.php(180): Sentry\\Laravel\\Http\\SetRequestIpMiddleware->handle()
#27 /var/www/api2-panel/vendor/sentry/sentry-laravel/src/Sentry/Laravel/Http/SetRequestMiddleware.php(30): Illuminate\\Pipeline\\Pipeline->Illuminate\\Pipeline\\{closure}()
#28 /var/www/api2-panel/vendor/laravel/framework/src/Illuminate/Pipeline/Pipeline.php(180): Sentry\\Laravel\\Http\\SetRequestMiddleware->handle()
#29 /var/www/api2-panel/vendor/laravel/framework/src/Illuminate/Foundation/Http/Middleware/TransformsRequest.php(21): Illuminate\\Pipeline\\Pipeline->Illuminate\\Pipeline\\{closure}()
#30 /var/www/api2-panel/vendor/laravel/framework/src/Illuminate/Foundation/Http/Middleware/ConvertEmptyStringsToNull.php(31): Illuminate\\Foundation\\Http\\Middleware\\TransformsRequest->handle()
#31 /var/www/api2-panel/vendor/laravel/framework/src/Illuminate/Pipeline/Pipeline.php(180): Illuminate\\Foundation\\Http\\Middleware\\ConvertEmptyStringsToNull->handle()
#32 /var/www/api2-panel/vendor/laravel/framework/src/Illuminate/Foundation/Http/Middleware/TransformsRequest.php(21): Illuminate\\Pipeline\\Pipeline->Illuminate\\Pipeline\\{closure}()
#33 /var/www/api2-panel/vendor/laravel/framework/src/Illuminate/Foundation/Http/Middleware/TrimStrings.php(40): Illuminate\\Foundation\\Http\\Middleware\\TransformsRequest->handle()
#34 /var/www/api2-panel/vendor/laravel/framework/src/Illuminate/Pipeline/Pipeline.php(180): Illuminate\\Foundation\\Http\\Middleware\\TrimStrings->handle()
#35 /var/www/api2-panel/vendor/laravel/framework/src/Illuminate/Foundation/Http/Middleware/ValidatePostSize.php(27): Illuminate\\Pipeline\\Pipeline->Illuminate\\Pipeline\\{closure}()
#36 /var/www/api2-panel/vendor/laravel/framework/src/Illuminate/Pipeline/Pipeline.php(180): Illuminate\\Foundation\\Http\\Middleware\\ValidatePostSize->handle()
#37 /var/www/api2-panel/vendor/laravel/framework/src/Illuminate/Foundation/Http/Middleware/PreventRequestsDuringMaintenance.php(86): Illuminate\\Pipeline\\Pipeline->Illuminate\\Pipeline\\{closure}()
#38 /var/www/api2-panel/vendor/laravel/framework/src/Illuminate/Pipeline/Pipeline.php(180): Illuminate\\Foundation\\Http\\Middleware\\PreventRequestsDuringMaintenance->handle()
#39 /var/www/api2-panel/vendor/laravel/framework/src/Illuminate/Http/Middleware/HandleCors.php(49): Illuminate\\Pipeline\\Pipeline->Illuminate\\Pipeline\\{closure}()
#40 /var/www/api2-panel/vendor/laravel/framework/src/Illuminate/Pipeline/Pipeline.php(180): Illuminate\\Http\\Middleware\\HandleCors->handle()
#41 /var/www/api2-panel/vendor/laravel/framework/src/Illuminate/Http/Middleware/TrustProxies.php(39): Illuminate\\Pipeline\\Pipeline->Illuminate\\Pipeline\\{closure}()
#42 /var/www/api2-panel/vendor/laravel/framework/src/Illuminate/Pipeline/Pipeline.php(180): Illuminate\\Http\\Middleware\\TrustProxies->handle()
#43 /var/www/api2-panel/vendor/sentry/sentry-laravel/src/Sentry/Laravel/Tracing/Middleware.php(77): Illuminate\\Pipeline\\Pipeline->Illuminate\\Pipeline\\{closure}()
#44 /var/www/api2-panel/vendor/laravel/framework/src/Illuminate/Pipeline/Pipeline.php(180): Sentry\\Laravel\\Tracing\\Middleware->handle()
#45 /var/www/api2-panel/vendor/laravel/framework/src/Illuminate/Pipeline/Pipeline.php(116): Illuminate\\Pipeline\\Pipeline->Illuminate\\Pipeline\\{closure}()
#46 /var/www/api2-panel/vendor/laravel/framework/src/Illuminate/Foundation/Http/Kernel.php(165): Illuminate\\Pipeline\\Pipeline->then()
#47 /var/www/api2-panel/vendor/laravel/framework/src/Illuminate/Foundation/Http/Kernel.php(134): Illuminate\\Foundation\\Http\\Kernel->sendRequestThroughRouter()
#48 /var/www/api2-panel/public/index.php(52): Illuminate\\Foundation\\Http\\Kernel->handle()
#49 {main}
"} 
[2026-01-02 12:33:48] production.INFO: array (
  'getUserPanels username' => NULL,
  'getUserPanels lang' => 'En',
)  
[2026-01-02 12:33:48] production.ERROR: Attempt to read property "id" on null {"exception":"[object] (ErrorException(code: 0): Attempt to read property \"id\" on null at /var/www/api2-panel/Modules/Bot/Http/Services/TelegramHandler.php:416)
[stacktrace]
#0 /var/www/api2-panel/vendor/laravel/framework/src/Illuminate/Foundation/Bootstrap/HandleExceptions.php(270): Illuminate\\Foundation\\Bootstrap\\HandleExceptions->handleError()
#1 /var/www/api2-panel/Modules/Bot/Http/Services/TelegramHandler.php(416): Illuminate\\Foundation\\Bootstrap\\HandleExceptions->Illuminate\\Foundation\\Bootstrap\\{closure}()
#2 /var/www/api2-panel/vendor/laravel/framework/src/Illuminate/Database/Eloquent/Builder.php(1312): Modules\\Bot\\Http\\Services\\TelegramHandler->Modules\\Bot\\Http\\Services\\{closure}()
#3 /var/www/api2-panel/vendor/laravel/framework/src/Illuminate/Database/Eloquent/Concerns/QueriesRelationships.php(61): Illuminate\\Database\\Eloquent\\Builder->callScope()
#4 /var/www/api2-panel/vendor/laravel/framework/src/Illuminate/Database/Eloquent/Concerns/QueriesRelationships.php(152): Illuminate\\Database\\Eloquent\\Builder->has()
#5 /var/www/api2-panel/Modules/Bot/Http/Services/TelegramHandler.php(417): Illuminate\\Database\\Eloquent\\Builder->whereHas()
#6 /var/www/api2-panel/Modules/Bot/Http/Services/TelegramHandler.php(190): Modules\\Bot\\Http\\Services\\TelegramHandler->getUserPanels()
#7 /var/www/api2-panel/vendor/defstudio/telegraph/src/Handlers/WebhookHandler.php(128): Modules\\Bot\\Http\\Services\\TelegramHandler->handleChatMessage()
#8 /var/www/api2-panel/vendor/defstudio/telegraph/src/Handlers/WebhookHandler.php(228): DefStudio\\Telegraph\\Handlers\\WebhookHandler->handleMessage()
#9 /var/www/api2-panel/vendor/defstudio/telegraph/src/Controllers/WebhookController.php(28): DefStudio\\Telegraph\\Handlers\\WebhookHandler->handle()
#10 /var/www/api2-panel/vendor/laravel/framework/src/Illuminate/Routing/ControllerDispatcher.php(46): DefStudio\\Telegraph\\Controllers\\WebhookController->handle()
#11 /var/www/api2-panel/vendor/sentry/sentry-laravel/src/Sentry/Laravel/Tracing/Routing/TracingControllerDispatcherTracing.php(21): Illuminate\\Routing\\ControllerDispatcher->dispatch()
#12 /var/www/api2-panel/vendor/sentry/sentry-laravel/src/Sentry/Laravel/Tracing/Routing/TracingRoutingDispatcher.php(31): Sentry\\Laravel\\Tracing\\Routing\\TracingControllerDispatcherTracing->Sentry\\Laravel\\Tracing\\Routing\\{closure}()
#13 /var/www/api2-panel/vendor/sentry/sentry-laravel/src/Sentry/Laravel/Tracing/Routing/TracingControllerDispatcherTracing.php(20): Sentry\\Laravel\\Tracing\\Routing\\TracingRoutingDispatcher->wrapRouteDispatch()
#14 /var/www/api2-panel/vendor/laravel/framework/src/Illuminate/Routing/Route.php(260): Sentry\\Laravel\\Tracing\\Routing\\TracingControllerDispatcherTracing->dispatch()
#15 /var/www/api2-panel/vendor/laravel/framework/src/Illuminate/Routing/Route.php(205): Illuminate\\Routing\\Route->runController()
#16 /var/www/api2-panel/vendor/laravel/framework/src/Illuminate/Routing/Router.php(798): Illuminate\\Routing\\Route->run()
#17 /var/www/api2-panel/vendor/laravel/framework/src/Illuminate/Pipeline/Pipeline.php(141): Illuminate\\Routing\\Router->Illuminate\\Routing\\{closure}()
#18 /var/www/api2-panel/vendor/laravel/framework/src/Illuminate/Pipeline/Pipeline.php(116): Illuminate\\Pipeline\\Pipeline->Illuminate\\Pipeline\\{closure}()
#19 /var/www/api2-panel/vendor/laravel/framework/src/Illuminate/Routing/Router.php(799): Illuminate\\Pipeline\\Pipeline->then()
#20 /var/www/api2-panel/vendor/laravel/framework/src/Illuminate/Routing/Router.php(776): Illuminate\\Routing\\Router->runRouteWithinStack()
#21 /var/www/api2-panel/vendor/laravel/framework/src/Illuminate/Routing/Router.php(740): Illuminate\\Routing\\Router->runRoute()
#22 /var/www/api2-panel/vendor/laravel/framework/src/Illuminate/Routing/Router.php(729): Illuminate\\Routing\\Router->dispatchToRoute()
#23 /var/www/api2-panel/vendor/laravel/framework/src/Illuminate/Foundation/Http/Kernel.php(190): Illuminate\\Routing\\Router->dispatch()
#24 /var/www/api2-panel/vendor/laravel/framework/src/Illuminate/Pipeline/Pipeline.php(141): Illuminate\\Foundation\\Http\\Kernel->Illuminate\\Foundation\\Http\\{closure}()
#25 /var/www/api2-panel/vendor/sentry/sentry-laravel/src/Sentry/Laravel/Http/SetRequestIpMiddleware.php(45): Illuminate\\Pipeline\\Pipeline->Illuminate\\Pipeline\\{closure}()
#26 /var/www/api2-panel/vendor/laravel/framework/src/Illuminate/Pipeline/Pipeline.php(180): Sentry\\Laravel\\Http\\SetRequestIpMiddleware->handle()
#27 /var/www/api2-panel/vendor/sentry/sentry-laravel/src/Sentry/Laravel/Http/SetRequestMiddleware.php(30): Illuminate\\Pipeline\\Pipeline->Illuminate\\Pipeline\\{closure}()
#28 /var/www/api2-panel/vendor/laravel/framework/src/Illuminate/Pipeline/Pipeline.php(180): Sentry\\Laravel\\Http\\SetRequestMiddleware->handle()
#29 /var/www/api2-panel/vendor/laravel/framework/src/Illuminate/Foundation/Http/Middleware/TransformsRequest.php(21): Illuminate\\Pipeline\\Pipeline->Illuminate\\Pipeline\\{closure}()
#30 /var/www/api2-panel/vendor/laravel/framework/src/Illuminate/Foundation/Http/Middleware/ConvertEmptyStringsToNull.php(31): Illuminate\\Foundation\\Http\\Middleware\\TransformsRequest->handle()
#31 /var/www/api2-panel/vendor/laravel/framework/src/Illuminate/Pipeline/Pipeline.php(180): Illuminate\\Foundation\\Http\\Middleware\\ConvertEmptyStringsToNull->handle()
#32 /var/www/api2-panel/vendor/laravel/framework/src/Illuminate/Foundation/Http/Middleware/TransformsRequest.php(21): Illuminate\\Pipeline\\Pipeline->Illuminate\\Pipeline\\{closure}()
#33 /var/www/api2-panel/vendor/laravel/framework/src/Illuminate/Foundation/Http/Middleware/TrimStrings.php(40): Illuminate\\Foundation\\Http\\Middleware\\TransformsRequest->handle()
#34 /var/www/api2-panel/vendor/laravel/framework/src/Illuminate/Pipeline/Pipeline.php(180): Illuminate\\Foundation\\Http\\Middleware\\TrimStrings->handle()
#35 /var/www/api2-panel/vendor/laravel/framework/src/Illuminate/Foundation/Http/Middleware/ValidatePostSize.php(27): Illuminate\\Pipeline\\Pipeline->Illuminate\\Pipeline\\{closure}()
#36 /var/www/api2-panel/vendor/laravel/framework/src/Illuminate/Pipeline/Pipeline.php(180): Illuminate\\Foundation\\Http\\Middleware\\ValidatePostSize->handle()
#37 /var/www/api2-panel/vendor/laravel/framework/src/Illuminate/Foundation/Http/Middleware/PreventRequestsDuringMaintenance.php(86): Illuminate\\Pipeline\\Pipeline->Illuminate\\Pipeline\\{closure}()
#38 /var/www/api2-panel/vendor/laravel/framework/src/Illuminate/Pipeline/Pipeline.php(180): Illuminate\\Foundation\\Http\\Middleware\\PreventRequestsDuringMaintenance->handle()
#39 /var/www/api2-panel/vendor/laravel/framework/src/Illuminate/Http/Middleware/HandleCors.php(49): Illuminate\\Pipeline\\Pipeline->Illuminate\\Pipeline\\{closure}()
#40 /var/www/api2-panel/vendor/laravel/framework/src/Illuminate/Pipeline/Pipeline.php(180): Illuminate\\Http\\Middleware\\HandleCors->handle()
#41 /var/www/api2-panel/vendor/laravel/framework/src/Illuminate/Http/Middleware/TrustProxies.php(39): Illuminate\\Pipeline\\Pipeline->Illuminate\\Pipeline\\{closure}()
#42 /var/www/api2-panel/vendor/laravel/framework/src/Illuminate/Pipeline/Pipeline.php(180): Illuminate\\Http\\Middleware\\TrustProxies->handle()
#43 /var/www/api2-panel/vendor/sentry/sentry-laravel/src/Sentry/Laravel/Tracing/Middleware.php(77): Illuminate\\Pipeline\\Pipeline->Illuminate\\Pipeline\\{closure}()
#44 /var/www/api2-panel/vendor/laravel/framework/src/Illuminate/Pipeline/Pipeline.php(180): Sentry\\Laravel\\Tracing\\Middleware->handle()
#45 /var/www/api2-panel/vendor/laravel/framework/src/Illuminate/Pipeline/Pipeline.php(116): Illuminate\\Pipeline\\Pipeline->Illuminate\\Pipeline\\{closure}()
#46 /var/www/api2-panel/vendor/laravel/framework/src/Illuminate/Foundation/Http/Kernel.php(165): Illuminate\\Pipeline\\Pipeline->then()
#47 /var/www/api2-panel/vendor/laravel/framework/src/Illuminate/Foundation/Http/Kernel.php(134): Illuminate\\Foundation\\Http\\Kernel->sendRequestThroughRouter()
#48 /var/www/api2-panel/public/index.php(52): Illuminate\\Foundation\\Http\\Kernel->handle()
#49 {main}
"} 
[2026-01-02 12:35:01] production.INFO: array (
  'getUserPanels username' => NULL,
  'getUserPanels lang' => 'En',
)  
[2026-01-02 12:35:01] production.ERROR: Attempt to read property "id" on null {"exception":"[object] (ErrorException(code: 0): Attempt to read property \"id\" on null at /var/www/api2-panel/Modules/Bot/Http/Services/TelegramHandler.php:416)
[stacktrace]
#0 /var/www/api2-panel/vendor/laravel/framework/src/Illuminate/Foundation/Bootstrap/HandleExceptions.php(270): Illuminate\\Foundation\\Bootstrap\\HandleExceptions->handleError()
#1 /var/www/api2-panel/Modules/Bot/Http/Services/TelegramHandler.php(416): Illuminate\\Foundation\\Bootstrap\\HandleExceptions->Illuminate\\Foundation\\Bootstrap\\{closure}()
#2 /var/www/api2-panel/vendor/laravel/framework/src/Illuminate/Database/Eloquent/Builder.php(1312): Modules\\Bot\\Http\\Services\\TelegramHandler->Modules\\Bot\\Http\\Services\\{closure}()
#3 /var/www/api2-panel/vendor/laravel/framework/src/Illuminate/Database/Eloquent/Concerns/QueriesRelationships.php(61): Illuminate\\Database\\Eloquent\\Builder->callScope()
#4 /var/www/api2-panel/vendor/laravel/framework/src/Illuminate/Database/Eloquent/Concerns/QueriesRelationships.php(152): Illuminate\\Database\\Eloquent\\Builder->has()
#5 /var/www/api2-panel/Modules/Bot/Http/Services/TelegramHandler.php(417): Illuminate\\Database\\Eloquent\\Builder->whereHas()
#6 /var/www/api2-panel/Modules/Bot/Http/Services/TelegramHandler.php(190): Modules\\Bot\\Http\\Services\\TelegramHandler->getUserPanels()
#7 /var/www/api2-panel/vendor/defstudio/telegraph/src/Handlers/WebhookHandler.php(128): Modules\\Bot\\Http\\Services\\TelegramHandler->handleChatMessage()
#8 /var/www/api2-panel/vendor/defstudio/telegraph/src/Handlers/WebhookHandler.php(228): DefStudio\\Telegraph\\Handlers\\WebhookHandler->handleMessage()
#9 /var/www/api2-panel/vendor/defstudio/telegraph/src/Controllers/WebhookController.php(28): DefStudio\\Telegraph\\Handlers\\WebhookHandler->handle()
#10 /var/www/api2-panel/vendor/laravel/framework/src/Illuminate/Routing/ControllerDispatcher.php(46): DefStudio\\Telegraph\\Controllers\\WebhookController->handle()
#11 /var/www/api2-panel/vendor/sentry/sentry-laravel/src/Sentry/Laravel/Tracing/Routing/TracingControllerDispatcherTracing.php(21): Illuminate\\Routing\\ControllerDispatcher->dispatch()
#12 /var/www/api2-panel/vendor/sentry/sentry-laravel/src/Sentry/Laravel/Tracing/Routing/TracingRoutingDispatcher.php(31): Sentry\\Laravel\\Tracing\\Routing\\TracingControllerDispatcherTracing->Sentry\\Laravel\\Tracing\\Routing\\{closure}()
#13 /var/www/api2-panel/vendor/sentry/sentry-laravel/src/Sentry/Laravel/Tracing/Routing/TracingControllerDispatcherTracing.php(20): Sentry\\Laravel\\Tracing\\Routing\\TracingRoutingDispatcher->wrapRouteDispatch()
#14 /var/www/api2-panel/vendor/laravel/framework/src/Illuminate/Routing/Route.php(260): Sentry\\Laravel\\Tracing\\Routing\\TracingControllerDispatcherTracing->dispatch()
#15 /var/www/api2-panel/vendor/laravel/framework/src/Illuminate/Routing/Route.php(205): Illuminate\\Routing\\Route->runController()
#16 /var/www/api2-panel/vendor/laravel/framework/src/Illuminate/Routing/Router.php(798): Illuminate\\Routing\\Route->run()
#17 /var/www/api2-panel/vendor/laravel/framework/src/Illuminate/Pipeline/Pipeline.php(141): Illuminate\\Routing\\Router->Illuminate\\Routing\\{closure}()
#18 /var/www/api2-panel/vendor/laravel/framework/src/Illuminate/Pipeline/Pipeline.php(116): Illuminate\\Pipeline\\Pipeline->Illuminate\\Pipeline\\{closure}()
#19 /var/www/api2-panel/vendor/laravel/framework/src/Illuminate/Routing/Router.php(799): Illuminate\\Pipeline\\Pipeline->then()
#20 /var/www/api2-panel/vendor/laravel/framework/src/Illuminate/Routing/Router.php(776): Illuminate\\Routing\\Router->runRouteWithinStack()
#21 /var/www/api2-panel/vendor/laravel/framework/src/Illuminate/Routing/Router.php(740): Illuminate\\Routing\\Router->runRoute()
#22 /var/www/api2-panel/vendor/laravel/framework/src/Illuminate/Routing/Router.php(729): Illuminate\\Routing\\Router->dispatchToRoute()
#23 /var/www/api2-panel/vendor/laravel/framework/src/Illuminate/Foundation/Http/Kernel.php(190): Illuminate\\Routing\\Router->dispatch()
#24 /var/www/api2-panel/vendor/laravel/framework/src/Illuminate/Pipeline/Pipeline.php(141): Illuminate\\Foundation\\Http\\Kernel->Illuminate\\Foundation\\Http\\{closure}()
#25 /var/www/api2-panel/vendor/sentry/sentry-laravel/src/Sentry/Laravel/Http/SetRequestIpMiddleware.php(45): Illuminate\\Pipeline\\Pipeline->Illuminate\\Pipeline\\{closure}()
#26 /var/www/api2-panel/vendor/laravel/framework/src/Illuminate/Pipeline/Pipeline.php(180): Sentry\\Laravel\\Http\\SetRequestIpMiddleware->handle()
#27 /var/www/api2-panel/vendor/sentry/sentry-laravel/src/Sentry/Laravel/Http/SetRequestMiddleware.php(30): Illuminate\\Pipeline\\Pipeline->Illuminate\\Pipeline\\{closure}()
#28 /var/www/api2-panel/vendor/laravel/framework/src/Illuminate/Pipeline/Pipeline.php(180): Sentry\\Laravel\\Http\\SetRequestMiddleware->handle()
#29 /var/www/api2-panel/vendor/laravel/framework/src/Illuminate/Foundation/Http/Middleware/TransformsRequest.php(21): Illuminate\\Pipeline\\Pipeline->Illuminate\\Pipeline\\{closure}()
#30 /var/www/api2-panel/vendor/laravel/framework/src/Illuminate/Foundation/Http/Middleware/ConvertEmptyStringsToNull.php(31): Illuminate\\Foundation\\Http\\Middleware\\TransformsRequest->handle()
#31 /var/www/api2-panel/vendor/laravel/framework/src/Illuminate/Pipeline/Pipeline.php(180): Illuminate\\Foundation\\Http\\Middleware\\ConvertEmptyStringsToNull->handle()
#32 /var/www/api2-panel/vendor/laravel/framework/src/Illuminate/Foundation/Http/Middleware/TransformsRequest.php(21): Illuminate\\Pipeline\\Pipeline->Illuminate\\Pipeline\\{closure}()
#33 /var/www/api2-panel/vendor/laravel/framework/src/Illuminate/Foundation/Http/Middleware/TrimStrings.php(40): Illuminate\\Foundation\\Http\\Middleware\\TransformsRequest->handle()
#34 /var/www/api2-panel/vendor/laravel/framework/src/Illuminate/Pipeline/Pipeline.php(180): Illuminate\\Foundation\\Http\\Middleware\\TrimStrings->handle()
#35 /var/www/api2-panel/vendor/laravel/framework/src/Illuminate/Foundation/Http/Middleware/ValidatePostSize.php(27): Illuminate\\Pipeline\\Pipeline->Illuminate\\Pipeline\\{closure}()
#36 /var/www/api2-panel/vendor/laravel/framework/src/Illuminate/Pipeline/Pipeline.php(180): Illuminate\\Foundation\\Http\\Middleware\\ValidatePostSize->handle()
#37 /var/www/api2-panel/vendor/laravel/framework/src/Illuminate/Foundation/Http/Middleware/PreventRequestsDuringMaintenance.php(86): Illuminate\\Pipeline\\Pipeline->Illuminate\\Pipeline\\{closure}()
#38 /var/www/api2-panel/vendor/laravel/framework/src/Illuminate/Pipeline/Pipeline.php(180): Illuminate\\Foundation\\Http\\Middleware\\PreventRequestsDuringMaintenance->handle()
#39 /var/www/api2-panel/vendor/laravel/framework/src/Illuminate/Http/Middleware/HandleCors.php(49): Illuminate\\Pipeline\\Pipeline->Illuminate\\Pipeline\\{closure}()
#40 /var/www/api2-panel/vendor/laravel/framework/src/Illuminate/Pipeline/Pipeline.php(180): Illuminate\\Http\\Middleware\\HandleCors->handle()
#41 /var/www/api2-panel/vendor/laravel/framework/src/Illuminate/Http/Middleware/TrustProxies.php(39): Illuminate\\Pipeline\\Pipeline->Illuminate\\Pipeline\\{closure}()
#42 /var/www/api2-panel/vendor/laravel/framework/src/Illuminate/Pipeline/Pipeline.php(180): Illuminate\\Http\\Middleware\\TrustProxies->handle()
#43 /var/www/api2-panel/vendor/sentry/sentry-laravel/src/Sentry/Laravel/Tracing/Middleware.php(77): Illuminate\\Pipeline\\Pipeline->Illuminate\\Pipeline\\{closure}()
#44 /var/www/api2-panel/vendor/laravel/framework/src/Illuminate/Pipeline/Pipeline.php(180): Sentry\\Laravel\\Tracing\\Middleware->handle()
#45 /var/www/api2-panel/vendor/laravel/framework/src/Illuminate/Pipeline/Pipeline.php(116): Illuminate\\Pipeline\\Pipeline->Illuminate\\Pipeline\\{closure}()
#46 /var/www/api2-panel/vendor/laravel/framework/src/Illuminate/Foundation/Http/Kernel.php(165): Illuminate\\Pipeline\\Pipeline->then()
#47 /var/www/api2-panel/vendor/laravel/framework/src/Illuminate/Foundation/Http/Kernel.php(134): Illuminate\\Foundation\\Http\\Kernel->sendRequestThroughRouter()
#48 /var/www/api2-panel/public/index.php(52): Illuminate\\Foundation\\Http\\Kernel->handle()
#49 {main}
"} 
[2026-01-02 12:36:42] production.INFO: array (
  'getUserPanels username' => NULL,
  'getUserPanels lang' => 'En',
)  
[2026-01-02 12:36:42] production.ERROR: Attempt to read property "id" on null {"exception":"[object] (ErrorException(code: 0): Attempt to read property \"id\" on null at /var/www/api2-panel/Modules/Bot/Http/Services/TelegramHandler.php:416)
[stacktrace]
#0 /var/www/api2-panel/vendor/laravel/framework/src/Illuminate/Foundation/Bootstrap/HandleExceptions.php(270): Illuminate\\Foundation\\Bootstrap\\HandleExceptions->handleError()
#1 /var/www/api2-panel/Modules/Bot/Http/Services/TelegramHandler.php(416): Illuminate\\Foundation\\Bootstrap\\HandleExceptions->Illuminate\\Foundation\\Bootstrap\\{closure}()
#2 /var/www/api2-panel/vendor/laravel/framework/src/Illuminate/Database/Eloquent/Builder.php(1312): Modules\\Bot\\Http\\Services\\TelegramHandler->Modules\\Bot\\Http\\Services\\{closure}()
#3 /var/www/api2-panel/vendor/laravel/framework/src/Illuminate/Database/Eloquent/Concerns/QueriesRelationships.php(61): Illuminate\\Database\\Eloquent\\Builder->callScope()
#4 /var/www/api2-panel/vendor/laravel/framework/src/Illuminate/Database/Eloquent/Concerns/QueriesRelationships.php(152): Illuminate\\Database\\Eloquent\\Builder->has()
#5 /var/www/api2-panel/Modules/Bot/Http/Services/TelegramHandler.php(417): Illuminate\\Database\\Eloquent\\Builder->whereHas()
#6 /var/www/api2-panel/Modules/Bot/Http/Services/TelegramHandler.php(190): Modules\\Bot\\Http\\Services\\TelegramHandler->getUserPanels()
#7 /var/www/api2-panel/vendor/defstudio/telegraph/src/Handlers/WebhookHandler.php(128): Modules\\Bot\\Http\\Services\\TelegramHandler->handleChatMessage()
#8 /var/www/api2-panel/vendor/defstudio/telegraph/src/Handlers/WebhookHandler.php(228): DefStudio\\Telegraph\\Handlers\\WebhookHandler->handleMessage()
#9 /var/www/api2-panel/vendor/defstudio/telegraph/src/Controllers/WebhookController.php(28): DefStudio\\Telegraph\\Handlers\\WebhookHandler->handle()
#10 /var/www/api2-panel/vendor/laravel/framework/src/Illuminate/Routing/ControllerDispatcher.php(46): DefStudio\\Telegraph\\Controllers\\WebhookController->handle()
#11 /var/www/api2-panel/vendor/sentry/sentry-laravel/src/Sentry/Laravel/Tracing/Routing/TracingControllerDispatcherTracing.php(21): Illuminate\\Routing\\ControllerDispatcher->dispatch()
#12 /var/www/api2-panel/vendor/sentry/sentry-laravel/src/Sentry/Laravel/Tracing/Routing/TracingRoutingDispatcher.php(31): Sentry\\Laravel\\Tracing\\Routing\\TracingControllerDispatcherTracing->Sentry\\Laravel\\Tracing\\Routing\\{closure}()
#13 /var/www/api2-panel/vendor/sentry/sentry-laravel/src/Sentry/Laravel/Tracing/Routing/TracingControllerDispatcherTracing.php(20): Sentry\\Laravel\\Tracing\\Routing\\TracingRoutingDispatcher->wrapRouteDispatch()
#14 /var/www/api2-panel/vendor/laravel/framework/src/Illuminate/Routing/Route.php(260): Sentry\\Laravel\\Tracing\\Routing\\TracingControllerDispatcherTracing->dispatch()
#15 /var/www/api2-panel/vendor/laravel/framework/src/Illuminate/Routing/Route.php(205): Illuminate\\Routing\\Route->runController()
#16 /var/www/api2-panel/vendor/laravel/framework/src/Illuminate/Routing/Router.php(798): Illuminate\\Routing\\Route->run()
#17 /var/www/api2-panel/vendor/laravel/framework/src/Illuminate/Pipeline/Pipeline.php(141): Illuminate\\Routing\\Router->Illuminate\\Routing\\{closure}()
#18 /var/www/api2-panel/vendor/laravel/framework/src/Illuminate/Pipeline/Pipeline.php(116): Illuminate\\Pipeline\\Pipeline->Illuminate\\Pipeline\\{closure}()
#19 /var/www/api2-panel/vendor/laravel/framework/src/Illuminate/Routing/Router.php(799): Illuminate\\Pipeline\\Pipeline->then()
#20 /var/www/api2-panel/vendor/laravel/framework/src/Illuminate/Routing/Router.php(776): Illuminate\\Routing\\Router->runRouteWithinStack()
#21 /var/www/api2-panel/vendor/laravel/framework/src/Illuminate/Routing/Router.php(740): Illuminate\\Routing\\Router->runRoute()
#22 /var/www/api2-panel/vendor/laravel/framework/src/Illuminate/Routing/Router.php(729): Illuminate\\Routing\\Router->dispatchToRoute()
#23 /var/www/api2-panel/vendor/laravel/framework/src/Illuminate/Foundation/Http/Kernel.php(190): Illuminate\\Routing\\Router->dispatch()
#24 /var/www/api2-panel/vendor/laravel/framework/src/Illuminate/Pipeline/Pipeline.php(141): Illuminate\\Foundation\\Http\\Kernel->Illuminate\\Foundation\\Http\\{closure}()
#25 /var/www/api2-panel/vendor/sentry/sentry-laravel/src/Sentry/Laravel/Http/SetRequestIpMiddleware.php(45): Illuminate\\Pipeline\\Pipeline->Illuminate\\Pipeline\\{closure}()
#26 /var/www/api2-panel/vendor/laravel/framework/src/Illuminate/Pipeline/Pipeline.php(180): Sentry\\Laravel\\Http\\SetRequestIpMiddleware->handle()
#27 /var/www/api2-panel/vendor/sentry/sentry-laravel/src/Sentry/Laravel/Http/SetRequestMiddleware.php(30): Illuminate\\Pipeline\\Pipeline->Illuminate\\Pipeline\\{closure}()
#28 /var/www/api2-panel/vendor/laravel/framework/src/Illuminate/Pipeline/Pipeline.php(180): Sentry\\Laravel\\Http\\SetRequestMiddleware->handle()
#29 /var/www/api2-panel/vendor/laravel/framework/src/Illuminate/Foundation/Http/Middleware/TransformsRequest.php(21): Illuminate\\Pipeline\\Pipeline->Illuminate\\Pipeline\\{closure}()
#30 /var/www/api2-panel/vendor/laravel/framework/src/Illuminate/Foundation/Http/Middleware/ConvertEmptyStringsToNull.php(31): Illuminate\\Foundation\\Http\\Middleware\\TransformsRequest->handle()
#31 /var/www/api2-panel/vendor/laravel/framework/src/Illuminate/Pipeline/Pipeline.php(180): Illuminate\\Foundation\\Http\\Middleware\\ConvertEmptyStringsToNull->handle()
#32 /var/www/api2-panel/vendor/laravel/framework/src/Illuminate/Foundation/Http/Middleware/TransformsRequest.php(21): Illuminate\\Pipeline\\Pipeline->Illuminate\\Pipeline\\{closure}()
#33 /var/www/api2-panel/vendor/laravel/framework/src/Illuminate/Foundation/Http/Middleware/TrimStrings.php(40): Illuminate\\Foundation\\Http\\Middleware\\TransformsRequest->handle()
#34 /var/www/api2-panel/vendor/laravel/framework/src/Illuminate/Pipeline/Pipeline.php(180): Illuminate\\Foundation\\Http\\Middleware\\TrimStrings->handle()
#35 /var/www/api2-panel/vendor/laravel/framework/src/Illuminate/Foundation/Http/Middleware/ValidatePostSize.php(27): Illuminate\\Pipeline\\Pipeline->Illuminate\\Pipeline\\{closure}()
#36 /var/www/api2-panel/vendor/laravel/framework/src/Illuminate/Pipeline/Pipeline.php(180): Illuminate\\Foundation\\Http\\Middleware\\ValidatePostSize->handle()
#37 /var/www/api2-panel/vendor/laravel/framework/src/Illuminate/Foundation/Http/Middleware/PreventRequestsDuringMaintenance.php(86): Illuminate\\Pipeline\\Pipeline->Illuminate\\Pipeline\\{closure}()
#38 /var/www/api2-panel/vendor/laravel/framework/src/Illuminate/Pipeline/Pipeline.php(180): Illuminate\\Foundation\\Http\\Middleware\\PreventRequestsDuringMaintenance->handle()
#39 /var/www/api2-panel/vendor/laravel/framework/src/Illuminate/Http/Middleware/HandleCors.php(49): Illuminate\\Pipeline\\Pipeline->Illuminate\\Pipeline\\{closure}()
#40 /var/www/api2-panel/vendor/laravel/framework/src/Illuminate/Pipeline/Pipeline.php(180): Illuminate\\Http\\Middleware\\HandleCors->handle()
#41 /var/www/api2-panel/vendor/laravel/framework/src/Illuminate/Http/Middleware/TrustProxies.php(39): Illuminate\\Pipeline\\Pipeline->Illuminate\\Pipeline\\{closure}()
#42 /var/www/api2-panel/vendor/laravel/framework/src/Illuminate/Pipeline/Pipeline.php(180): Illuminate\\Http\\Middleware\\TrustProxies->handle()
#43 /var/www/api2-panel/vendor/sentry/sentry-laravel/src/Sentry/Laravel/Tracing/Middleware.php(77): Illuminate\\Pipeline\\Pipeline->Illuminate\\Pipeline\\{closure}()
#44 /var/www/api2-panel/vendor/laravel/framework/src/Illuminate/Pipeline/Pipeline.php(180): Sentry\\Laravel\\Tracing\\Middleware->handle()
#45 /var/www/api2-panel/vendor/laravel/framework/src/Illuminate/Pipeline/Pipeline.php(116): Illuminate\\Pipeline\\Pipeline->Illuminate\\Pipeline\\{closure}()
#46 /var/www/api2-panel/vendor/laravel/framework/src/Illuminate/Foundation/Http/Kernel.php(165): Illuminate\\Pipeline\\Pipeline->then()
#47 /var/www/api2-panel/vendor/laravel/framework/src/Illuminate/Foundation/Http/Kernel.php(134): Illuminate\\Foundation\\Http\\Kernel->sendRequestThroughRouter()
#48 /var/www/api2-panel/public/index.php(52): Illuminate\\Foundation\\Http\\Kernel->handle()
#49 {main}
"} 
[2026-01-02 12:38:39] production.INFO: array (
  'getUserPanels username' => NULL,
  'getUserPanels lang' => 'En',
)  
[2026-01-02 12:38:39] production.ERROR: Attempt to read property "id" on null {"exception":"[object] (ErrorException(code: 0): Attempt to read property \"id\" on null at /var/www/api2-panel/Modules/Bot/Http/Services/TelegramHandler.php:416)
[stacktrace]
#0 /var/www/api2-panel/vendor/laravel/framework/src/Illuminate/Foundation/Bootstrap/HandleExceptions.php(270): Illuminate\\Foundation\\Bootstrap\\HandleExceptions->handleError()
#1 /var/www/api2-panel/Modules/Bot/Http/Services/TelegramHandler.php(416): Illuminate\\Foundation\\Bootstrap\\HandleExceptions->Illuminate\\Foundation\\Bootstrap\\{closure}()
#2 /var/www/api2-panel/vendor/laravel/framework/src/Illuminate/Database/Eloquent/Builder.php(1312): Modules\\Bot\\Http\\Services\\TelegramHandler->Modules\\Bot\\Http\\Services\\{closure}()
#3 /var/www/api2-panel/vendor/laravel/framework/src/Illuminate/Database/Eloquent/Concerns/QueriesRelationships.php(61): Illuminate\\Database\\Eloquent\\Builder->callScope()
#4 /var/www/api2-panel/vendor/laravel/framework/src/Illuminate/Database/Eloquent/Concerns/QueriesRelationships.php(152): Illuminate\\Database\\Eloquent\\Builder->has()
#5 /var/www/api2-panel/Modules/Bot/Http/Services/TelegramHandler.php(417): Illuminate\\Database\\Eloquent\\Builder->whereHas()
#6 /var/www/api2-panel/Modules/Bot/Http/Services/TelegramHandler.php(190): Modules\\Bot\\Http\\Services\\TelegramHandler->getUserPanels()
#7 /var/www/api2-panel/vendor/defstudio/telegraph/src/Handlers/WebhookHandler.php(128): Modules\\Bot\\Http\\Services\\TelegramHandler->handleChatMessage()
#8 /var/www/api2-panel/vendor/defstudio/telegraph/src/Handlers/WebhookHandler.php(228): DefStudio\\Telegraph\\Handlers\\WebhookHandler->handleMessage()
#9 /var/www/api2-panel/vendor/defstudio/telegraph/src/Controllers/WebhookController.php(28): DefStudio\\Telegraph\\Handlers\\WebhookHandler->handle()
#10 /var/www/api2-panel/vendor/laravel/framework/src/Illuminate/Routing/ControllerDispatcher.php(46): DefStudio\\Telegraph\\Controllers\\WebhookController->handle()
#11 /var/www/api2-panel/vendor/sentry/sentry-laravel/src/Sentry/Laravel/Tracing/Routing/TracingControllerDispatcherTracing.php(21): Illuminate\\Routing\\ControllerDispatcher->dispatch()
#12 /var/www/api2-panel/vendor/sentry/sentry-laravel/src/Sentry/Laravel/Tracing/Routing/TracingRoutingDispatcher.php(31): Sentry\\Laravel\\Tracing\\Routing\\TracingControllerDispatcherTracing->Sentry\\Laravel\\Tracing\\Routing\\{closure}()
#13 /var/www/api2-panel/vendor/sentry/sentry-laravel/src/Sentry/Laravel/Tracing/Routing/TracingControllerDispatcherTracing.php(20): Sentry\\Laravel\\Tracing\\Routing\\TracingRoutingDispatcher->wrapRouteDispatch()
#14 /var/www/api2-panel/vendor/laravel/framework/src/Illuminate/Routing/Route.php(260): Sentry\\Laravel\\Tracing\\Routing\\TracingControllerDispatcherTracing->dispatch()
#15 /var/www/api2-panel/vendor/laravel/framework/src/Illuminate/Routing/Route.php(205): Illuminate\\Routing\\Route->runController()
#16 /var/www/api2-panel/vendor/laravel/framework/src/Illuminate/Routing/Router.php(798): Illuminate\\Routing\\Route->run()
#17 /var/www/api2-panel/vendor/laravel/framework/src/Illuminate/Pipeline/Pipeline.php(141): Illuminate\\Routing\\Router->Illuminate\\Routing\\{closure}()
#18 /var/www/api2-panel/vendor/laravel/framework/src/Illuminate/Pipeline/Pipeline.php(116): Illuminate\\Pipeline\\Pipeline->Illuminate\\Pipeline\\{closure}()
#19 /var/www/api2-panel/vendor/laravel/framework/src/Illuminate/Routing/Router.php(799): Illuminate\\Pipeline\\Pipeline->then()
#20 /var/www/api2-panel/vendor/laravel/framework/src/Illuminate/Routing/Router.php(776): Illuminate\\Routing\\Router->runRouteWithinStack()
#21 /var/www/api2-panel/vendor/laravel/framework/src/Illuminate/Routing/Router.php(740): Illuminate\\Routing\\Router->runRoute()
#22 /var/www/api2-panel/vendor/laravel/framework/src/Illuminate/Routing/Router.php(729): Illuminate\\Routing\\Router->dispatchToRoute()
#23 /var/www/api2-panel/vendor/laravel/framework/src/Illuminate/Foundation/Http/Kernel.php(190): Illuminate\\Routing\\Router->dispatch()
#24 /var/www/api2-panel/vendor/laravel/framework/src/Illuminate/Pipeline/Pipeline.php(141): Illuminate\\Foundation\\Http\\Kernel->Illuminate\\Foundation\\Http\\{closure}()
#25 /var/www/api2-panel/vendor/sentry/sentry-laravel/src/Sentry/Laravel/Http/SetRequestIpMiddleware.php(45): Illuminate\\Pipeline\\Pipeline->Illuminate\\Pipeline\\{closure}()
#26 /var/www/api2-panel/vendor/laravel/framework/src/Illuminate/Pipeline/Pipeline.php(180): Sentry\\Laravel\\Http\\SetRequestIpMiddleware->handle()
#27 /var/www/api2-panel/vendor/sentry/sentry-laravel/src/Sentry/Laravel/Http/SetRequestMiddleware.php(30): Illuminate\\Pipeline\\Pipeline->Illuminate\\Pipeline\\{closure}()
#28 /var/www/api2-panel/vendor/laravel/framework/src/Illuminate/Pipeline/Pipeline.php(180): Sentry\\Laravel\\Http\\SetRequestMiddleware->handle()
#29 /var/www/api2-panel/vendor/laravel/framework/src/Illuminate/Foundation/Http/Middleware/TransformsRequest.php(21): Illuminate\\Pipeline\\Pipeline->Illuminate\\Pipeline\\{closure}()
#30 /var/www/api2-panel/vendor/laravel/framework/src/Illuminate/Foundation/Http/Middleware/ConvertEmptyStringsToNull.php(31): Illuminate\\Foundation\\Http\\Middleware\\TransformsRequest->handle()
#31 /var/www/api2-panel/vendor/laravel/framework/src/Illuminate/Pipeline/Pipeline.php(180): Illuminate\\Foundation\\Http\\Middleware\\ConvertEmptyStringsToNull->handle()
#32 /var/www/api2-panel/vendor/laravel/framework/src/Illuminate/Foundation/Http/Middleware/TransformsRequest.php(21): Illuminate\\Pipeline\\Pipeline->Illuminate\\Pipeline\\{closure}()
#33 /var/www/api2-panel/vendor/laravel/framework/src/Illuminate/Foundation/Http/Middleware/TrimStrings.php(40): Illuminate\\Foundation\\Http\\Middleware\\TransformsRequest->handle()
#34 /var/www/api2-panel/vendor/laravel/framework/src/Illuminate/Pipeline/Pipeline.php(180): Illuminate\\Foundation\\Http\\Middleware\\TrimStrings->handle()
#35 /var/www/api2-panel/vendor/laravel/framework/src/Illuminate/Foundation/Http/Middleware/ValidatePostSize.php(27): Illuminate\\Pipeline\\Pipeline->Illuminate\\Pipeline\\{closure}()
#36 /var/www/api2-panel/vendor/laravel/framework/src/Illuminate/Pipeline/Pipeline.php(180): Illuminate\\Foundation\\Http\\Middleware\\ValidatePostSize->handle()
#37 /var/www/api2-panel/vendor/laravel/framework/src/Illuminate/Foundation/Http/Middleware/PreventRequestsDuringMaintenance.php(86): Illuminate\\Pipeline\\Pipeline->Illuminate\\Pipeline\\{closure}()
#38 /var/www/api2-panel/vendor/laravel/framework/src/Illuminate/Pipeline/Pipeline.php(180): Illuminate\\Foundation\\Http\\Middleware\\PreventRequestsDuringMaintenance->handle()
#39 /var/www/api2-panel/vendor/laravel/framework/src/Illuminate/Http/Middleware/HandleCors.php(49): Illuminate\\Pipeline\\Pipeline->Illuminate\\Pipeline\\{closure}()
#40 /var/www/api2-panel/vendor/laravel/framework/src/Illuminate/Pipeline/Pipeline.php(180): Illuminate\\Http\\Middleware\\HandleCors->handle()
#41 /var/www/api2-panel/vendor/laravel/framework/src/Illuminate/Http/Middleware/TrustProxies.php(39): Illuminate\\Pipeline\\Pipeline->Illuminate\\Pipeline\\{closure}()
#42 /var/www/api2-panel/vendor/laravel/framework/src/Illuminate/Pipeline/Pipeline.php(180): Illuminate\\Http\\Middleware\\TrustProxies->handle()
#43 /var/www/api2-panel/vendor/sentry/sentry-laravel/src/Sentry/Laravel/Tracing/Middleware.php(77): Illuminate\\Pipeline\\Pipeline->Illuminate\\Pipeline\\{closure}()
#44 /var/www/api2-panel/vendor/laravel/framework/src/Illuminate/Pipeline/Pipeline.php(180): Sentry\\Laravel\\Tracing\\Middleware->handle()
#45 /var/www/api2-panel/vendor/laravel/framework/src/Illuminate/Pipeline/Pipeline.php(116): Illuminate\\Pipeline\\Pipeline->Illuminate\\Pipeline\\{closure}()
#46 /var/www/api2-panel/vendor/laravel/framework/src/Illuminate/Foundation/Http/Kernel.php(165): Illuminate\\Pipeline\\Pipeline->then()
#47 /var/www/api2-panel/vendor/laravel/framework/src/Illuminate/Foundation/Http/Kernel.php(134): Illuminate\\Foundation\\Http\\Kernel->sendRequestThroughRouter()
#48 /var/www/api2-panel/public/index.php(52): Illuminate\\Foundation\\Http\\Kernel->handle()
#49 {main}
"} 
[2026-01-02 12:39:46] production.INFO: array (
  'getUserPanels username' => NULL,
  'getUserPanels lang' => 'En',
)  
[2026-01-02 12:39:46] production.ERROR: Attempt to read property "id" on null {"exception":"[object] (ErrorException(code: 0): Attempt to read property \"id\" on null at /var/www/api2-panel/Modules/Bot/Http/Services/TelegramHandler.php:416)
[stacktrace]
#0 /var/www/api2-panel/vendor/laravel/framework/src/Illuminate/Foundation/Bootstrap/HandleExceptions.php(270): Illuminate\\Foundation\\Bootstrap\\HandleExceptions->handleError()
#1 /var/www/api2-panel/Modules/Bot/Http/Services/TelegramHandler.php(416): Illuminate\\Foundation\\Bootstrap\\HandleExceptions->Illuminate\\Foundation\\Bootstrap\\{closure}()
#2 /var/www/api2-panel/vendor/laravel/framework/src/Illuminate/Database/Eloquent/Builder.php(1312): Modules\\Bot\\Http\\Services\\TelegramHandler->Modules\\Bot\\Http\\Services\\{closure}()
#3 /var/www/api2-panel/vendor/laravel/framework/src/Illuminate/Database/Eloquent/Concerns/QueriesRelationships.php(61): Illuminate\\Database\\Eloquent\\Builder->callScope()
#4 /var/www/api2-panel/vendor/laravel/framework/src/Illuminate/Database/Eloquent/Concerns/QueriesRelationships.php(152): Illuminate\\Database\\Eloquent\\Builder->has()
#5 /var/www/api2-panel/Modules/Bot/Http/Services/TelegramHandler.php(417): Illuminate\\Database\\Eloquent\\Builder->whereHas()
#6 /var/www/api2-panel/Modules/Bot/Http/Services/TelegramHandler.php(190): Modules\\Bot\\Http\\Services\\TelegramHandler->getUserPanels()
#7 /var/www/api2-panel/vendor/defstudio/telegraph/src/Handlers/WebhookHandler.php(128): Modules\\Bot\\Http\\Services\\TelegramHandler->handleChatMessage()
#8 /var/www/api2-panel/vendor/defstudio/telegraph/src/Handlers/WebhookHandler.php(228): DefStudio\\Telegraph\\Handlers\\WebhookHandler->handleMessage()
#9 /var/www/api2-panel/vendor/defstudio/telegraph/src/Controllers/WebhookController.php(28): DefStudio\\Telegraph\\Handlers\\WebhookHandler->handle()
#10 /var/www/api2-panel/vendor/laravel/framework/src/Illuminate/Routing/ControllerDispatcher.php(46): DefStudio\\Telegraph\\Controllers\\WebhookController->handle()
#11 /var/www/api2-panel/vendor/sentry/sentry-laravel/src/Sentry/Laravel/Tracing/Routing/TracingControllerDispatcherTracing.php(21): Illuminate\\Routing\\ControllerDispatcher->dispatch()
#12 /var/www/api2-panel/vendor/sentry/sentry-laravel/src/Sentry/Laravel/Tracing/Routing/TracingRoutingDispatcher.php(31): Sentry\\Laravel\\Tracing\\Routing\\TracingControllerDispatcherTracing->Sentry\\Laravel\\Tracing\\Routing\\{closure}()
#13 /var/www/api2-panel/vendor/sentry/sentry-laravel/src/Sentry/Laravel/Tracing/Routing/TracingControllerDispatcherTracing.php(20): Sentry\\Laravel\\Tracing\\Routing\\TracingRoutingDispatcher->wrapRouteDispatch()
#14 /var/www/api2-panel/vendor/laravel/framework/src/Illuminate/Routing/Route.php(260): Sentry\\Laravel\\Tracing\\Routing\\TracingControllerDispatcherTracing->dispatch()
#15 /var/www/api2-panel/vendor/laravel/framework/src/Illuminate/Routing/Route.php(205): Illuminate\\Routing\\Route->runController()
#16 /var/www/api2-panel/vendor/laravel/framework/src/Illuminate/Routing/Router.php(798): Illuminate\\Routing\\Route->run()
#17 /var/www/api2-panel/vendor/laravel/framework/src/Illuminate/Pipeline/Pipeline.php(141): Illuminate\\Routing\\Router->Illuminate\\Routing\\{closure}()
#18 /var/www/api2-panel/vendor/laravel/framework/src/Illuminate/Pipeline/Pipeline.php(116): Illuminate\\Pipeline\\Pipeline->Illuminate\\Pipeline\\{closure}()
#19 /var/www/api2-panel/vendor/laravel/framework/src/Illuminate/Routing/Router.php(799): Illuminate\\Pipeline\\Pipeline->then()
#20 /var/www/api2-panel/vendor/laravel/framework/src/Illuminate/Routing/Router.php(776): Illuminate\\Routing\\Router->runRouteWithinStack()
#21 /var/www/api2-panel/vendor/laravel/framework/src/Illuminate/Routing/Router.php(740): Illuminate\\Routing\\Router->runRoute()
#22 /var/www/api2-panel/vendor/laravel/framework/src/Illuminate/Routing/Router.php(729): Illuminate\\Routing\\Router->dispatchToRoute()
#23 /var/www/api2-panel/vendor/laravel/framework/src/Illuminate/Foundation/Http/Kernel.php(190): Illuminate\\Routing\\Router->dispatch()
#24 /var/www/api2-panel/vendor/laravel/framework/src/Illuminate/Pipeline/Pipeline.php(141): Illuminate\\Foundation\\Http\\Kernel->Illuminate\\Foundation\\Http\\{closure}()
#25 /var/www/api2-panel/vendor/sentry/sentry-laravel/src/Sentry/Laravel/Http/SetRequestIpMiddleware.php(45): Illuminate\\Pipeline\\Pipeline->Illuminate\\Pipeline\\{closure}()
#26 /var/www/api2-panel/vendor/laravel/framework/src/Illuminate/Pipeline/Pipeline.php(180): Sentry\\Laravel\\Http\\SetRequestIpMiddleware->handle()
#27 /var/www/api2-panel/vendor/sentry/sentry-laravel/src/Sentry/Laravel/Http/SetRequestMiddleware.php(30): Illuminate\\Pipeline\\Pipeline->Illuminate\\Pipeline\\{closure}()
#28 /var/www/api2-panel/vendor/laravel/framework/src/Illuminate/Pipeline/Pipeline.php(180): Sentry\\Laravel\\Http\\SetRequestMiddleware->handle()
#29 /var/www/api2-panel/vendor/laravel/framework/src/Illuminate/Foundation/Http/Middleware/TransformsRequest.php(21): Illuminate\\Pipeline\\Pipeline->Illuminate\\Pipeline\\{closure}()
#30 /var/www/api2-panel/vendor/laravel/framework/src/Illuminate/Foundation/Http/Middleware/ConvertEmptyStringsToNull.php(31): Illuminate\\Foundation\\Http\\Middleware\\TransformsRequest->handle()
#31 /var/www/api2-panel/vendor/laravel/framework/src/Illuminate/Pipeline/Pipeline.php(180): Illuminate\\Foundation\\Http\\Middleware\\ConvertEmptyStringsToNull->handle()
#32 /var/www/api2-panel/vendor/laravel/framework/src/Illuminate/Foundation/Http/Middleware/TransformsRequest.php(21): Illuminate\\Pipeline\\Pipeline->Illuminate\\Pipeline\\{closure}()
#33 /var/www/api2-panel/vendor/laravel/framework/src/Illuminate/Foundation/Http/Middleware/TrimStrings.php(40): Illuminate\\Foundation\\Http\\Middleware\\TransformsRequest->handle()
#34 /var/www/api2-panel/vendor/laravel/framework/src/Illuminate/Pipeline/Pipeline.php(180): Illuminate\\Foundation\\Http\\Middleware\\TrimStrings->handle()
#35 /var/www/api2-panel/vendor/laravel/framework/src/Illuminate/Foundation/Http/Middleware/ValidatePostSize.php(27): Illuminate\\Pipeline\\Pipeline->Illuminate\\Pipeline\\{closure}()
#36 /var/www/api2-panel/vendor/laravel/framework/src/Illuminate/Pipeline/Pipeline.php(180): Illuminate\\Foundation\\Http\\Middleware\\ValidatePostSize->handle()
#37 /var/www/api2-panel/vendor/laravel/framework/src/Illuminate/Foundation/Http/Middleware/PreventRequestsDuringMaintenance.php(86): Illuminate\\Pipeline\\Pipeline->Illuminate\\Pipeline\\{closure}()
#38 /var/www/api2-panel/vendor/laravel/framework/src/Illuminate/Pipeline/Pipeline.php(180): Illuminate\\Foundation\\Http\\Middleware\\PreventRequestsDuringMaintenance->handle()
#39 /var/www/api2-panel/vendor/laravel/framework/src/Illuminate/Http/Middleware/HandleCors.php(49): Illuminate\\Pipeline\\Pipeline->Illuminate\\Pipeline\\{closure}()
#40 /var/www/api2-panel/vendor/laravel/framework/src/Illuminate/Pipeline/Pipeline.php(180): Illuminate\\Http\\Middleware\\HandleCors->handle()
#41 /var/www/api2-panel/vendor/laravel/framework/src/Illuminate/Http/Middleware/TrustProxies.php(39): Illuminate\\Pipeline\\Pipeline->Illuminate\\Pipeline\\{closure}()
#42 /var/www/api2-panel/vendor/laravel/framework/src/Illuminate/Pipeline/Pipeline.php(180): Illuminate\\Http\\Middleware\\TrustProxies->handle()
#43 /var/www/api2-panel/vendor/sentry/sentry-laravel/src/Sentry/Laravel/Tracing/Middleware.php(77): Illuminate\\Pipeline\\Pipeline->Illuminate\\Pipeline\\{closure}()
#44 /var/www/api2-panel/vendor/laravel/framework/src/Illuminate/Pipeline/Pipeline.php(180): Sentry\\Laravel\\Tracing\\Middleware->handle()
#45 /var/www/api2-panel/vendor/laravel/framework/src/Illuminate/Pipeline/Pipeline.php(116): Illuminate\\Pipeline\\Pipeline->Illuminate\\Pipeline\\{closure}()
#46 /var/www/api2-panel/vendor/laravel/framework/src/Illuminate/Foundation/Http/Kernel.php(165): Illuminate\\Pipeline\\Pipeline->then()
#47 /var/www/api2-panel/vendor/laravel/framework/src/Illuminate/Foundation/Http/Kernel.php(134): Illuminate\\Foundation\\Http\\Kernel->sendRequestThroughRouter()
#48 /var/www/api2-panel/public/index.php(52): Illuminate\\Foundation\\Http\\Kernel->handle()
#49 {main}
"} 
[2026-01-02 12:41:07] production.INFO: array (
  'getUserPanels username' => NULL,
  'getUserPanels lang' => 'En',
)  
[2026-01-02 12:41:07] production.ERROR: Attempt to read property "id" on null {"exception":"[object] (ErrorException(code: 0): Attempt to read property \"id\" on null at /var/www/api2-panel/Modules/Bot/Http/Services/TelegramHandler.php:416)
[stacktrace]
#0 /var/www/api2-panel/vendor/laravel/framework/src/Illuminate/Foundation/Bootstrap/HandleExceptions.php(270): Illuminate\\Foundation\\Bootstrap\\HandleExceptions->handleError()
#1 /var/www/api2-panel/Modules/Bot/Http/Services/TelegramHandler.php(416): Illuminate\\Foundation\\Bootstrap\\HandleExceptions->Illuminate\\Foundation\\Bootstrap\\{closure}()
#2 /var/www/api2-panel/vendor/laravel/framework/src/Illuminate/Database/Eloquent/Builder.php(1312): Modules\\Bot\\Http\\Services\\TelegramHandler->Modules\\Bot\\Http\\Services\\{closure}()
#3 /var/www/api2-panel/vendor/laravel/framework/src/Illuminate/Database/Eloquent/Concerns/QueriesRelationships.php(61): Illuminate\\Database\\Eloquent\\Builder->callScope()
#4 /var/www/api2-panel/vendor/laravel/framework/src/Illuminate/Database/Eloquent/Concerns/QueriesRelationships.php(152): Illuminate\\Database\\Eloquent\\Builder->has()
#5 /var/www/api2-panel/Modules/Bot/Http/Services/TelegramHandler.php(417): Illuminate\\Database\\Eloquent\\Builder->whereHas()
#6 /var/www/api2-panel/Modules/Bot/Http/Services/TelegramHandler.php(190): Modules\\Bot\\Http\\Services\\TelegramHandler->getUserPanels()
#7 /var/www/api2-panel/vendor/defstudio/telegraph/src/Handlers/WebhookHandler.php(128): Modules\\Bot\\Http\\Services\\TelegramHandler->handleChatMessage()
#8 /var/www/api2-panel/vendor/defstudio/telegraph/src/Handlers/WebhookHandler.php(228): DefStudio\\Telegraph\\Handlers\\WebhookHandler->handleMessage()
#9 /var/www/api2-panel/vendor/defstudio/telegraph/src/Controllers/WebhookController.php(28): DefStudio\\Telegraph\\Handlers\\WebhookHandler->handle()
#10 /var/www/api2-panel/vendor/laravel/framework/src/Illuminate/Routing/ControllerDispatcher.php(46): DefStudio\\Telegraph\\Controllers\\WebhookController->handle()
#11 /var/www/api2-panel/vendor/sentry/sentry-laravel/src/Sentry/Laravel/Tracing/Routing/TracingControllerDispatcherTracing.php(21): Illuminate\\Routing\\ControllerDispatcher->dispatch()
#12 /var/www/api2-panel/vendor/sentry/sentry-laravel/src/Sentry/Laravel/Tracing/Routing/TracingRoutingDispatcher.php(31): Sentry\\Laravel\\Tracing\\Routing\\TracingControllerDispatcherTracing->Sentry\\Laravel\\Tracing\\Routing\\{closure}()
#13 /var/www/api2-panel/vendor/sentry/sentry-laravel/src/Sentry/Laravel/Tracing/Routing/TracingControllerDispatcherTracing.php(20): Sentry\\Laravel\\Tracing\\Routing\\TracingRoutingDispatcher->wrapRouteDispatch()
#14 /var/www/api2-panel/vendor/laravel/framework/src/Illuminate/Routing/Route.php(260): Sentry\\Laravel\\Tracing\\Routing\\TracingControllerDispatcherTracing->dispatch()
#15 /var/www/api2-panel/vendor/laravel/framework/src/Illuminate/Routing/Route.php(205): Illuminate\\Routing\\Route->runController()
#16 /var/www/api2-panel/vendor/laravel/framework/src/Illuminate/Routing/Router.php(798): Illuminate\\Routing\\Route->run()
#17 /var/www/api2-panel/vendor/laravel/framework/src/Illuminate/Pipeline/Pipeline.php(141): Illuminate\\Routing\\Router->Illuminate\\Routing\\{closure}()
#18 /var/www/api2-panel/vendor/laravel/framework/src/Illuminate/Pipeline/Pipeline.php(116): Illuminate\\Pipeline\\Pipeline->Illuminate\\Pipeline\\{closure}()
#19 /var/www/api2-panel/vendor/laravel/framework/src/Illuminate/Routing/Router.php(799): Illuminate\\Pipeline\\Pipeline->then()
#20 /var/www/api2-panel/vendor/laravel/framework/src/Illuminate/Routing/Router.php(776): Illuminate\\Routing\\Router->runRouteWithinStack()
#21 /var/www/api2-panel/vendor/laravel/framework/src/Illuminate/Routing/Router.php(740): Illuminate\\Routing\\Router->runRoute()
#22 /var/www/api2-panel/vendor/laravel/framework/src/Illuminate/Routing/Router.php(729): Illuminate\\Routing\\Router->dispatchToRoute()
#23 /var/www/api2-panel/vendor/laravel/framework/src/Illuminate/Foundation/Http/Kernel.php(190): Illuminate\\Routing\\Router->dispatch()
#24 /var/www/api2-panel/vendor/laravel/framework/src/Illuminate/Pipeline/Pipeline.php(141): Illuminate\\Foundation\\Http\\Kernel->Illuminate\\Foundation\\Http\\{closure}()
#25 /var/www/api2-panel/vendor/sentry/sentry-laravel/src/Sentry/Laravel/Http/SetRequestIpMiddleware.php(45): Illuminate\\Pipeline\\Pipeline->Illuminate\\Pipeline\\{closure}()
#26 /var/www/api2-panel/vendor/laravel/framework/src/Illuminate/Pipeline/Pipeline.php(180): Sentry\\Laravel\\Http\\SetRequestIpMiddleware->handle()
#27 /var/www/api2-panel/vendor/sentry/sentry-laravel/src/Sentry/Laravel/Http/SetRequestMiddleware.php(30): Illuminate\\Pipeline\\Pipeline->Illuminate\\Pipeline\\{closure}()
#28 /var/www/api2-panel/vendor/laravel/framework/src/Illuminate/Pipeline/Pipeline.php(180): Sentry\\Laravel\\Http\\SetRequestMiddleware->handle()
#29 /var/www/api2-panel/vendor/laravel/framework/src/Illuminate/Foundation/Http/Middleware/TransformsRequest.php(21): Illuminate\\Pipeline\\Pipeline->Illuminate\\Pipeline\\{closure}()
#30 /var/www/api2-panel/vendor/laravel/framework/src/Illuminate/Foundation/Http/Middleware/ConvertEmptyStringsToNull.php(31): Illuminate\\Foundation\\Http\\Middleware\\TransformsRequest->handle()
#31 /var/www/api2-panel/vendor/laravel/framework/src/Illuminate/Pipeline/Pipeline.php(180): Illuminate\\Foundation\\Http\\Middleware\\ConvertEmptyStringsToNull->handle()
#32 /var/www/api2-panel/vendor/laravel/framework/src/Illuminate/Foundation/Http/Middleware/TransformsRequest.php(21): Illuminate\\Pipeline\\Pipeline->Illuminate\\Pipeline\\{closure}()
#33 /var/www/api2-panel/vendor/laravel/framework/src/Illuminate/Foundation/Http/Middleware/TrimStrings.php(40): Illuminate\\Foundation\\Http\\Middleware\\TransformsRequest->handle()
#34 /var/www/api2-panel/vendor/laravel/framework/src/Illuminate/Pipeline/Pipeline.php(180): Illuminate\\Foundation\\Http\\Middleware\\TrimStrings->handle()
#35 /var/www/api2-panel/vendor/laravel/framework/src/Illuminate/Foundation/Http/Middleware/ValidatePostSize.php(27): Illuminate\\Pipeline\\Pipeline->Illuminate\\Pipeline\\{closure}()
#36 /var/www/api2-panel/vendor/laravel/framework/src/Illuminate/Pipeline/Pipeline.php(180): Illuminate\\Foundation\\Http\\Middleware\\ValidatePostSize->handle()
#37 /var/www/api2-panel/vendor/laravel/framework/src/Illuminate/Foundation/Http/Middleware/PreventRequestsDuringMaintenance.php(86): Illuminate\\Pipeline\\Pipeline->Illuminate\\Pipeline\\{closure}()
#38 /var/www/api2-panel/vendor/laravel/framework/src/Illuminate/Pipeline/Pipeline.php(180): Illuminate\\Foundation\\Http\\Middleware\\PreventRequestsDuringMaintenance->handle()
#39 /var/www/api2-panel/vendor/laravel/framework/src/Illuminate/Http/Middleware/HandleCors.php(49): Illuminate\\Pipeline\\Pipeline->Illuminate\\Pipeline\\{closure}()
#40 /var/www/api2-panel/vendor/laravel/framework/src/Illuminate/Pipeline/Pipeline.php(180): Illuminate\\Http\\Middleware\\HandleCors->handle()
#41 /var/www/api2-panel/vendor/laravel/framework/src/Illuminate/Http/Middleware/TrustProxies.php(39): Illuminate\\Pipeline\\Pipeline->Illuminate\\Pipeline\\{closure}()
#42 /var/www/api2-panel/vendor/laravel/framework/src/Illuminate/Pipeline/Pipeline.php(180): Illuminate\\Http\\Middleware\\TrustProxies->handle()
#43 /var/www/api2-panel/vendor/sentry/sentry-laravel/src/Sentry/Laravel/Tracing/Middleware.php(77): Illuminate\\Pipeline\\Pipeline->Illuminate\\Pipeline\\{closure}()
#44 /var/www/api2-panel/vendor/laravel/framework/src/Illuminate/Pipeline/Pipeline.php(180): Sentry\\Laravel\\Tracing\\Middleware->handle()
#45 /var/www/api2-panel/vendor/laravel/framework/src/Illuminate/Pipeline/Pipeline.php(116): Illuminate\\Pipeline\\Pipeline->Illuminate\\Pipeline\\{closure}()
#46 /var/www/api2-panel/vendor/laravel/framework/src/Illuminate/Foundation/Http/Kernel.php(165): Illuminate\\Pipeline\\Pipeline->then()
#47 /var/www/api2-panel/vendor/laravel/framework/src/Illuminate/Foundation/Http/Kernel.php(134): Illuminate\\Foundation\\Http\\Kernel->sendRequestThroughRouter()
#48 /var/www/api2-panel/public/index.php(52): Illuminate\\Foundation\\Http\\Kernel->handle()
#49 {main}
"} 
[2026-01-02 12:42:37] production.INFO: array (
  'getUserPanels username' => NULL,
  'getUserPanels lang' => 'En',
)  
[2026-01-02 12:42:37] production.ERROR: Attempt to read property "id" on null {"exception":"[object] (ErrorException(code: 0): Attempt to read property \"id\" on null at /var/www/api2-panel/Modules/Bot/Http/Services/TelegramHandler.php:416)
[stacktrace]
#0 /var/www/api2-panel/vendor/laravel/framework/src/Illuminate/Foundation/Bootstrap/HandleExceptions.php(270): Illuminate\\Foundation\\Bootstrap\\HandleExceptions->handleError()
#1 /var/www/api2-panel/Modules/Bot/Http/Services/TelegramHandler.php(416): Illuminate\\Foundation\\Bootstrap\\HandleExceptions->Illuminate\\Foundation\\Bootstrap\\{closure}()
#2 /var/www/api2-panel/vendor/laravel/framework/src/Illuminate/Database/Eloquent/Builder.php(1312): Modules\\Bot\\Http\\Services\\TelegramHandler->Modules\\Bot\\Http\\Services\\{closure}()
#3 /var/www/api2-panel/vendor/laravel/framework/src/Illuminate/Database/Eloquent/Concerns/QueriesRelationships.php(61): Illuminate\\Database\\Eloquent\\Builder->callScope()
#4 /var/www/api2-panel/vendor/laravel/framework/src/Illuminate/Database/Eloquent/Concerns/QueriesRelationships.php(152): Illuminate\\Database\\Eloquent\\Builder->has()
#5 /var/www/api2-panel/Modules/Bot/Http/Services/TelegramHandler.php(417): Illuminate\\Database\\Eloquent\\Builder->whereHas()
#6 /var/www/api2-panel/Modules/Bot/Http/Services/TelegramHandler.php(190): Modules\\Bot\\Http\\Services\\TelegramHandler->getUserPanels()
#7 /var/www/api2-panel/vendor/defstudio/telegraph/src/Handlers/WebhookHandler.php(128): Modules\\Bot\\Http\\Services\\TelegramHandler->handleChatMessage()
#8 /var/www/api2-panel/vendor/defstudio/telegraph/src/Handlers/WebhookHandler.php(228): DefStudio\\Telegraph\\Handlers\\WebhookHandler->handleMessage()
#9 /var/www/api2-panel/vendor/defstudio/telegraph/src/Controllers/WebhookController.php(28): DefStudio\\Telegraph\\Handlers\\WebhookHandler->handle()
#10 /var/www/api2-panel/vendor/laravel/framework/src/Illuminate/Routing/ControllerDispatcher.php(46): DefStudio\\Telegraph\\Controllers\\WebhookController->handle()
#11 /var/www/api2-panel/vendor/sentry/sentry-laravel/src/Sentry/Laravel/Tracing/Routing/TracingControllerDispatcherTracing.php(21): Illuminate\\Routing\\ControllerDispatcher->dispatch()
#12 /var/www/api2-panel/vendor/sentry/sentry-laravel/src/Sentry/Laravel/Tracing/Routing/TracingRoutingDispatcher.php(31): Sentry\\Laravel\\Tracing\\Routing\\TracingControllerDispatcherTracing->Sentry\\Laravel\\Tracing\\Routing\\{closure}()
#13 /var/www/api2-panel/vendor/sentry/sentry-laravel/src/Sentry/Laravel/Tracing/Routing/TracingControllerDispatcherTracing.php(20): Sentry\\Laravel\\Tracing\\Routing\\TracingRoutingDispatcher->wrapRouteDispatch()
#14 /var/www/api2-panel/vendor/laravel/framework/src/Illuminate/Routing/Route.php(260): Sentry\\Laravel\\Tracing\\Routing\\TracingControllerDispatcherTracing->dispatch()
#15 /var/www/api2-panel/vendor/laravel/framework/src/Illuminate/Routing/Route.php(205): Illuminate\\Routing\\Route->runController()
#16 /var/www/api2-panel/vendor/laravel/framework/src/Illuminate/Routing/Router.php(798): Illuminate\\Routing\\Route->run()
#17 /var/www/api2-panel/vendor/laravel/framework/src/Illuminate/Pipeline/Pipeline.php(141): Illuminate\\Routing\\Router->Illuminate\\Routing\\{closure}()
#18 /var/www/api2-panel/vendor/laravel/framework/src/Illuminate/Pipeline/Pipeline.php(116): Illuminate\\Pipeline\\Pipeline->Illuminate\\Pipeline\\{closure}()
#19 /var/www/api2-panel/vendor/laravel/framework/src/Illuminate/Routing/Router.php(799): Illuminate\\Pipeline\\Pipeline->then()
#20 /var/www/api2-panel/vendor/laravel/framework/src/Illuminate/Routing/Router.php(776): Illuminate\\Routing\\Router->runRouteWithinStack()
#21 /var/www/api2-panel/vendor/laravel/framework/src/Illuminate/Routing/Router.php(740): Illuminate\\Routing\\Router->runRoute()
#22 /var/www/api2-panel/vendor/laravel/framework/src/Illuminate/Routing/Router.php(729): Illuminate\\Routing\\Router->dispatchToRoute()
#23 /var/www/api2-panel/vendor/laravel/framework/src/Illuminate/Foundation/Http/Kernel.php(190): Illuminate\\Routing\\Router->dispatch()
#24 /var/www/api2-panel/vendor/laravel/framework/src/Illuminate/Pipeline/Pipeline.php(141): Illuminate\\Foundation\\Http\\Kernel->Illuminate\\Foundation\\Http\\{closure}()
#25 /var/www/api2-panel/vendor/sentry/sentry-laravel/src/Sentry/Laravel/Http/SetRequestIpMiddleware.php(45): Illuminate\\Pipeline\\Pipeline->Illuminate\\Pipeline\\{closure}()
#26 /var/www/api2-panel/vendor/laravel/framework/src/Illuminate/Pipeline/Pipeline.php(180): Sentry\\Laravel\\Http\\SetRequestIpMiddleware->handle()
#27 /var/www/api2-panel/vendor/sentry/sentry-laravel/src/Sentry/Laravel/Http/SetRequestMiddleware.php(30): Illuminate\\Pipeline\\Pipeline->Illuminate\\Pipeline\\{closure}()
#28 /var/www/api2-panel/vendor/laravel/framework/src/Illuminate/Pipeline/Pipeline.php(180): Sentry\\Laravel\\Http\\SetRequestMiddleware->handle()
#29 /var/www/api2-panel/vendor/laravel/framework/src/Illuminate/Foundation/Http/Middleware/TransformsRequest.php(21): Illuminate\\Pipeline\\Pipeline->Illuminate\\Pipeline\\{closure}()
#30 /var/www/api2-panel/vendor/laravel/framework/src/Illuminate/Foundation/Http/Middleware/ConvertEmptyStringsToNull.php(31): Illuminate\\Foundation\\Http\\Middleware\\TransformsRequest->handle()
#31 /var/www/api2-panel/vendor/laravel/framework/src/Illuminate/Pipeline/Pipeline.php(180): Illuminate\\Foundation\\Http\\Middleware\\ConvertEmptyStringsToNull->handle()
#32 /var/www/api2-panel/vendor/laravel/framework/src/Illuminate/Foundation/Http/Middleware/TransformsRequest.php(21): Illuminate\\Pipeline\\Pipeline->Illuminate\\Pipeline\\{closure}()
#33 /var/www/api2-panel/vendor/laravel/framework/src/Illuminate/Foundation/Http/Middleware/TrimStrings.php(40): Illuminate\\Foundation\\Http\\Middleware\\TransformsRequest->handle()
#34 /var/www/api2-panel/vendor/laravel/framework/src/Illuminate/Pipeline/Pipeline.php(180): Illuminate\\Foundation\\Http\\Middleware\\TrimStrings->handle()
#35 /var/www/api2-panel/vendor/laravel/framework/src/Illuminate/Foundation/Http/Middleware/ValidatePostSize.php(27): Illuminate\\Pipeline\\Pipeline->Illuminate\\Pipeline\\{closure}()
#36 /var/www/api2-panel/vendor/laravel/framework/src/Illuminate/Pipeline/Pipeline.php(180): Illuminate\\Foundation\\Http\\Middleware\\ValidatePostSize->handle()
#37 /var/www/api2-panel/vendor/laravel/framework/src/Illuminate/Foundation/Http/Middleware/PreventRequestsDuringMaintenance.php(86): Illuminate\\Pipeline\\Pipeline->Illuminate\\Pipeline\\{closure}()
#38 /var/www/api2-panel/vendor/laravel/framework/src/Illuminate/Pipeline/Pipeline.php(180): Illuminate\\Foundation\\Http\\Middleware\\PreventRequestsDuringMaintenance->handle()
#39 /var/www/api2-panel/vendor/laravel/framework/src/Illuminate/Http/Middleware/HandleCors.php(49): Illuminate\\Pipeline\\Pipeline->Illuminate\\Pipeline\\{closure}()
#40 /var/www/api2-panel/vendor/laravel/framework/src/Illuminate/Pipeline/Pipeline.php(180): Illuminate\\Http\\Middleware\\HandleCors->handle()
#41 /var/www/api2-panel/vendor/laravel/framework/src/Illuminate/Http/Middleware/TrustProxies.php(39): Illuminate\\Pipeline\\Pipeline->Illuminate\\Pipeline\\{closure}()
#42 /var/www/api2-panel/vendor/laravel/framework/src/Illuminate/Pipeline/Pipeline.php(180): Illuminate\\Http\\Middleware\\TrustProxies->handle()
#43 /var/www/api2-panel/vendor/sentry/sentry-laravel/src/Sentry/Laravel/Tracing/Middleware.php(77): Illuminate\\Pipeline\\Pipeline->Illuminate\\Pipeline\\{closure}()
#44 /var/www/api2-panel/vendor/laravel/framework/src/Illuminate/Pipeline/Pipeline.php(180): Sentry\\Laravel\\Tracing\\Middleware->handle()
#45 /var/www/api2-panel/vendor/laravel/framework/src/Illuminate/Pipeline/Pipeline.php(116): Illuminate\\Pipeline\\Pipeline->Illuminate\\Pipeline\\{closure}()
#46 /var/www/api2-panel/vendor/laravel/framework/src/Illuminate/Foundation/Http/Kernel.php(165): Illuminate\\Pipeline\\Pipeline->then()
#47 /var/www/api2-panel/vendor/laravel/framework/src/Illuminate/Foundation/Http/Kernel.php(134): Illuminate\\Foundation\\Http\\Kernel->sendRequestThroughRouter()
#48 /var/www/api2-panel/public/index.php(52): Illuminate\\Foundation\\Http\\Kernel->handle()
#49 {main}
"} 
[2026-01-02 12:44:30] production.INFO: array (
  'getUserPanels username' => NULL,
  'getUserPanels lang' => 'En',
)  
[2026-01-02 12:44:30] production.ERROR: Attempt to read property "id" on null {"exception":"[object] (ErrorException(code: 0): Attempt to read property \"id\" on null at /var/www/api2-panel/Modules/Bot/Http/Services/TelegramHandler.php:416)
[stacktrace]
#0 /var/www/api2-panel/vendor/laravel/framework/src/Illuminate/Foundation/Bootstrap/HandleExceptions.php(270): Illuminate\\Foundation\\Bootstrap\\HandleExceptions->handleError()
#1 /var/www/api2-panel/Modules/Bot/Http/Services/TelegramHandler.php(416): Illuminate\\Foundation\\Bootstrap\\HandleExceptions->Illuminate\\Foundation\\Bootstrap\\{closure}()
#2 /var/www/api2-panel/vendor/laravel/framework/src/Illuminate/Database/Eloquent/Builder.php(1312): Modules\\Bot\\Http\\Services\\TelegramHandler->Modules\\Bot\\Http\\Services\\{closure}()
#3 /var/www/api2-panel/vendor/laravel/framework/src/Illuminate/Database/Eloquent/Concerns/QueriesRelationships.php(61): Illuminate\\Database\\Eloquent\\Builder->callScope()
#4 /var/www/api2-panel/vendor/laravel/framework/src/Illuminate/Database/Eloquent/Concerns/QueriesRelationships.php(152): Illuminate\\Database\\Eloquent\\Builder->has()
#5 /var/www/api2-panel/Modules/Bot/Http/Services/TelegramHandler.php(417): Illuminate\\Database\\Eloquent\\Builder->whereHas()
#6 /var/www/api2-panel/Modules/Bot/Http/Services/TelegramHandler.php(190): Modules\\Bot\\Http\\Services\\TelegramHandler->getUserPanels()
#7 /var/www/api2-panel/vendor/defstudio/telegraph/src/Handlers/WebhookHandler.php(128): Modules\\Bot\\Http\\Services\\TelegramHandler->handleChatMessage()
#8 /var/www/api2-panel/vendor/defstudio/telegraph/src/Handlers/WebhookHandler.php(228): DefStudio\\Telegraph\\Handlers\\WebhookHandler->handleMessage()
#9 /var/www/api2-panel/vendor/defstudio/telegraph/src/Controllers/WebhookController.php(28): DefStudio\\Telegraph\\Handlers\\WebhookHandler->handle()
#10 /var/www/api2-panel/vendor/laravel/framework/src/Illuminate/Routing/ControllerDispatcher.php(46): DefStudio\\Telegraph\\Controllers\\WebhookController->handle()
#11 /var/www/api2-panel/vendor/sentry/sentry-laravel/src/Sentry/Laravel/Tracing/Routing/TracingControllerDispatcherTracing.php(21): Illuminate\\Routing\\ControllerDispatcher->dispatch()
#12 /var/www/api2-panel/vendor/sentry/sentry-laravel/src/Sentry/Laravel/Tracing/Routing/TracingRoutingDispatcher.php(31): Sentry\\Laravel\\Tracing\\Routing\\TracingControllerDispatcherTracing->Sentry\\Laravel\\Tracing\\Routing\\{closure}()
#13 /var/www/api2-panel/vendor/sentry/sentry-laravel/src/Sentry/Laravel/Tracing/Routing/TracingControllerDispatcherTracing.php(20): Sentry\\Laravel\\Tracing\\Routing\\TracingRoutingDispatcher->wrapRouteDispatch()
#14 /var/www/api2-panel/vendor/laravel/framework/src/Illuminate/Routing/Route.php(260): Sentry\\Laravel\\Tracing\\Routing\\TracingControllerDispatcherTracing->dispatch()
#15 /var/www/api2-panel/vendor/laravel/framework/src/Illuminate/Routing/Route.php(205): Illuminate\\Routing\\Route->runController()
#16 /var/www/api2-panel/vendor/laravel/framework/src/Illuminate/Routing/Router.php(798): Illuminate\\Routing\\Route->run()
#17 /var/www/api2-panel/vendor/laravel/framework/src/Illuminate/Pipeline/Pipeline.php(141): Illuminate\\Routing\\Router->Illuminate\\Routing\\{closure}()
#18 /var/www/api2-panel/vendor/laravel/framework/src/Illuminate/Pipeline/Pipeline.php(116): Illuminate\\Pipeline\\Pipeline->Illuminate\\Pipeline\\{closure}()
#19 /var/www/api2-panel/vendor/laravel/framework/src/Illuminate/Routing/Router.php(799): Illuminate\\Pipeline\\Pipeline->then()
#20 /var/www/api2-panel/vendor/laravel/framework/src/Illuminate/Routing/Router.php(776): Illuminate\\Routing\\Router->runRouteWithinStack()
#21 /var/www/api2-panel/vendor/laravel/framework/src/Illuminate/Routing/Router.php(740): Illuminate\\Routing\\Router->runRoute()
#22 /var/www/api2-panel/vendor/laravel/framework/src/Illuminate/Routing/Router.php(729): Illuminate\\Routing\\Router->dispatchToRoute()
#23 /var/www/api2-panel/vendor/laravel/framework/src/Illuminate/Foundation/Http/Kernel.php(190): Illuminate\\Routing\\Router->dispatch()
#24 /var/www/api2-panel/vendor/laravel/framework/src/Illuminate/Pipeline/Pipeline.php(141): Illuminate\\Foundation\\Http\\Kernel->Illuminate\\Foundation\\Http\\{closure}()
#25 /var/www/api2-panel/vendor/sentry/sentry-laravel/src/Sentry/Laravel/Http/SetRequestIpMiddleware.php(45): Illuminate\\Pipeline\\Pipeline->Illuminate\\Pipeline\\{closure}()
#26 /var/www/api2-panel/vendor/laravel/framework/src/Illuminate/Pipeline/Pipeline.php(180): Sentry\\Laravel\\Http\\SetRequestIpMiddleware->handle()
#27 /var/www/api2-panel/vendor/sentry/sentry-laravel/src/Sentry/Laravel/Http/SetRequestMiddleware.php(30): Illuminate\\Pipeline\\Pipeline->Illuminate\\Pipeline\\{closure}()
#28 /var/www/api2-panel/vendor/laravel/framework/src/Illuminate/Pipeline/Pipeline.php(180): Sentry\\Laravel\\Http\\SetRequestMiddleware->handle()
#29 /var/www/api2-panel/vendor/laravel/framework/src/Illuminate/Foundation/Http/Middleware/TransformsRequest.php(21): Illuminate\\Pipeline\\Pipeline->Illuminate\\Pipeline\\{closure}()
#30 /var/www/api2-panel/vendor/laravel/framework/src/Illuminate/Foundation/Http/Middleware/ConvertEmptyStringsToNull.php(31): Illuminate\\Foundation\\Http\\Middleware\\TransformsRequest->handle()
#31 /var/www/api2-panel/vendor/laravel/framework/src/Illuminate/Pipeline/Pipeline.php(180): Illuminate\\Foundation\\Http\\Middleware\\ConvertEmptyStringsToNull->handle()
#32 /var/www/api2-panel/vendor/laravel/framework/src/Illuminate/Foundation/Http/Middleware/TransformsRequest.php(21): Illuminate\\Pipeline\\Pipeline->Illuminate\\Pipeline\\{closure}()
#33 /var/www/api2-panel/vendor/laravel/framework/src/Illuminate/Foundation/Http/Middleware/TrimStrings.php(40): Illuminate\\Foundation\\Http\\Middleware\\TransformsRequest->handle()
#34 /var/www/api2-panel/vendor/laravel/framework/src/Illuminate/Pipeline/Pipeline.php(180): Illuminate\\Foundation\\Http\\Middleware\\TrimStrings->handle()
#35 /var/www/api2-panel/vendor/laravel/framework/src/Illuminate/Foundation/Http/Middleware/ValidatePostSize.php(27): Illuminate\\Pipeline\\Pipeline->Illuminate\\Pipeline\\{closure}()
#36 /var/www/api2-panel/vendor/laravel/framework/src/Illuminate/Pipeline/Pipeline.php(180): Illuminate\\Foundation\\Http\\Middleware\\ValidatePostSize->handle()
#37 /var/www/api2-panel/vendor/laravel/framework/src/Illuminate/Foundation/Http/Middleware/PreventRequestsDuringMaintenance.php(86): Illuminate\\Pipeline\\Pipeline->Illuminate\\Pipeline\\{closure}()
#38 /var/www/api2-panel/vendor/laravel/framework/src/Illuminate/Pipeline/Pipeline.php(180): Illuminate\\Foundation\\Http\\Middleware\\PreventRequestsDuringMaintenance->handle()
#39 /var/www/api2-panel/vendor/laravel/framework/src/Illuminate/Http/Middleware/HandleCors.php(49): Illuminate\\Pipeline\\Pipeline->Illuminate\\Pipeline\\{closure}()
#40 /var/www/api2-panel/vendor/laravel/framework/src/Illuminate/Pipeline/Pipeline.php(180): Illuminate\\Http\\Middleware\\HandleCors->handle()
#41 /var/www/api2-panel/vendor/laravel/framework/src/Illuminate/Http/Middleware/TrustProxies.php(39): Illuminate\\Pipeline\\Pipeline->Illuminate\\Pipeline\\{closure}()
#42 /var/www/api2-panel/vendor/laravel/framework/src/Illuminate/Pipeline/Pipeline.php(180): Illuminate\\Http\\Middleware\\TrustProxies->handle()
#43 /var/www/api2-panel/vendor/sentry/sentry-laravel/src/Sentry/Laravel/Tracing/Middleware.php(77): Illuminate\\Pipeline\\Pipeline->Illuminate\\Pipeline\\{closure}()
#44 /var/www/api2-panel/vendor/laravel/framework/src/Illuminate/Pipeline/Pipeline.php(180): Sentry\\Laravel\\Tracing\\Middleware->handle()
#45 /var/www/api2-panel/vendor/laravel/framework/src/Illuminate/Pipeline/Pipeline.php(116): Illuminate\\Pipeline\\Pipeline->Illuminate\\Pipeline\\{closure}()
#46 /var/www/api2-panel/vendor/laravel/framework/src/Illuminate/Foundation/Http/Kernel.php(165): Illuminate\\Pipeline\\Pipeline->then()
#47 /var/www/api2-panel/vendor/laravel/framework/src/Illuminate/Foundation/Http/Kernel.php(134): Illuminate\\Foundation\\Http\\Kernel->sendRequestThroughRouter()
#48 /var/www/api2-panel/public/index.php(52): Illuminate\\Foundation\\Http\\Kernel->handle()
#49 {main}
"} 
[2026-01-02 12:45:55] production.INFO: array (
  'getUserPanels username' => NULL,
  'getUserPanels lang' => 'En',
)  
[2026-01-02 12:45:55] production.ERROR: Attempt to read property "id" on null {"exception":"[object] (ErrorException(code: 0): Attempt to read property \"id\" on null at /var/www/api2-panel/Modules/Bot/Http/Services/TelegramHandler.php:416)
[stacktrace]
#0 /var/www/api2-panel/vendor/laravel/framework/src/Illuminate/Foundation/Bootstrap/HandleExceptions.php(270): Illuminate\\Foundation\\Bootstrap\\HandleExceptions->handleError()
#1 /var/www/api2-panel/Modules/Bot/Http/Services/TelegramHandler.php(416): Illuminate\\Foundation\\Bootstrap\\HandleExceptions->Illuminate\\Foundation\\Bootstrap\\{closure}()
#2 /var/www/api2-panel/vendor/laravel/framework/src/Illuminate/Database/Eloquent/Builder.php(1312): Modules\\Bot\\Http\\Services\\TelegramHandler->Modules\\Bot\\Http\\Services\\{closure}()
#3 /var/www/api2-panel/vendor/laravel/framework/src/Illuminate/Database/Eloquent/Concerns/QueriesRelationships.php(61): Illuminate\\Database\\Eloquent\\Builder->callScope()
#4 /var/www/api2-panel/vendor/laravel/framework/src/Illuminate/Database/Eloquent/Concerns/QueriesRelationships.php(152): Illuminate\\Database\\Eloquent\\Builder->has()
#5 /var/www/api2-panel/Modules/Bot/Http/Services/TelegramHandler.php(417): Illuminate\\Database\\Eloquent\\Builder->whereHas()
#6 /var/www/api2-panel/Modules/Bot/Http/Services/TelegramHandler.php(190): Modules\\Bot\\Http\\Services\\TelegramHandler->getUserPanels()
#7 /var/www/api2-panel/vendor/defstudio/telegraph/src/Handlers/WebhookHandler.php(128): Modules\\Bot\\Http\\Services\\TelegramHandler->handleChatMessage()
#8 /var/www/api2-panel/vendor/defstudio/telegraph/src/Handlers/WebhookHandler.php(228): DefStudio\\Telegraph\\Handlers\\WebhookHandler->handleMessage()
#9 /var/www/api2-panel/vendor/defstudio/telegraph/src/Controllers/WebhookController.php(28): DefStudio\\Telegraph\\Handlers\\WebhookHandler->handle()
#10 /var/www/api2-panel/vendor/laravel/framework/src/Illuminate/Routing/ControllerDispatcher.php(46): DefStudio\\Telegraph\\Controllers\\WebhookController->handle()
#11 /var/www/api2-panel/vendor/sentry/sentry-laravel/src/Sentry/Laravel/Tracing/Routing/TracingControllerDispatcherTracing.php(21): Illuminate\\Routing\\ControllerDispatcher->dispatch()
#12 /var/www/api2-panel/vendor/sentry/sentry-laravel/src/Sentry/Laravel/Tracing/Routing/TracingRoutingDispatcher.php(31): Sentry\\Laravel\\Tracing\\Routing\\TracingControllerDispatcherTracing->Sentry\\Laravel\\Tracing\\Routing\\{closure}()
#13 /var/www/api2-panel/vendor/sentry/sentry-laravel/src/Sentry/Laravel/Tracing/Routing/TracingControllerDispatcherTracing.php(20): Sentry\\Laravel\\Tracing\\Routing\\TracingRoutingDispatcher->wrapRouteDispatch()
#14 /var/www/api2-panel/vendor/laravel/framework/src/Illuminate/Routing/Route.php(260): Sentry\\Laravel\\Tracing\\Routing\\TracingControllerDispatcherTracing->dispatch()
#15 /var/www/api2-panel/vendor/laravel/framework/src/Illuminate/Routing/Route.php(205): Illuminate\\Routing\\Route->runController()
#16 /var/www/api2-panel/vendor/laravel/framework/src/Illuminate/Routing/Router.php(798): Illuminate\\Routing\\Route->run()
#17 /var/www/api2-panel/vendor/laravel/framework/src/Illuminate/Pipeline/Pipeline.php(141): Illuminate\\Routing\\Router->Illuminate\\Routing\\{closure}()
#18 /var/www/api2-panel/vendor/laravel/framework/src/Illuminate/Pipeline/Pipeline.php(116): Illuminate\\Pipeline\\Pipeline->Illuminate\\Pipeline\\{closure}()
#19 /var/www/api2-panel/vendor/laravel/framework/src/Illuminate/Routing/Router.php(799): Illuminate\\Pipeline\\Pipeline->then()
#20 /var/www/api2-panel/vendor/laravel/framework/src/Illuminate/Routing/Router.php(776): Illuminate\\Routing\\Router->runRouteWithinStack()
#21 /var/www/api2-panel/vendor/laravel/framework/src/Illuminate/Routing/Router.php(740): Illuminate\\Routing\\Router->runRoute()
#22 /var/www/api2-panel/vendor/laravel/framework/src/Illuminate/Routing/Router.php(729): Illuminate\\Routing\\Router->dispatchToRoute()
#23 /var/www/api2-panel/vendor/laravel/framework/src/Illuminate/Foundation/Http/Kernel.php(190): Illuminate\\Routing\\Router->dispatch()
#24 /var/www/api2-panel/vendor/laravel/framework/src/Illuminate/Pipeline/Pipeline.php(141): Illuminate\\Foundation\\Http\\Kernel->Illuminate\\Foundation\\Http\\{closure}()
#25 /var/www/api2-panel/vendor/sentry/sentry-laravel/src/Sentry/Laravel/Http/SetRequestIpMiddleware.php(45): Illuminate\\Pipeline\\Pipeline->Illuminate\\Pipeline\\{closure}()
#26 /var/www/api2-panel/vendor/laravel/framework/src/Illuminate/Pipeline/Pipeline.php(180): Sentry\\Laravel\\Http\\SetRequestIpMiddleware->handle()
#27 /var/www/api2-panel/vendor/sentry/sentry-laravel/src/Sentry/Laravel/Http/SetRequestMiddleware.php(30): Illuminate\\Pipeline\\Pipeline->Illuminate\\Pipeline\\{closure}()
#28 /var/www/api2-panel/vendor/laravel/framework/src/Illuminate/Pipeline/Pipeline.php(180): Sentry\\Laravel\\Http\\SetRequestMiddleware->handle()
#29 /var/www/api2-panel/vendor/laravel/framework/src/Illuminate/Foundation/Http/Middleware/TransformsRequest.php(21): Illuminate\\Pipeline\\Pipeline->Illuminate\\Pipeline\\{closure}()
#30 /var/www/api2-panel/vendor/laravel/framework/src/Illuminate/Foundation/Http/Middleware/ConvertEmptyStringsToNull.php(31): Illuminate\\Foundation\\Http\\Middleware\\TransformsRequest->handle()
#31 /var/www/api2-panel/vendor/laravel/framework/src/Illuminate/Pipeline/Pipeline.php(180): Illuminate\\Foundation\\Http\\Middleware\\ConvertEmptyStringsToNull->handle()
#32 /var/www/api2-panel/vendor/laravel/framework/src/Illuminate/Foundation/Http/Middleware/TransformsRequest.php(21): Illuminate\\Pipeline\\Pipeline->Illuminate\\Pipeline\\{closure}()
#33 /var/www/api2-panel/vendor/laravel/framework/src/Illuminate/Foundation/Http/Middleware/TrimStrings.php(40): Illuminate\\Foundation\\Http\\Middleware\\TransformsRequest->handle()
#34 /var/www/api2-panel/vendor/laravel/framework/src/Illuminate/Pipeline/Pipeline.php(180): Illuminate\\Foundation\\Http\\Middleware\\TrimStrings->handle()
#35 /var/www/api2-panel/vendor/laravel/framework/src/Illuminate/Foundation/Http/Middleware/ValidatePostSize.php(27): Illuminate\\Pipeline\\Pipeline->Illuminate\\Pipeline\\{closure}()
#36 /var/www/api2-panel/vendor/laravel/framework/src/Illuminate/Pipeline/Pipeline.php(180): Illuminate\\Foundation\\Http\\Middleware\\ValidatePostSize->handle()
#37 /var/www/api2-panel/vendor/laravel/framework/src/Illuminate/Foundation/Http/Middleware/PreventRequestsDuringMaintenance.php(86): Illuminate\\Pipeline\\Pipeline->Illuminate\\Pipeline\\{closure}()
#38 /var/www/api2-panel/vendor/laravel/framework/src/Illuminate/Pipeline/Pipeline.php(180): Illuminate\\Foundation\\Http\\Middleware\\PreventRequestsDuringMaintenance->handle()
#39 /var/www/api2-panel/vendor/laravel/framework/src/Illuminate/Http/Middleware/HandleCors.php(49): Illuminate\\Pipeline\\Pipeline->Illuminate\\Pipeline\\{closure}()
#40 /var/www/api2-panel/vendor/laravel/framework/src/Illuminate/Pipeline/Pipeline.php(180): Illuminate\\Http\\Middleware\\HandleCors->handle()
#41 /var/www/api2-panel/vendor/laravel/framework/src/Illuminate/Http/Middleware/TrustProxies.php(39): Illuminate\\Pipeline\\Pipeline->Illuminate\\Pipeline\\{closure}()
#42 /var/www/api2-panel/vendor/laravel/framework/src/Illuminate/Pipeline/Pipeline.php(180): Illuminate\\Http\\Middleware\\TrustProxies->handle()
#43 /var/www/api2-panel/vendor/sentry/sentry-laravel/src/Sentry/Laravel/Tracing/Middleware.php(77): Illuminate\\Pipeline\\Pipeline->Illuminate\\Pipeline\\{closure}()
#44 /var/www/api2-panel/vendor/laravel/framework/src/Illuminate/Pipeline/Pipeline.php(180): Sentry\\Laravel\\Tracing\\Middleware->handle()
#45 /var/www/api2-panel/vendor/laravel/framework/src/Illuminate/Pipeline/Pipeline.php(116): Illuminate\\Pipeline\\Pipeline->Illuminate\\Pipeline\\{closure}()
#46 /var/www/api2-panel/vendor/laravel/framework/src/Illuminate/Foundation/Http/Kernel.php(165): Illuminate\\Pipeline\\Pipeline->then()
#47 /var/www/api2-panel/vendor/laravel/framework/src/Illuminate/Foundation/Http/Kernel.php(134): Illuminate\\Foundation\\Http\\Kernel->sendRequestThroughRouter()
#48 /var/www/api2-panel/public/index.php(52): Illuminate\\Foundation\\Http\\Kernel->handle()
#49 {main}
"} 
[2026-01-02 12:47:52] production.INFO: array (
  'getUserPanels username' => NULL,
  'getUserPanels lang' => 'En',
)  
[2026-01-02 12:47:52] production.ERROR: Attempt to read property "id" on null {"exception":"[object] (ErrorException(code: 0): Attempt to read property \"id\" on null at /var/www/api2-panel/Modules/Bot/Http/Services/TelegramHandler.php:416)
[stacktrace]
#0 /var/www/api2-panel/vendor/laravel/framework/src/Illuminate/Foundation/Bootstrap/HandleExceptions.php(270): Illuminate\\Foundation\\Bootstrap\\HandleExceptions->handleError()
#1 /var/www/api2-panel/Modules/Bot/Http/Services/TelegramHandler.php(416): Illuminate\\Foundation\\Bootstrap\\HandleExceptions->Illuminate\\Foundation\\Bootstrap\\{closure}()
#2 /var/www/api2-panel/vendor/laravel/framework/src/Illuminate/Database/Eloquent/Builder.php(1312): Modules\\Bot\\Http\\Services\\TelegramHandler->Modules\\Bot\\Http\\Services\\{closure}()
#3 /var/www/api2-panel/vendor/laravel/framework/src/Illuminate/Database/Eloquent/Concerns/QueriesRelationships.php(61): Illuminate\\Database\\Eloquent\\Builder->callScope()
#4 /var/www/api2-panel/vendor/laravel/framework/src/Illuminate/Database/Eloquent/Concerns/QueriesRelationships.php(152): Illuminate\\Database\\Eloquent\\Builder->has()
#5 /var/www/api2-panel/Modules/Bot/Http/Services/TelegramHandler.php(417): Illuminate\\Database\\Eloquent\\Builder->whereHas()
#6 /var/www/api2-panel/Modules/Bot/Http/Services/TelegramHandler.php(190): Modules\\Bot\\Http\\Services\\TelegramHandler->getUserPanels()
#7 /var/www/api2-panel/vendor/defstudio/telegraph/src/Handlers/WebhookHandler.php(128): Modules\\Bot\\Http\\Services\\TelegramHandler->handleChatMessage()
#8 /var/www/api2-panel/vendor/defstudio/telegraph/src/Handlers/WebhookHandler.php(228): DefStudio\\Telegraph\\Handlers\\WebhookHandler->handleMessage()
#9 /var/www/api2-panel/vendor/defstudio/telegraph/src/Controllers/WebhookController.php(28): DefStudio\\Telegraph\\Handlers\\WebhookHandler->handle()
#10 /var/www/api2-panel/vendor/laravel/framework/src/Illuminate/Routing/ControllerDispatcher.php(46): DefStudio\\Telegraph\\Controllers\\WebhookController->handle()
#11 /var/www/api2-panel/vendor/sentry/sentry-laravel/src/Sentry/Laravel/Tracing/Routing/TracingControllerDispatcherTracing.php(21): Illuminate\\Routing\\ControllerDispatcher->dispatch()
#12 /var/www/api2-panel/vendor/sentry/sentry-laravel/src/Sentry/Laravel/Tracing/Routing/TracingRoutingDispatcher.php(31): Sentry\\Laravel\\Tracing\\Routing\\TracingControllerDispatcherTracing->Sentry\\Laravel\\Tracing\\Routing\\{closure}()
#13 /var/www/api2-panel/vendor/sentry/sentry-laravel/src/Sentry/Laravel/Tracing/Routing/TracingControllerDispatcherTracing.php(20): Sentry\\Laravel\\Tracing\\Routing\\TracingRoutingDispatcher->wrapRouteDispatch()
#14 /var/www/api2-panel/vendor/laravel/framework/src/Illuminate/Routing/Route.php(260): Sentry\\Laravel\\Tracing\\Routing\\TracingControllerDispatcherTracing->dispatch()
#15 /var/www/api2-panel/vendor/laravel/framework/src/Illuminate/Routing/Route.php(205): Illuminate\\Routing\\Route->runController()
#16 /var/www/api2-panel/vendor/laravel/framework/src/Illuminate/Routing/Router.php(798): Illuminate\\Routing\\Route->run()
#17 /var/www/api2-panel/vendor/laravel/framework/src/Illuminate/Pipeline/Pipeline.php(141): Illuminate\\Routing\\Router->Illuminate\\Routing\\{closure}()
#18 /var/www/api2-panel/vendor/laravel/framework/src/Illuminate/Pipeline/Pipeline.php(116): Illuminate\\Pipeline\\Pipeline->Illuminate\\Pipeline\\{closure}()
#19 /var/www/api2-panel/vendor/laravel/framework/src/Illuminate/Routing/Router.php(799): Illuminate\\Pipeline\\Pipeline->then()
#20 /var/www/api2-panel/vendor/laravel/framework/src/Illuminate/Routing/Router.php(776): Illuminate\\Routing\\Router->runRouteWithinStack()
#21 /var/www/api2-panel/vendor/laravel/framework/src/Illuminate/Routing/Router.php(740): Illuminate\\Routing\\Router->runRoute()
#22 /var/www/api2-panel/vendor/laravel/framework/src/Illuminate/Routing/Router.php(729): Illuminate\\Routing\\Router->dispatchToRoute()
#23 /var/www/api2-panel/vendor/laravel/framework/src/Illuminate/Foundation/Http/Kernel.php(190): Illuminate\\Routing\\Router->dispatch()
#24 /var/www/api2-panel/vendor/laravel/framework/src/Illuminate/Pipeline/Pipeline.php(141): Illuminate\\Foundation\\Http\\Kernel->Illuminate\\Foundation\\Http\\{closure}()
#25 /var/www/api2-panel/vendor/sentry/sentry-laravel/src/Sentry/Laravel/Http/SetRequestIpMiddleware.php(45): Illuminate\\Pipeline\\Pipeline->Illuminate\\Pipeline\\{closure}()
#26 /var/www/api2-panel/vendor/laravel/framework/src/Illuminate/Pipeline/Pipeline.php(180): Sentry\\Laravel\\Http\\SetRequestIpMiddleware->handle()
#27 /var/www/api2-panel/vendor/sentry/sentry-laravel/src/Sentry/Laravel/Http/SetRequestMiddleware.php(30): Illuminate\\Pipeline\\Pipeline->Illuminate\\Pipeline\\{closure}()
#28 /var/www/api2-panel/vendor/laravel/framework/src/Illuminate/Pipeline/Pipeline.php(180): Sentry\\Laravel\\Http\\SetRequestMiddleware->handle()
#29 /var/www/api2-panel/vendor/laravel/framework/src/Illuminate/Foundation/Http/Middleware/TransformsRequest.php(21): Illuminate\\Pipeline\\Pipeline->Illuminate\\Pipeline\\{closure}()
#30 /var/www/api2-panel/vendor/laravel/framework/src/Illuminate/Foundation/Http/Middleware/ConvertEmptyStringsToNull.php(31): Illuminate\\Foundation\\Http\\Middleware\\TransformsRequest->handle()
#31 /var/www/api2-panel/vendor/laravel/framework/src/Illuminate/Pipeline/Pipeline.php(180): Illuminate\\Foundation\\Http\\Middleware\\ConvertEmptyStringsToNull->handle()
#32 /var/www/api2-panel/vendor/laravel/framework/src/Illuminate/Foundation/Http/Middleware/TransformsRequest.php(21): Illuminate\\Pipeline\\Pipeline->Illuminate\\Pipeline\\{closure}()
#33 /var/www/api2-panel/vendor/laravel/framework/src/Illuminate/Foundation/Http/Middleware/TrimStrings.php(40): Illuminate\\Foundation\\Http\\Middleware\\TransformsRequest->handle()
#34 /var/www/api2-panel/vendor/laravel/framework/src/Illuminate/Pipeline/Pipeline.php(180): Illuminate\\Foundation\\Http\\Middleware\\TrimStrings->handle()
#35 /var/www/api2-panel/vendor/laravel/framework/src/Illuminate/Foundation/Http/Middleware/ValidatePostSize.php(27): Illuminate\\Pipeline\\Pipeline->Illuminate\\Pipeline\\{closure}()
#36 /var/www/api2-panel/vendor/laravel/framework/src/Illuminate/Pipeline/Pipeline.php(180): Illuminate\\Foundation\\Http\\Middleware\\ValidatePostSize->handle()
#37 /var/www/api2-panel/vendor/laravel/framework/src/Illuminate/Foundation/Http/Middleware/PreventRequestsDuringMaintenance.php(86): Illuminate\\Pipeline\\Pipeline->Illuminate\\Pipeline\\{closure}()
#38 /var/www/api2-panel/vendor/laravel/framework/src/Illuminate/Pipeline/Pipeline.php(180): Illuminate\\Foundation\\Http\\Middleware\\PreventRequestsDuringMaintenance->handle()
#39 /var/www/api2-panel/vendor/laravel/framework/src/Illuminate/Http/Middleware/HandleCors.php(49): Illuminate\\Pipeline\\Pipeline->Illuminate\\Pipeline\\{closure}()
#40 /var/www/api2-panel/vendor/laravel/framework/src/Illuminate/Pipeline/Pipeline.php(180): Illuminate\\Http\\Middleware\\HandleCors->handle()
#41 /var/www/api2-panel/vendor/laravel/framework/src/Illuminate/Http/Middleware/TrustProxies.php(39): Illuminate\\Pipeline\\Pipeline->Illuminate\\Pipeline\\{closure}()
#42 /var/www/api2-panel/vendor/laravel/framework/src/Illuminate/Pipeline/Pipeline.php(180): Illuminate\\Http\\Middleware\\TrustProxies->handle()
#43 /var/www/api2-panel/vendor/sentry/sentry-laravel/src/Sentry/Laravel/Tracing/Middleware.php(77): Illuminate\\Pipeline\\Pipeline->Illuminate\\Pipeline\\{closure}()
#44 /var/www/api2-panel/vendor/laravel/framework/src/Illuminate/Pipeline/Pipeline.php(180): Sentry\\Laravel\\Tracing\\Middleware->handle()
#45 /var/www/api2-panel/vendor/laravel/framework/src/Illuminate/Pipeline/Pipeline.php(116): Illuminate\\Pipeline\\Pipeline->Illuminate\\Pipeline\\{closure}()
#46 /var/www/api2-panel/vendor/laravel/framework/src/Illuminate/Foundation/Http/Kernel.php(165): Illuminate\\Pipeline\\Pipeline->then()
#47 /var/www/api2-panel/vendor/laravel/framework/src/Illuminate/Foundation/Http/Kernel.php(134): Illuminate\\Foundation\\Http\\Kernel->sendRequestThroughRouter()
#48 /var/www/api2-panel/public/index.php(52): Illuminate\\Foundation\\Http\\Kernel->handle()
#49 {main}
"} 
[2026-01-02 12:49:03] production.INFO: array (
  'getUserPanels username' => NULL,
  'getUserPanels lang' => 'En',
)  
[2026-01-02 12:49:03] production.ERROR: Attempt to read property "id" on null {"exception":"[object] (ErrorException(code: 0): Attempt to read property \"id\" on null at /var/www/api2-panel/Modules/Bot/Http/Services/TelegramHandler.php:416)
[stacktrace]
#0 /var/www/api2-panel/vendor/laravel/framework/src/Illuminate/Foundation/Bootstrap/HandleExceptions.php(270): Illuminate\\Foundation\\Bootstrap\\HandleExceptions->handleError()
#1 /var/www/api2-panel/Modules/Bot/Http/Services/TelegramHandler.php(416): Illuminate\\Foundation\\Bootstrap\\HandleExceptions->Illuminate\\Foundation\\Bootstrap\\{closure}()
#2 /var/www/api2-panel/vendor/laravel/framework/src/Illuminate/Database/Eloquent/Builder.php(1312): Modules\\Bot\\Http\\Services\\TelegramHandler->Modules\\Bot\\Http\\Services\\{closure}()
#3 /var/www/api2-panel/vendor/laravel/framework/src/Illuminate/Database/Eloquent/Concerns/QueriesRelationships.php(61): Illuminate\\Database\\Eloquent\\Builder->callScope()
#4 /var/www/api2-panel/vendor/laravel/framework/src/Illuminate/Database/Eloquent/Concerns/QueriesRelationships.php(152): Illuminate\\Database\\Eloquent\\Builder->has()
#5 /var/www/api2-panel/Modules/Bot/Http/Services/TelegramHandler.php(417): Illuminate\\Database\\Eloquent\\Builder->whereHas()
#6 /var/www/api2-panel/Modules/Bot/Http/Services/TelegramHandler.php(190): Modules\\Bot\\Http\\Services\\TelegramHandler->getUserPanels()
#7 /var/www/api2-panel/vendor/defstudio/telegraph/src/Handlers/WebhookHandler.php(128): Modules\\Bot\\Http\\Services\\TelegramHandler->handleChatMessage()
#8 /var/www/api2-panel/vendor/defstudio/telegraph/src/Handlers/WebhookHandler.php(228): DefStudio\\Telegraph\\Handlers\\WebhookHandler->handleMessage()
#9 /var/www/api2-panel/vendor/defstudio/telegraph/src/Controllers/WebhookController.php(28): DefStudio\\Telegraph\\Handlers\\WebhookHandler->handle()
#10 /var/www/api2-panel/vendor/laravel/framework/src/Illuminate/Routing/ControllerDispatcher.php(46): DefStudio\\Telegraph\\Controllers\\WebhookController->handle()
#11 /var/www/api2-panel/vendor/sentry/sentry-laravel/src/Sentry/Laravel/Tracing/Routing/TracingControllerDispatcherTracing.php(21): Illuminate\\Routing\\ControllerDispatcher->dispatch()
#12 /var/www/api2-panel/vendor/sentry/sentry-laravel/src/Sentry/Laravel/Tracing/Routing/TracingRoutingDispatcher.php(31): Sentry\\Laravel\\Tracing\\Routing\\TracingControllerDispatcherTracing->Sentry\\Laravel\\Tracing\\Routing\\{closure}()
#13 /var/www/api2-panel/vendor/sentry/sentry-laravel/src/Sentry/Laravel/Tracing/Routing/TracingControllerDispatcherTracing.php(20): Sentry\\Laravel\\Tracing\\Routing\\TracingRoutingDispatcher->wrapRouteDispatch()
#14 /var/www/api2-panel/vendor/laravel/framework/src/Illuminate/Routing/Route.php(260): Sentry\\Laravel\\Tracing\\Routing\\TracingControllerDispatcherTracing->dispatch()
#15 /var/www/api2-panel/vendor/laravel/framework/src/Illuminate/Routing/Route.php(205): Illuminate\\Routing\\Route->runController()
#16 /var/www/api2-panel/vendor/laravel/framework/src/Illuminate/Routing/Router.php(798): Illuminate\\Routing\\Route->run()
#17 /var/www/api2-panel/vendor/laravel/framework/src/Illuminate/Pipeline/Pipeline.php(141): Illuminate\\Routing\\Router->Illuminate\\Routing\\{closure}()
#18 /var/www/api2-panel/vendor/laravel/framework/src/Illuminate/Pipeline/Pipeline.php(116): Illuminate\\Pipeline\\Pipeline->Illuminate\\Pipeline\\{closure}()
#19 /var/www/api2-panel/vendor/laravel/framework/src/Illuminate/Routing/Router.php(799): Illuminate\\Pipeline\\Pipeline->then()
#20 /var/www/api2-panel/vendor/laravel/framework/src/Illuminate/Routing/Router.php(776): Illuminate\\Routing\\Router->runRouteWithinStack()
#21 /var/www/api2-panel/vendor/laravel/framework/src/Illuminate/Routing/Router.php(740): Illuminate\\Routing\\Router->runRoute()
#22 /var/www/api2-panel/vendor/laravel/framework/src/Illuminate/Routing/Router.php(729): Illuminate\\Routing\\Router->dispatchToRoute()
#23 /var/www/api2-panel/vendor/laravel/framework/src/Illuminate/Foundation/Http/Kernel.php(190): Illuminate\\Routing\\Router->dispatch()
#24 /var/www/api2-panel/vendor/laravel/framework/src/Illuminate/Pipeline/Pipeline.php(141): Illuminate\\Foundation\\Http\\Kernel->Illuminate\\Foundation\\Http\\{closure}()
#25 /var/www/api2-panel/vendor/sentry/sentry-laravel/src/Sentry/Laravel/Http/SetRequestIpMiddleware.php(45): Illuminate\\Pipeline\\Pipeline->Illuminate\\Pipeline\\{closure}()
#26 /var/www/api2-panel/vendor/laravel/framework/src/Illuminate/Pipeline/Pipeline.php(180): Sentry\\Laravel\\Http\\SetRequestIpMiddleware->handle()
#27 /var/www/api2-panel/vendor/sentry/sentry-laravel/src/Sentry/Laravel/Http/SetRequestMiddleware.php(30): Illuminate\\Pipeline\\Pipeline->Illuminate\\Pipeline\\{closure}()
#28 /var/www/api2-panel/vendor/laravel/framework/src/Illuminate/Pipeline/Pipeline.php(180): Sentry\\Laravel\\Http\\SetRequestMiddleware->handle()
#29 /var/www/api2-panel/vendor/laravel/framework/src/Illuminate/Foundation/Http/Middleware/TransformsRequest.php(21): Illuminate\\Pipeline\\Pipeline->Illuminate\\Pipeline\\{closure}()
#30 /var/www/api2-panel/vendor/laravel/framework/src/Illuminate/Foundation/Http/Middleware/ConvertEmptyStringsToNull.php(31): Illuminate\\Foundation\\Http\\Middleware\\TransformsRequest->handle()
#31 /var/www/api2-panel/vendor/laravel/framework/src/Illuminate/Pipeline/Pipeline.php(180): Illuminate\\Foundation\\Http\\Middleware\\ConvertEmptyStringsToNull->handle()
#32 /var/www/api2-panel/vendor/laravel/framework/src/Illuminate/Foundation/Http/Middleware/TransformsRequest.php(21): Illuminate\\Pipeline\\Pipeline->Illuminate\\Pipeline\\{closure}()
#33 /var/www/api2-panel/vendor/laravel/framework/src/Illuminate/Foundation/Http/Middleware/TrimStrings.php(40): Illuminate\\Foundation\\Http\\Middleware\\TransformsRequest->handle()
#34 /var/www/api2-panel/vendor/laravel/framework/src/Illuminate/Pipeline/Pipeline.php(180): Illuminate\\Foundation\\Http\\Middleware\\TrimStrings->handle()
#35 /var/www/api2-panel/vendor/laravel/framework/src/Illuminate/Foundation/Http/Middleware/ValidatePostSize.php(27): Illuminate\\Pipeline\\Pipeline->Illuminate\\Pipeline\\{closure}()
#36 /var/www/api2-panel/vendor/laravel/framework/src/Illuminate/Pipeline/Pipeline.php(180): Illuminate\\Foundation\\Http\\Middleware\\ValidatePostSize->handle()
#37 /var/www/api2-panel/vendor/laravel/framework/src/Illuminate/Foundation/Http/Middleware/PreventRequestsDuringMaintenance.php(86): Illuminate\\Pipeline\\Pipeline->Illuminate\\Pipeline\\{closure}()
#38 /var/www/api2-panel/vendor/laravel/framework/src/Illuminate/Pipeline/Pipeline.php(180): Illuminate\\Foundation\\Http\\Middleware\\PreventRequestsDuringMaintenance->handle()
#39 /var/www/api2-panel/vendor/laravel/framework/src/Illuminate/Http/Middleware/HandleCors.php(49): Illuminate\\Pipeline\\Pipeline->Illuminate\\Pipeline\\{closure}()
#40 /var/www/api2-panel/vendor/laravel/framework/src/Illuminate/Pipeline/Pipeline.php(180): Illuminate\\Http\\Middleware\\HandleCors->handle()
#41 /var/www/api2-panel/vendor/laravel/framework/src/Illuminate/Http/Middleware/TrustProxies.php(39): Illuminate\\Pipeline\\Pipeline->Illuminate\\Pipeline\\{closure}()
#42 /var/www/api2-panel/vendor/laravel/framework/src/Illuminate/Pipeline/Pipeline.php(180): Illuminate\\Http\\Middleware\\TrustProxies->handle()
#43 /var/www/api2-panel/vendor/sentry/sentry-laravel/src/Sentry/Laravel/Tracing/Middleware.php(77): Illuminate\\Pipeline\\Pipeline->Illuminate\\Pipeline\\{closure}()
#44 /var/www/api2-panel/vendor/laravel/framework/src/Illuminate/Pipeline/Pipeline.php(180): Sentry\\Laravel\\Tracing\\Middleware->handle()
#45 /var/www/api2-panel/vendor/laravel/framework/src/Illuminate/Pipeline/Pipeline.php(116): Illuminate\\Pipeline\\Pipeline->Illuminate\\Pipeline\\{closure}()
#46 /var/www/api2-panel/vendor/laravel/framework/src/Illuminate/Foundation/Http/Kernel.php(165): Illuminate\\Pipeline\\Pipeline->then()
#47 /var/www/api2-panel/vendor/laravel/framework/src/Illuminate/Foundation/Http/Kernel.php(134): Illuminate\\Foundation\\Http\\Kernel->sendRequestThroughRouter()
#48 /var/www/api2-panel/public/index.php(52): Illuminate\\Foundation\\Http\\Kernel->handle()
#49 {main}
"} 
[2026-01-02 12:50:31] production.INFO: array (
  'getUserPanels username' => NULL,
  'getUserPanels lang' => 'En',
)  
[2026-01-02 12:50:31] production.ERROR: Attempt to read property "id" on null {"exception":"[object] (ErrorException(code: 0): Attempt to read property \"id\" on null at /var/www/api2-panel/Modules/Bot/Http/Services/TelegramHandler.php:416)
[stacktrace]
#0 /var/www/api2-panel/vendor/laravel/framework/src/Illuminate/Foundation/Bootstrap/HandleExceptions.php(270): Illuminate\\Foundation\\Bootstrap\\HandleExceptions->handleError()
#1 /var/www/api2-panel/Modules/Bot/Http/Services/TelegramHandler.php(416): Illuminate\\Foundation\\Bootstrap\\HandleExceptions->Illuminate\\Foundation\\Bootstrap\\{closure}()
#2 /var/www/api2-panel/vendor/laravel/framework/src/Illuminate/Database/Eloquent/Builder.php(1312): Modules\\Bot\\Http\\Services\\TelegramHandler->Modules\\Bot\\Http\\Services\\{closure}()
#3 /var/www/api2-panel/vendor/laravel/framework/src/Illuminate/Database/Eloquent/Concerns/QueriesRelationships.php(61): Illuminate\\Database\\Eloquent\\Builder->callScope()
#4 /var/www/api2-panel/vendor/laravel/framework/src/Illuminate/Database/Eloquent/Concerns/QueriesRelationships.php(152): Illuminate\\Database\\Eloquent\\Builder->has()
#5 /var/www/api2-panel/Modules/Bot/Http/Services/TelegramHandler.php(417): Illuminate\\Database\\Eloquent\\Builder->whereHas()
#6 /var/www/api2-panel/Modules/Bot/Http/Services/TelegramHandler.php(190): Modules\\Bot\\Http\\Services\\TelegramHandler->getUserPanels()
#7 /var/www/api2-panel/vendor/defstudio/telegraph/src/Handlers/WebhookHandler.php(128): Modules\\Bot\\Http\\Services\\TelegramHandler->handleChatMessage()
#8 /var/www/api2-panel/vendor/defstudio/telegraph/src/Handlers/WebhookHandler.php(228): DefStudio\\Telegraph\\Handlers\\WebhookHandler->handleMessage()
#9 /var/www/api2-panel/vendor/defstudio/telegraph/src/Controllers/WebhookController.php(28): DefStudio\\Telegraph\\Handlers\\WebhookHandler->handle()
#10 /var/www/api2-panel/vendor/laravel/framework/src/Illuminate/Routing/ControllerDispatcher.php(46): DefStudio\\Telegraph\\Controllers\\WebhookController->handle()
#11 /var/www/api2-panel/vendor/sentry/sentry-laravel/src/Sentry/Laravel/Tracing/Routing/TracingControllerDispatcherTracing.php(21): Illuminate\\Routing\\ControllerDispatcher->dispatch()
#12 /var/www/api2-panel/vendor/sentry/sentry-laravel/src/Sentry/Laravel/Tracing/Routing/TracingRoutingDispatcher.php(31): Sentry\\Laravel\\Tracing\\Routing\\TracingControllerDispatcherTracing->Sentry\\Laravel\\Tracing\\Routing\\{closure}()
#13 /var/www/api2-panel/vendor/sentry/sentry-laravel/src/Sentry/Laravel/Tracing/Routing/TracingControllerDispatcherTracing.php(20): Sentry\\Laravel\\Tracing\\Routing\\TracingRoutingDispatcher->wrapRouteDispatch()
#14 /var/www/api2-panel/vendor/laravel/framework/src/Illuminate/Routing/Route.php(260): Sentry\\Laravel\\Tracing\\Routing\\TracingControllerDispatcherTracing->dispatch()
#15 /var/www/api2-panel/vendor/laravel/framework/src/Illuminate/Routing/Route.php(205): Illuminate\\Routing\\Route->runController()
#16 /var/www/api2-panel/vendor/laravel/framework/src/Illuminate/Routing/Router.php(798): Illuminate\\Routing\\Route->run()
#17 /var/www/api2-panel/vendor/laravel/framework/src/Illuminate/Pipeline/Pipeline.php(141): Illuminate\\Routing\\Router->Illuminate\\Routing\\{closure}()
#18 /var/www/api2-panel/vendor/laravel/framework/src/Illuminate/Pipeline/Pipeline.php(116): Illuminate\\Pipeline\\Pipeline->Illuminate\\Pipeline\\{closure}()
#19 /var/www/api2-panel/vendor/laravel/framework/src/Illuminate/Routing/Router.php(799): Illuminate\\Pipeline\\Pipeline->then()
#20 /var/www/api2-panel/vendor/laravel/framework/src/Illuminate/Routing/Router.php(776): Illuminate\\Routing\\Router->runRouteWithinStack()
#21 /var/www/api2-panel/vendor/laravel/framework/src/Illuminate/Routing/Router.php(740): Illuminate\\Routing\\Router->runRoute()
#22 /var/www/api2-panel/vendor/laravel/framework/src/Illuminate/Routing/Router.php(729): Illuminate\\Routing\\Router->dispatchToRoute()
#23 /var/www/api2-panel/vendor/laravel/framework/src/Illuminate/Foundation/Http/Kernel.php(190): Illuminate\\Routing\\Router->dispatch()
#24 /var/www/api2-panel/vendor/laravel/framework/src/Illuminate/Pipeline/Pipeline.php(141): Illuminate\\Foundation\\Http\\Kernel->Illuminate\\Foundation\\Http\\{closure}()
#25 /var/www/api2-panel/vendor/sentry/sentry-laravel/src/Sentry/Laravel/Http/SetRequestIpMiddleware.php(45): Illuminate\\Pipeline\\Pipeline->Illuminate\\Pipeline\\{closure}()
#26 /var/www/api2-panel/vendor/laravel/framework/src/Illuminate/Pipeline/Pipeline.php(180): Sentry\\Laravel\\Http\\SetRequestIpMiddleware->handle()
#27 /var/www/api2-panel/vendor/sentry/sentry-laravel/src/Sentry/Laravel/Http/SetRequestMiddleware.php(30): Illuminate\\Pipeline\\Pipeline->Illuminate\\Pipeline\\{closure}()
#28 /var/www/api2-panel/vendor/laravel/framework/src/Illuminate/Pipeline/Pipeline.php(180): Sentry\\Laravel\\Http\\SetRequestMiddleware->handle()
#29 /var/www/api2-panel/vendor/laravel/framework/src/Illuminate/Foundation/Http/Middleware/TransformsRequest.php(21): Illuminate\\Pipeline\\Pipeline->Illuminate\\Pipeline\\{closure}()
#30 /var/www/api2-panel/vendor/laravel/framework/src/Illuminate/Foundation/Http/Middleware/ConvertEmptyStringsToNull.php(31): Illuminate\\Foundation\\Http\\Middleware\\TransformsRequest->handle()
#31 /var/www/api2-panel/vendor/laravel/framework/src/Illuminate/Pipeline/Pipeline.php(180): Illuminate\\Foundation\\Http\\Middleware\\ConvertEmptyStringsToNull->handle()
#32 /var/www/api2-panel/vendor/laravel/framework/src/Illuminate/Foundation/Http/Middleware/TransformsRequest.php(21): Illuminate\\Pipeline\\Pipeline->Illuminate\\Pipeline\\{closure}()
#33 /var/www/api2-panel/vendor/laravel/framework/src/Illuminate/Foundation/Http/Middleware/TrimStrings.php(40): Illuminate\\Foundation\\Http\\Middleware\\TransformsRequest->handle()
#34 /var/www/api2-panel/vendor/laravel/framework/src/Illuminate/Pipeline/Pipeline.php(180): Illuminate\\Foundation\\Http\\Middleware\\TrimStrings->handle()
#35 /var/www/api2-panel/vendor/laravel/framework/src/Illuminate/Foundation/Http/Middleware/ValidatePostSize.php(27): Illuminate\\Pipeline\\Pipeline->Illuminate\\Pipeline\\{closure}()
#36 /var/www/api2-panel/vendor/laravel/framework/src/Illuminate/Pipeline/Pipeline.php(180): Illuminate\\Foundation\\Http\\Middleware\\ValidatePostSize->handle()
#37 /var/www/api2-panel/vendor/laravel/framework/src/Illuminate/Foundation/Http/Middleware/PreventRequestsDuringMaintenance.php(86): Illuminate\\Pipeline\\Pipeline->Illuminate\\Pipeline\\{closure}()
#38 /var/www/api2-panel/vendor/laravel/framework/src/Illuminate/Pipeline/Pipeline.php(180): Illuminate\\Foundation\\Http\\Middleware\\PreventRequestsDuringMaintenance->handle()
#39 /var/www/api2-panel/vendor/laravel/framework/src/Illuminate/Http/Middleware/HandleCors.php(49): Illuminate\\Pipeline\\Pipeline->Illuminate\\Pipeline\\{closure}()
#40 /var/www/api2-panel/vendor/laravel/framework/src/Illuminate/Pipeline/Pipeline.php(180): Illuminate\\Http\\Middleware\\HandleCors->handle()
#41 /var/www/api2-panel/vendor/laravel/framework/src/Illuminate/Http/Middleware/TrustProxies.php(39): Illuminate\\Pipeline\\Pipeline->Illuminate\\Pipeline\\{closure}()
#42 /var/www/api2-panel/vendor/laravel/framework/src/Illuminate/Pipeline/Pipeline.php(180): Illuminate\\Http\\Middleware\\TrustProxies->handle()
#43 /var/www/api2-panel/vendor/sentry/sentry-laravel/src/Sentry/Laravel/Tracing/Middleware.php(77): Illuminate\\Pipeline\\Pipeline->Illuminate\\Pipeline\\{closure}()
#44 /var/www/api2-panel/vendor/laravel/framework/src/Illuminate/Pipeline/Pipeline.php(180): Sentry\\Laravel\\Tracing\\Middleware->handle()
#45 /var/www/api2-panel/vendor/laravel/framework/src/Illuminate/Pipeline/Pipeline.php(116): Illuminate\\Pipeline\\Pipeline->Illuminate\\Pipeline\\{closure}()
#46 /var/www/api2-panel/vendor/laravel/framework/src/Illuminate/Foundation/Http/Kernel.php(165): Illuminate\\Pipeline\\Pipeline->then()
#47 /var/www/api2-panel/vendor/laravel/framework/src/Illuminate/Foundation/Http/Kernel.php(134): Illuminate\\Foundation\\Http\\Kernel->sendRequestThroughRouter()
#48 /var/www/api2-panel/public/index.php(52): Illuminate\\Foundation\\Http\\Kernel->handle()
#49 {main}
"} 
[2026-01-02 12:52:00] production.INFO: array (
  'getUserPanels username' => NULL,
  'getUserPanels lang' => 'En',
)  
[2026-01-02 12:52:00] production.ERROR: Attempt to read property "id" on null {"exception":"[object] (ErrorException(code: 0): Attempt to read property \"id\" on null at /var/www/api2-panel/Modules/Bot/Http/Services/TelegramHandler.php:416)
[stacktrace]
#0 /var/www/api2-panel/vendor/laravel/framework/src/Illuminate/Foundation/Bootstrap/HandleExceptions.php(270): Illuminate\\Foundation\\Bootstrap\\HandleExceptions->handleError()
#1 /var/www/api2-panel/Modules/Bot/Http/Services/TelegramHandler.php(416): Illuminate\\Foundation\\Bootstrap\\HandleExceptions->Illuminate\\Foundation\\Bootstrap\\{closure}()
#2 /var/www/api2-panel/vendor/laravel/framework/src/Illuminate/Database/Eloquent/Builder.php(1312): Modules\\Bot\\Http\\Services\\TelegramHandler->Modules\\Bot\\Http\\Services\\{closure}()
#3 /var/www/api2-panel/vendor/laravel/framework/src/Illuminate/Database/Eloquent/Concerns/QueriesRelationships.php(61): Illuminate\\Database\\Eloquent\\Builder->callScope()
#4 /var/www/api2-panel/vendor/laravel/framework/src/Illuminate/Database/Eloquent/Concerns/QueriesRelationships.php(152): Illuminate\\Database\\Eloquent\\Builder->has()
#5 /var/www/api2-panel/Modules/Bot/Http/Services/TelegramHandler.php(417): Illuminate\\Database\\Eloquent\\Builder->whereHas()
#6 /var/www/api2-panel/Modules/Bot/Http/Services/TelegramHandler.php(190): Modules\\Bot\\Http\\Services\\TelegramHandler->getUserPanels()
#7 /var/www/api2-panel/vendor/defstudio/telegraph/src/Handlers/WebhookHandler.php(128): Modules\\Bot\\Http\\Services\\TelegramHandler->handleChatMessage()
#8 /var/www/api2-panel/vendor/defstudio/telegraph/src/Handlers/WebhookHandler.php(228): DefStudio\\Telegraph\\Handlers\\WebhookHandler->handleMessage()
#9 /var/www/api2-panel/vendor/defstudio/telegraph/src/Controllers/WebhookController.php(28): DefStudio\\Telegraph\\Handlers\\WebhookHandler->handle()
#10 /var/www/api2-panel/vendor/laravel/framework/src/Illuminate/Routing/ControllerDispatcher.php(46): DefStudio\\Telegraph\\Controllers\\WebhookController->handle()
#11 /var/www/api2-panel/vendor/sentry/sentry-laravel/src/Sentry/Laravel/Tracing/Routing/TracingControllerDispatcherTracing.php(21): Illuminate\\Routing\\ControllerDispatcher->dispatch()
#12 /var/www/api2-panel/vendor/sentry/sentry-laravel/src/Sentry/Laravel/Tracing/Routing/TracingRoutingDispatcher.php(31): Sentry\\Laravel\\Tracing\\Routing\\TracingControllerDispatcherTracing->Sentry\\Laravel\\Tracing\\Routing\\{closure}()
#13 /var/www/api2-panel/vendor/sentry/sentry-laravel/src/Sentry/Laravel/Tracing/Routing/TracingControllerDispatcherTracing.php(20): Sentry\\Laravel\\Tracing\\Routing\\TracingRoutingDispatcher->wrapRouteDispatch()
#14 /var/www/api2-panel/vendor/laravel/framework/src/Illuminate/Routing/Route.php(260): Sentry\\Laravel\\Tracing\\Routing\\TracingControllerDispatcherTracing->dispatch()
#15 /var/www/api2-panel/vendor/laravel/framework/src/Illuminate/Routing/Route.php(205): Illuminate\\Routing\\Route->runController()
#16 /var/www/api2-panel/vendor/laravel/framework/src/Illuminate/Routing/Router.php(798): Illuminate\\Routing\\Route->run()
#17 /var/www/api2-panel/vendor/laravel/framework/src/Illuminate/Pipeline/Pipeline.php(141): Illuminate\\Routing\\Router->Illuminate\\Routing\\{closure}()
#18 /var/www/api2-panel/vendor/laravel/framework/src/Illuminate/Pipeline/Pipeline.php(116): Illuminate\\Pipeline\\Pipeline->Illuminate\\Pipeline\\{closure}()
#19 /var/www/api2-panel/vendor/laravel/framework/src/Illuminate/Routing/Router.php(799): Illuminate\\Pipeline\\Pipeline->then()
#20 /var/www/api2-panel/vendor/laravel/framework/src/Illuminate/Routing/Router.php(776): Illuminate\\Routing\\Router->runRouteWithinStack()
#21 /var/www/api2-panel/vendor/laravel/framework/src/Illuminate/Routing/Router.php(740): Illuminate\\Routing\\Router->runRoute()
#22 /var/www/api2-panel/vendor/laravel/framework/src/Illuminate/Routing/Router.php(729): Illuminate\\Routing\\Router->dispatchToRoute()
#23 /var/www/api2-panel/vendor/laravel/framework/src/Illuminate/Foundation/Http/Kernel.php(190): Illuminate\\Routing\\Router->dispatch()
#24 /var/www/api2-panel/vendor/laravel/framework/src/Illuminate/Pipeline/Pipeline.php(141): Illuminate\\Foundation\\Http\\Kernel->Illuminate\\Foundation\\Http\\{closure}()
#25 /var/www/api2-panel/vendor/sentry/sentry-laravel/src/Sentry/Laravel/Http/SetRequestIpMiddleware.php(45): Illuminate\\Pipeline\\Pipeline->Illuminate\\Pipeline\\{closure}()
#26 /var/www/api2-panel/vendor/laravel/framework/src/Illuminate/Pipeline/Pipeline.php(180): Sentry\\Laravel\\Http\\SetRequestIpMiddleware->handle()
#27 /var/www/api2-panel/vendor/sentry/sentry-laravel/src/Sentry/Laravel/Http/SetRequestMiddleware.php(30): Illuminate\\Pipeline\\Pipeline->Illuminate\\Pipeline\\{closure}()
#28 /var/www/api2-panel/vendor/laravel/framework/src/Illuminate/Pipeline/Pipeline.php(180): Sentry\\Laravel\\Http\\SetRequestMiddleware->handle()
#29 /var/www/api2-panel/vendor/laravel/framework/src/Illuminate/Foundation/Http/Middleware/TransformsRequest.php(21): Illuminate\\Pipeline\\Pipeline->Illuminate\\Pipeline\\{closure}()
#30 /var/www/api2-panel/vendor/laravel/framework/src/Illuminate/Foundation/Http/Middleware/ConvertEmptyStringsToNull.php(31): Illuminate\\Foundation\\Http\\Middleware\\TransformsRequest->handle()
#31 /var/www/api2-panel/vendor/laravel/framework/src/Illuminate/Pipeline/Pipeline.php(180): Illuminate\\Foundation\\Http\\Middleware\\ConvertEmptyStringsToNull->handle()
#32 /var/www/api2-panel/vendor/laravel/framework/src/Illuminate/Foundation/Http/Middleware/TransformsRequest.php(21): Illuminate\\Pipeline\\Pipeline->Illuminate\\Pipeline\\{closure}()
#33 /var/www/api2-panel/vendor/laravel/framework/src/Illuminate/Foundation/Http/Middleware/TrimStrings.php(40): Illuminate\\Foundation\\Http\\Middleware\\TransformsRequest->handle()
#34 /var/www/api2-panel/vendor/laravel/framework/src/Illuminate/Pipeline/Pipeline.php(180): Illuminate\\Foundation\\Http\\Middleware\\TrimStrings->handle()
#35 /var/www/api2-panel/vendor/laravel/framework/src/Illuminate/Foundation/Http/Middleware/ValidatePostSize.php(27): Illuminate\\Pipeline\\Pipeline->Illuminate\\Pipeline\\{closure}()
#36 /var/www/api2-panel/vendor/laravel/framework/src/Illuminate/Pipeline/Pipeline.php(180): Illuminate\\Foundation\\Http\\Middleware\\ValidatePostSize->handle()
#37 /var/www/api2-panel/vendor/laravel/framework/src/Illuminate/Foundation/Http/Middleware/PreventRequestsDuringMaintenance.php(86): Illuminate\\Pipeline\\Pipeline->Illuminate\\Pipeline\\{closure}()
#38 /var/www/api2-panel/vendor/laravel/framework/src/Illuminate/Pipeline/Pipeline.php(180): Illuminate\\Foundation\\Http\\Middleware\\PreventRequestsDuringMaintenance->handle()
#39 /var/www/api2-panel/vendor/laravel/framework/src/Illuminate/Http/Middleware/HandleCors.php(49): Illuminate\\Pipeline\\Pipeline->Illuminate\\Pipeline\\{closure}()
#40 /var/www/api2-panel/vendor/laravel/framework/src/Illuminate/Pipeline/Pipeline.php(180): Illuminate\\Http\\Middleware\\HandleCors->handle()
#41 /var/www/api2-panel/vendor/laravel/framework/src/Illuminate/Http/Middleware/TrustProxies.php(39): Illuminate\\Pipeline\\Pipeline->Illuminate\\Pipeline\\{closure}()
#42 /var/www/api2-panel/vendor/laravel/framework/src/Illuminate/Pipeline/Pipeline.php(180): Illuminate\\Http\\Middleware\\TrustProxies->handle()
#43 /var/www/api2-panel/vendor/sentry/sentry-laravel/src/Sentry/Laravel/Tracing/Middleware.php(77): Illuminate\\Pipeline\\Pipeline->Illuminate\\Pipeline\\{closure}()
#44 /var/www/api2-panel/vendor/laravel/framework/src/Illuminate/Pipeline/Pipeline.php(180): Sentry\\Laravel\\Tracing\\Middleware->handle()
#45 /var/www/api2-panel/vendor/laravel/framework/src/Illuminate/Pipeline/Pipeline.php(116): Illuminate\\Pipeline\\Pipeline->Illuminate\\Pipeline\\{closure}()
#46 /var/www/api2-panel/vendor/laravel/framework/src/Illuminate/Foundation/Http/Kernel.php(165): Illuminate\\Pipeline\\Pipeline->then()
#47 /var/www/api2-panel/vendor/laravel/framework/src/Illuminate/Foundation/Http/Kernel.php(134): Illuminate\\Foundation\\Http\\Kernel->sendRequestThroughRouter()
#48 /var/www/api2-panel/public/index.php(52): Illuminate\\Foundation\\Http\\Kernel->handle()
#49 {main}
"} 
[2026-01-02 12:53:41] production.INFO: array (
  'getUserPanels username' => NULL,
  'getUserPanels lang' => 'En',
)  
[2026-01-02 12:53:41] production.ERROR: Attempt to read property "id" on null {"exception":"[object] (ErrorException(code: 0): Attempt to read property \"id\" on null at /var/www/api2-panel/Modules/Bot/Http/Services/TelegramHandler.php:416)
[stacktrace]
#0 /var/www/api2-panel/vendor/laravel/framework/src/Illuminate/Foundation/Bootstrap/HandleExceptions.php(270): Illuminate\\Foundation\\Bootstrap\\HandleExceptions->handleError()
#1 /var/www/api2-panel/Modules/Bot/Http/Services/TelegramHandler.php(416): Illuminate\\Foundation\\Bootstrap\\HandleExceptions->Illuminate\\Foundation\\Bootstrap\\{closure}()
#2 /var/www/api2-panel/vendor/laravel/framework/src/Illuminate/Database/Eloquent/Builder.php(1312): Modules\\Bot\\Http\\Services\\TelegramHandler->Modules\\Bot\\Http\\Services\\{closure}()
#3 /var/www/api2-panel/vendor/laravel/framework/src/Illuminate/Database/Eloquent/Concerns/QueriesRelationships.php(61): Illuminate\\Database\\Eloquent\\Builder->callScope()
#4 /var/www/api2-panel/vendor/laravel/framework/src/Illuminate/Database/Eloquent/Concerns/QueriesRelationships.php(152): Illuminate\\Database\\Eloquent\\Builder->has()
#5 /var/www/api2-panel/Modules/Bot/Http/Services/TelegramHandler.php(417): Illuminate\\Database\\Eloquent\\Builder->whereHas()
#6 /var/www/api2-panel/Modules/Bot/Http/Services/TelegramHandler.php(190): Modules\\Bot\\Http\\Services\\TelegramHandler->getUserPanels()
#7 /var/www/api2-panel/vendor/defstudio/telegraph/src/Handlers/WebhookHandler.php(128): Modules\\Bot\\Http\\Services\\TelegramHandler->handleChatMessage()
#8 /var/www/api2-panel/vendor/defstudio/telegraph/src/Handlers/WebhookHandler.php(228): DefStudio\\Telegraph\\Handlers\\WebhookHandler->handleMessage()
#9 /var/www/api2-panel/vendor/defstudio/telegraph/src/Controllers/WebhookController.php(28): DefStudio\\Telegraph\\Handlers\\WebhookHandler->handle()
#10 /var/www/api2-panel/vendor/laravel/framework/src/Illuminate/Routing/ControllerDispatcher.php(46): DefStudio\\Telegraph\\Controllers\\WebhookController->handle()
#11 /var/www/api2-panel/vendor/sentry/sentry-laravel/src/Sentry/Laravel/Tracing/Routing/TracingControllerDispatcherTracing.php(21): Illuminate\\Routing\\ControllerDispatcher->dispatch()
#12 /var/www/api2-panel/vendor/sentry/sentry-laravel/src/Sentry/Laravel/Tracing/Routing/TracingRoutingDispatcher.php(31): Sentry\\Laravel\\Tracing\\Routing\\TracingControllerDispatcherTracing->Sentry\\Laravel\\Tracing\\Routing\\{closure}()
#13 /var/www/api2-panel/vendor/sentry/sentry-laravel/src/Sentry/Laravel/Tracing/Routing/TracingControllerDispatcherTracing.php(20): Sentry\\Laravel\\Tracing\\Routing\\TracingRoutingDispatcher->wrapRouteDispatch()
#14 /var/www/api2-panel/vendor/laravel/framework/src/Illuminate/Routing/Route.php(260): Sentry\\Laravel\\Tracing\\Routing\\TracingControllerDispatcherTracing->dispatch()
#15 /var/www/api2-panel/vendor/laravel/framework/src/Illuminate/Routing/Route.php(205): Illuminate\\Routing\\Route->runController()
#16 /var/www/api2-panel/vendor/laravel/framework/src/Illuminate/Routing/Router.php(798): Illuminate\\Routing\\Route->run()
#17 /var/www/api2-panel/vendor/laravel/framework/src/Illuminate/Pipeline/Pipeline.php(141): Illuminate\\Routing\\Router->Illuminate\\Routing\\{closure}()
#18 /var/www/api2-panel/vendor/laravel/framework/src/Illuminate/Pipeline/Pipeline.php(116): Illuminate\\Pipeline\\Pipeline->Illuminate\\Pipeline\\{closure}()
#19 /var/www/api2-panel/vendor/laravel/framework/src/Illuminate/Routing/Router.php(799): Illuminate\\Pipeline\\Pipeline->then()
#20 /var/www/api2-panel/vendor/laravel/framework/src/Illuminate/Routing/Router.php(776): Illuminate\\Routing\\Router->runRouteWithinStack()
#21 /var/www/api2-panel/vendor/laravel/framework/src/Illuminate/Routing/Router.php(740): Illuminate\\Routing\\Router->runRoute()
#22 /var/www/api2-panel/vendor/laravel/framework/src/Illuminate/Routing/Router.php(729): Illuminate\\Routing\\Router->dispatchToRoute()
#23 /var/www/api2-panel/vendor/laravel/framework/src/Illuminate/Foundation/Http/Kernel.php(190): Illuminate\\Routing\\Router->dispatch()
#24 /var/www/api2-panel/vendor/laravel/framework/src/Illuminate/Pipeline/Pipeline.php(141): Illuminate\\Foundation\\Http\\Kernel->Illuminate\\Foundation\\Http\\{closure}()
#25 /var/www/api2-panel/vendor/sentry/sentry-laravel/src/Sentry/Laravel/Http/SetRequestIpMiddleware.php(45): Illuminate\\Pipeline\\Pipeline->Illuminate\\Pipeline\\{closure}()
#26 /var/www/api2-panel/vendor/laravel/framework/src/Illuminate/Pipeline/Pipeline.php(180): Sentry\\Laravel\\Http\\SetRequestIpMiddleware->handle()
#27 /var/www/api2-panel/vendor/sentry/sentry-laravel/src/Sentry/Laravel/Http/SetRequestMiddleware.php(30): Illuminate\\Pipeline\\Pipeline->Illuminate\\Pipeline\\{closure}()
#28 /var/www/api2-panel/vendor/laravel/framework/src/Illuminate/Pipeline/Pipeline.php(180): Sentry\\Laravel\\Http\\SetRequestMiddleware->handle()
#29 /var/www/api2-panel/vendor/laravel/framework/src/Illuminate/Foundation/Http/Middleware/TransformsRequest.php(21): Illuminate\\Pipeline\\Pipeline->Illuminate\\Pipeline\\{closure}()
#30 /var/www/api2-panel/vendor/laravel/framework/src/Illuminate/Foundation/Http/Middleware/ConvertEmptyStringsToNull.php(31): Illuminate\\Foundation\\Http\\Middleware\\TransformsRequest->handle()
#31 /var/www/api2-panel/vendor/laravel/framework/src/Illuminate/Pipeline/Pipeline.php(180): Illuminate\\Foundation\\Http\\Middleware\\ConvertEmptyStringsToNull->handle()
#32 /var/www/api2-panel/vendor/laravel/framework/src/Illuminate/Foundation/Http/Middleware/TransformsRequest.php(21): Illuminate\\Pipeline\\Pipeline->Illuminate\\Pipeline\\{closure}()
#33 /var/www/api2-panel/vendor/laravel/framework/src/Illuminate/Foundation/Http/Middleware/TrimStrings.php(40): Illuminate\\Foundation\\Http\\Middleware\\TransformsRequest->handle()
#34 /var/www/api2-panel/vendor/laravel/framework/src/Illuminate/Pipeline/Pipeline.php(180): Illuminate\\Foundation\\Http\\Middleware\\TrimStrings->handle()
#35 /var/www/api2-panel/vendor/laravel/framework/src/Illuminate/Foundation/Http/Middleware/ValidatePostSize.php(27): Illuminate\\Pipeline\\Pipeline->Illuminate\\Pipeline\\{closure}()
#36 /var/www/api2-panel/vendor/laravel/framework/src/Illuminate/Pipeline/Pipeline.php(180): Illuminate\\Foundation\\Http\\Middleware\\ValidatePostSize->handle()
#37 /var/www/api2-panel/vendor/laravel/framework/src/Illuminate/Foundation/Http/Middleware/PreventRequestsDuringMaintenance.php(86): Illuminate\\Pipeline\\Pipeline->Illuminate\\Pipeline\\{closure}()
#38 /var/www/api2-panel/vendor/laravel/framework/src/Illuminate/Pipeline/Pipeline.php(180): Illuminate\\Foundation\\Http\\Middleware\\PreventRequestsDuringMaintenance->handle()
#39 /var/www/api2-panel/vendor/laravel/framework/src/Illuminate/Http/Middleware/HandleCors.php(49): Illuminate\\Pipeline\\Pipeline->Illuminate\\Pipeline\\{closure}()
#40 /var/www/api2-panel/vendor/laravel/framework/src/Illuminate/Pipeline/Pipeline.php(180): Illuminate\\Http\\Middleware\\HandleCors->handle()
#41 /var/www/api2-panel/vendor/laravel/framework/src/Illuminate/Http/Middleware/TrustProxies.php(39): Illuminate\\Pipeline\\Pipeline->Illuminate\\Pipeline\\{closure}()
#42 /var/www/api2-panel/vendor/laravel/framework/src/Illuminate/Pipeline/Pipeline.php(180): Illuminate\\Http\\Middleware\\TrustProxies->handle()
#43 /var/www/api2-panel/vendor/sentry/sentry-laravel/src/Sentry/Laravel/Tracing/Middleware.php(77): Illuminate\\Pipeline\\Pipeline->Illuminate\\Pipeline\\{closure}()
#44 /var/www/api2-panel/vendor/laravel/framework/src/Illuminate/Pipeline/Pipeline.php(180): Sentry\\Laravel\\Tracing\\Middleware->handle()
#45 /var/www/api2-panel/vendor/laravel/framework/src/Illuminate/Pipeline/Pipeline.php(116): Illuminate\\Pipeline\\Pipeline->Illuminate\\Pipeline\\{closure}()
#46 /var/www/api2-panel/vendor/laravel/framework/src/Illuminate/Foundation/Http/Kernel.php(165): Illuminate\\Pipeline\\Pipeline->then()
#47 /var/www/api2-panel/vendor/laravel/framework/src/Illuminate/Foundation/Http/Kernel.php(134): Illuminate\\Foundation\\Http\\Kernel->sendRequestThroughRouter()
#48 /var/www/api2-panel/public/index.php(52): Illuminate\\Foundation\\Http\\Kernel->handle()
#49 {main}
"} 
[2026-01-02 12:55:28] production.INFO: array (
  'getUserPanels username' => NULL,
  'getUserPanels lang' => 'En',
)  
[2026-01-02 12:55:28] production.ERROR: Attempt to read property "id" on null {"exception":"[object] (ErrorException(code: 0): Attempt to read property \"id\" on null at /var/www/api2-panel/Modules/Bot/Http/Services/TelegramHandler.php:416)
[stacktrace]
#0 /var/www/api2-panel/vendor/laravel/framework/src/Illuminate/Foundation/Bootstrap/HandleExceptions.php(270): Illuminate\\Foundation\\Bootstrap\\HandleExceptions->handleError()
#1 /var/www/api2-panel/Modules/Bot/Http/Services/TelegramHandler.php(416): Illuminate\\Foundation\\Bootstrap\\HandleExceptions->Illuminate\\Foundation\\Bootstrap\\{closure}()
#2 /var/www/api2-panel/vendor/laravel/framework/src/Illuminate/Database/Eloquent/Builder.php(1312): Modules\\Bot\\Http\\Services\\TelegramHandler->Modules\\Bot\\Http\\Services\\{closure}()
#3 /var/www/api2-panel/vendor/laravel/framework/src/Illuminate/Database/Eloquent/Concerns/QueriesRelationships.php(61): Illuminate\\Database\\Eloquent\\Builder->callScope()
#4 /var/www/api2-panel/vendor/laravel/framework/src/Illuminate/Database/Eloquent/Concerns/QueriesRelationships.php(152): Illuminate\\Database\\Eloquent\\Builder->has()
#5 /var/www/api2-panel/Modules/Bot/Http/Services/TelegramHandler.php(417): Illuminate\\Database\\Eloquent\\Builder->whereHas()
#6 /var/www/api2-panel/Modules/Bot/Http/Services/TelegramHandler.php(190): Modules\\Bot\\Http\\Services\\TelegramHandler->getUserPanels()
#7 /var/www/api2-panel/vendor/defstudio/telegraph/src/Handlers/WebhookHandler.php(128): Modules\\Bot\\Http\\Services\\TelegramHandler->handleChatMessage()
#8 /var/www/api2-panel/vendor/defstudio/telegraph/src/Handlers/WebhookHandler.php(228): DefStudio\\Telegraph\\Handlers\\WebhookHandler->handleMessage()
#9 /var/www/api2-panel/vendor/defstudio/telegraph/src/Controllers/WebhookController.php(28): DefStudio\\Telegraph\\Handlers\\WebhookHandler->handle()
#10 /var/www/api2-panel/vendor/laravel/framework/src/Illuminate/Routing/ControllerDispatcher.php(46): DefStudio\\Telegraph\\Controllers\\WebhookController->handle()
#11 /var/www/api2-panel/vendor/sentry/sentry-laravel/src/Sentry/Laravel/Tracing/Routing/TracingControllerDispatcherTracing.php(21): Illuminate\\Routing\\ControllerDispatcher->dispatch()
#12 /var/www/api2-panel/vendor/sentry/sentry-laravel/src/Sentry/Laravel/Tracing/Routing/TracingRoutingDispatcher.php(31): Sentry\\Laravel\\Tracing\\Routing\\TracingControllerDispatcherTracing->Sentry\\Laravel\\Tracing\\Routing\\{closure}()
#13 /var/www/api2-panel/vendor/sentry/sentry-laravel/src/Sentry/Laravel/Tracing/Routing/TracingControllerDispatcherTracing.php(20): Sentry\\Laravel\\Tracing\\Routing\\TracingRoutingDispatcher->wrapRouteDispatch()
#14 /var/www/api2-panel/vendor/laravel/framework/src/Illuminate/Routing/Route.php(260): Sentry\\Laravel\\Tracing\\Routing\\TracingControllerDispatcherTracing->dispatch()
#15 /var/www/api2-panel/vendor/laravel/framework/src/Illuminate/Routing/Route.php(205): Illuminate\\Routing\\Route->runController()
#16 /var/www/api2-panel/vendor/laravel/framework/src/Illuminate/Routing/Router.php(798): Illuminate\\Routing\\Route->run()
#17 /var/www/api2-panel/vendor/laravel/framework/src/Illuminate/Pipeline/Pipeline.php(141): Illuminate\\Routing\\Router->Illuminate\\Routing\\{closure}()
#18 /var/www/api2-panel/vendor/laravel/framework/src/Illuminate/Pipeline/Pipeline.php(116): Illuminate\\Pipeline\\Pipeline->Illuminate\\Pipeline\\{closure}()
#19 /var/www/api2-panel/vendor/laravel/framework/src/Illuminate/Routing/Router.php(799): Illuminate\\Pipeline\\Pipeline->then()
#20 /var/www/api2-panel/vendor/laravel/framework/src/Illuminate/Routing/Router.php(776): Illuminate\\Routing\\Router->runRouteWithinStack()
#21 /var/www/api2-panel/vendor/laravel/framework/src/Illuminate/Routing/Router.php(740): Illuminate\\Routing\\Router->runRoute()
#22 /var/www/api2-panel/vendor/laravel/framework/src/Illuminate/Routing/Router.php(729): Illuminate\\Routing\\Router->dispatchToRoute()
#23 /var/www/api2-panel/vendor/laravel/framework/src/Illuminate/Foundation/Http/Kernel.php(190): Illuminate\\Routing\\Router->dispatch()
#24 /var/www/api2-panel/vendor/laravel/framework/src/Illuminate/Pipeline/Pipeline.php(141): Illuminate\\Foundation\\Http\\Kernel->Illuminate\\Foundation\\Http\\{closure}()
#25 /var/www/api2-panel/vendor/sentry/sentry-laravel/src/Sentry/Laravel/Http/SetRequestIpMiddleware.php(45): Illuminate\\Pipeline\\Pipeline->Illuminate\\Pipeline\\{closure}()
#26 /var/www/api2-panel/vendor/laravel/framework/src/Illuminate/Pipeline/Pipeline.php(180): Sentry\\Laravel\\Http\\SetRequestIpMiddleware->handle()
#27 /var/www/api2-panel/vendor/sentry/sentry-laravel/src/Sentry/Laravel/Http/SetRequestMiddleware.php(30): Illuminate\\Pipeline\\Pipeline->Illuminate\\Pipeline\\{closure}()
#28 /var/www/api2-panel/vendor/laravel/framework/src/Illuminate/Pipeline/Pipeline.php(180): Sentry\\Laravel\\Http\\SetRequestMiddleware->handle()
#29 /var/www/api2-panel/vendor/laravel/framework/src/Illuminate/Foundation/Http/Middleware/TransformsRequest.php(21): Illuminate\\Pipeline\\Pipeline->Illuminate\\Pipeline\\{closure}()
#30 /var/www/api2-panel/vendor/laravel/framework/src/Illuminate/Foundation/Http/Middleware/ConvertEmptyStringsToNull.php(31): Illuminate\\Foundation\\Http\\Middleware\\TransformsRequest->handle()
#31 /var/www/api2-panel/vendor/laravel/framework/src/Illuminate/Pipeline/Pipeline.php(180): Illuminate\\Foundation\\Http\\Middleware\\ConvertEmptyStringsToNull->handle()
#32 /var/www/api2-panel/vendor/laravel/framework/src/Illuminate/Foundation/Http/Middleware/TransformsRequest.php(21): Illuminate\\Pipeline\\Pipeline->Illuminate\\Pipeline\\{closure}()
#33 /var/www/api2-panel/vendor/laravel/framework/src/Illuminate/Foundation/Http/Middleware/TrimStrings.php(40): Illuminate\\Foundation\\Http\\Middleware\\TransformsRequest->handle()
#34 /var/www/api2-panel/vendor/laravel/framework/src/Illuminate/Pipeline/Pipeline.php(180): Illuminate\\Foundation\\Http\\Middleware\\TrimStrings->handle()
#35 /var/www/api2-panel/vendor/laravel/framework/src/Illuminate/Foundation/Http/Middleware/ValidatePostSize.php(27): Illuminate\\Pipeline\\Pipeline->Illuminate\\Pipeline\\{closure}()
#36 /var/www/api2-panel/vendor/laravel/framework/src/Illuminate/Pipeline/Pipeline.php(180): Illuminate\\Foundation\\Http\\Middleware\\ValidatePostSize->handle()
#37 /var/www/api2-panel/vendor/laravel/framework/src/Illuminate/Foundation/Http/Middleware/PreventRequestsDuringMaintenance.php(86): Illuminate\\Pipeline\\Pipeline->Illuminate\\Pipeline\\{closure}()
#38 /var/www/api2-panel/vendor/laravel/framework/src/Illuminate/Pipeline/Pipeline.php(180): Illuminate\\Foundation\\Http\\Middleware\\PreventRequestsDuringMaintenance->handle()
#39 /var/www/api2-panel/vendor/laravel/framework/src/Illuminate/Http/Middleware/HandleCors.php(49): Illuminate\\Pipeline\\Pipeline->Illuminate\\Pipeline\\{closure}()
#40 /var/www/api2-panel/vendor/laravel/framework/src/Illuminate/Pipeline/Pipeline.php(180): Illuminate\\Http\\Middleware\\HandleCors->handle()
#41 /var/www/api2-panel/vendor/laravel/framework/src/Illuminate/Http/Middleware/TrustProxies.php(39): Illuminate\\Pipeline\\Pipeline->Illuminate\\Pipeline\\{closure}()
#42 /var/www/api2-panel/vendor/laravel/framework/src/Illuminate/Pipeline/Pipeline.php(180): Illuminate\\Http\\Middleware\\TrustProxies->handle()
#43 /var/www/api2-panel/vendor/sentry/sentry-laravel/src/Sentry/Laravel/Tracing/Middleware.php(77): Illuminate\\Pipeline\\Pipeline->Illuminate\\Pipeline\\{closure}()
#44 /var/www/api2-panel/vendor/laravel/framework/src/Illuminate/Pipeline/Pipeline.php(180): Sentry\\Laravel\\Tracing\\Middleware->handle()
#45 /var/www/api2-panel/vendor/laravel/framework/src/Illuminate/Pipeline/Pipeline.php(116): Illuminate\\Pipeline\\Pipeline->Illuminate\\Pipeline\\{closure}()
#46 /var/www/api2-panel/vendor/laravel/framework/src/Illuminate/Foundation/Http/Kernel.php(165): Illuminate\\Pipeline\\Pipeline->then()
#47 /var/www/api2-panel/vendor/laravel/framework/src/Illuminate/Foundation/Http/Kernel.php(134): Illuminate\\Foundation\\Http\\Kernel->sendRequestThroughRouter()
#48 /var/www/api2-panel/public/index.php(52): Illuminate\\Foundation\\Http\\Kernel->handle()
#49 {main}
"} 
[2026-01-02 12:56:46] production.INFO: array (
  'getUserPanels username' => NULL,
  'getUserPanels lang' => 'En',
)  
[2026-01-02 12:56:46] production.ERROR: Attempt to read property "id" on null {"exception":"[object] (ErrorException(code: 0): Attempt to read property \"id\" on null at /var/www/api2-panel/Modules/Bot/Http/Services/TelegramHandler.php:416)
[stacktrace]
#0 /var/www/api2-panel/vendor/laravel/framework/src/Illuminate/Foundation/Bootstrap/HandleExceptions.php(270): Illuminate\\Foundation\\Bootstrap\\HandleExceptions->handleError()
#1 /var/www/api2-panel/Modules/Bot/Http/Services/TelegramHandler.php(416): Illuminate\\Foundation\\Bootstrap\\HandleExceptions->Illuminate\\Foundation\\Bootstrap\\{closure}()
#2 /var/www/api2-panel/vendor/laravel/framework/src/Illuminate/Database/Eloquent/Builder.php(1312): Modules\\Bot\\Http\\Services\\TelegramHandler->Modules\\Bot\\Http\\Services\\{closure}()
#3 /var/www/api2-panel/vendor/laravel/framework/src/Illuminate/Database/Eloquent/Concerns/QueriesRelationships.php(61): Illuminate\\Database\\Eloquent\\Builder->callScope()
#4 /var/www/api2-panel/vendor/laravel/framework/src/Illuminate/Database/Eloquent/Concerns/QueriesRelationships.php(152): Illuminate\\Database\\Eloquent\\Builder->has()
#5 /var/www/api2-panel/Modules/Bot/Http/Services/TelegramHandler.php(417): Illuminate\\Database\\Eloquent\\Builder->whereHas()
#6 /var/www/api2-panel/Modules/Bot/Http/Services/TelegramHandler.php(190): Modules\\Bot\\Http\\Services\\TelegramHandler->getUserPanels()
#7 /var/www/api2-panel/vendor/defstudio/telegraph/src/Handlers/WebhookHandler.php(128): Modules\\Bot\\Http\\Services\\TelegramHandler->handleChatMessage()
#8 /var/www/api2-panel/vendor/defstudio/telegraph/src/Handlers/WebhookHandler.php(228): DefStudio\\Telegraph\\Handlers\\WebhookHandler->handleMessage()
#9 /var/www/api2-panel/vendor/defstudio/telegraph/src/Controllers/WebhookController.php(28): DefStudio\\Telegraph\\Handlers\\WebhookHandler->handle()
#10 /var/www/api2-panel/vendor/laravel/framework/src/Illuminate/Routing/ControllerDispatcher.php(46): DefStudio\\Telegraph\\Controllers\\WebhookController->handle()
#11 /var/www/api2-panel/vendor/sentry/sentry-laravel/src/Sentry/Laravel/Tracing/Routing/TracingControllerDispatcherTracing.php(21): Illuminate\\Routing\\ControllerDispatcher->dispatch()
#12 /var/www/api2-panel/vendor/sentry/sentry-laravel/src/Sentry/Laravel/Tracing/Routing/TracingRoutingDispatcher.php(31): Sentry\\Laravel\\Tracing\\Routing\\TracingControllerDispatcherTracing->Sentry\\Laravel\\Tracing\\Routing\\{closure}()
#13 /var/www/api2-panel/vendor/sentry/sentry-laravel/src/Sentry/Laravel/Tracing/Routing/TracingControllerDispatcherTracing.php(20): Sentry\\Laravel\\Tracing\\Routing\\TracingRoutingDispatcher->wrapRouteDispatch()
#14 /var/www/api2-panel/vendor/laravel/framework/src/Illuminate/Routing/Route.php(260): Sentry\\Laravel\\Tracing\\Routing\\TracingControllerDispatcherTracing->dispatch()
#15 /var/www/api2-panel/vendor/laravel/framework/src/Illuminate/Routing/Route.php(205): Illuminate\\Routing\\Route->runController()
#16 /var/www/api2-panel/vendor/laravel/framework/src/Illuminate/Routing/Router.php(798): Illuminate\\Routing\\Route->run()
#17 /var/www/api2-panel/vendor/laravel/framework/src/Illuminate/Pipeline/Pipeline.php(141): Illuminate\\Routing\\Router->Illuminate\\Routing\\{closure}()
#18 /var/www/api2-panel/vendor/laravel/framework/src/Illuminate/Pipeline/Pipeline.php(116): Illuminate\\Pipeline\\Pipeline->Illuminate\\Pipeline\\{closure}()
#19 /var/www/api2-panel/vendor/laravel/framework/src/Illuminate/Routing/Router.php(799): Illuminate\\Pipeline\\Pipeline->then()
#20 /var/www/api2-panel/vendor/laravel/framework/src/Illuminate/Routing/Router.php(776): Illuminate\\Routing\\Router->runRouteWithinStack()
#21 /var/www/api2-panel/vendor/laravel/framework/src/Illuminate/Routing/Router.php(740): Illuminate\\Routing\\Router->runRoute()
#22 /var/www/api2-panel/vendor/laravel/framework/src/Illuminate/Routing/Router.php(729): Illuminate\\Routing\\Router->dispatchToRoute()
#23 /var/www/api2-panel/vendor/laravel/framework/src/Illuminate/Foundation/Http/Kernel.php(190): Illuminate\\Routing\\Router->dispatch()
#24 /var/www/api2-panel/vendor/laravel/framework/src/Illuminate/Pipeline/Pipeline.php(141): Illuminate\\Foundation\\Http\\Kernel->Illuminate\\Foundation\\Http\\{closure}()
#25 /var/www/api2-panel/vendor/sentry/sentry-laravel/src/Sentry/Laravel/Http/SetRequestIpMiddleware.php(45): Illuminate\\Pipeline\\Pipeline->Illuminate\\Pipeline\\{closure}()
#26 /var/www/api2-panel/vendor/laravel/framework/src/Illuminate/Pipeline/Pipeline.php(180): Sentry\\Laravel\\Http\\SetRequestIpMiddleware->handle()
#27 /var/www/api2-panel/vendor/sentry/sentry-laravel/src/Sentry/Laravel/Http/SetRequestMiddleware.php(30): Illuminate\\Pipeline\\Pipeline->Illuminate\\Pipeline\\{closure}()
#28 /var/www/api2-panel/vendor/laravel/framework/src/Illuminate/Pipeline/Pipeline.php(180): Sentry\\Laravel\\Http\\SetRequestMiddleware->handle()
#29 /var/www/api2-panel/vendor/laravel/framework/src/Illuminate/Foundation/Http/Middleware/TransformsRequest.php(21): Illuminate\\Pipeline\\Pipeline->Illuminate\\Pipeline\\{closure}()
#30 /var/www/api2-panel/vendor/laravel/framework/src/Illuminate/Foundation/Http/Middleware/ConvertEmptyStringsToNull.php(31): Illuminate\\Foundation\\Http\\Middleware\\TransformsRequest->handle()
#31 /var/www/api2-panel/vendor/laravel/framework/src/Illuminate/Pipeline/Pipeline.php(180): Illuminate\\Foundation\\Http\\Middleware\\ConvertEmptyStringsToNull->handle()
#32 /var/www/api2-panel/vendor/laravel/framework/src/Illuminate/Foundation/Http/Middleware/TransformsRequest.php(21): Illuminate\\Pipeline\\Pipeline->Illuminate\\Pipeline\\{closure}()
#33 /var/www/api2-panel/vendor/laravel/framework/src/Illuminate/Foundation/Http/Middleware/TrimStrings.php(40): Illuminate\\Foundation\\Http\\Middleware\\TransformsRequest->handle()
#34 /var/www/api2-panel/vendor/laravel/framework/src/Illuminate/Pipeline/Pipeline.php(180): Illuminate\\Foundation\\Http\\Middleware\\TrimStrings->handle()
#35 /var/www/api2-panel/vendor/laravel/framework/src/Illuminate/Foundation/Http/Middleware/ValidatePostSize.php(27): Illuminate\\Pipeline\\Pipeline->Illuminate\\Pipeline\\{closure}()
#36 /var/www/api2-panel/vendor/laravel/framework/src/Illuminate/Pipeline/Pipeline.php(180): Illuminate\\Foundation\\Http\\Middleware\\ValidatePostSize->handle()
#37 /var/www/api2-panel/vendor/laravel/framework/src/Illuminate/Foundation/Http/Middleware/PreventRequestsDuringMaintenance.php(86): Illuminate\\Pipeline\\Pipeline->Illuminate\\Pipeline\\{closure}()
#38 /var/www/api2-panel/vendor/laravel/framework/src/Illuminate/Pipeline/Pipeline.php(180): Illuminate\\Foundation\\Http\\Middleware\\PreventRequestsDuringMaintenance->handle()
#39 /var/www/api2-panel/vendor/laravel/framework/src/Illuminate/Http/Middleware/HandleCors.php(49): Illuminate\\Pipeline\\Pipeline->Illuminate\\Pipeline\\{closure}()
#40 /var/www/api2-panel/vendor/laravel/framework/src/Illuminate/Pipeline/Pipeline.php(180): Illuminate\\Http\\Middleware\\HandleCors->handle()
#41 /var/www/api2-panel/vendor/laravel/framework/src/Illuminate/Http/Middleware/TrustProxies.php(39): Illuminate\\Pipeline\\Pipeline->Illuminate\\Pipeline\\{closure}()
#42 /var/www/api2-panel/vendor/laravel/framework/src/Illuminate/Pipeline/Pipeline.php(180): Illuminate\\Http\\Middleware\\TrustProxies->handle()
#43 /var/www/api2-panel/vendor/sentry/sentry-laravel/src/Sentry/Laravel/Tracing/Middleware.php(77): Illuminate\\Pipeline\\Pipeline->Illuminate\\Pipeline\\{closure}()
#44 /var/www/api2-panel/vendor/laravel/framework/src/Illuminate/Pipeline/Pipeline.php(180): Sentry\\Laravel\\Tracing\\Middleware->handle()
#45 /var/www/api2-panel/vendor/laravel/framework/src/Illuminate/Pipeline/Pipeline.php(116): Illuminate\\Pipeline\\Pipeline->Illuminate\\Pipeline\\{closure}()
#46 /var/www/api2-panel/vendor/laravel/framework/src/Illuminate/Foundation/Http/Kernel.php(165): Illuminate\\Pipeline\\Pipeline->then()
#47 /var/www/api2-panel/vendor/laravel/framework/src/Illuminate/Foundation/Http/Kernel.php(134): Illuminate\\Foundation\\Http\\Kernel->sendRequestThroughRouter()
#48 /var/www/api2-panel/public/index.php(52): Illuminate\\Foundation\\Http\\Kernel->handle()
#49 {main}
"} 
[2026-01-02 12:58:28] production.INFO: array (
  'getUserPanels username' => NULL,
  'getUserPanels lang' => 'En',
)  
[2026-01-02 12:58:28] production.ERROR: Attempt to read property "id" on null {"exception":"[object] (ErrorException(code: 0): Attempt to read property \"id\" on null at /var/www/api2-panel/Modules/Bot/Http/Services/TelegramHandler.php:416)
[stacktrace]
#0 /var/www/api2-panel/vendor/laravel/framework/src/Illuminate/Foundation/Bootstrap/HandleExceptions.php(270): Illuminate\\Foundation\\Bootstrap\\HandleExceptions->handleError()
#1 /var/www/api2-panel/Modules/Bot/Http/Services/TelegramHandler.php(416): Illuminate\\Foundation\\Bootstrap\\HandleExceptions->Illuminate\\Foundation\\Bootstrap\\{closure}()
#2 /var/www/api2-panel/vendor/laravel/framework/src/Illuminate/Database/Eloquent/Builder.php(1312): Modules\\Bot\\Http\\Services\\TelegramHandler->Modules\\Bot\\Http\\Services\\{closure}()
#3 /var/www/api2-panel/vendor/laravel/framework/src/Illuminate/Database/Eloquent/Concerns/QueriesRelationships.php(61): Illuminate\\Database\\Eloquent\\Builder->callScope()
#4 /var/www/api2-panel/vendor/laravel/framework/src/Illuminate/Database/Eloquent/Concerns/QueriesRelationships.php(152): Illuminate\\Database\\Eloquent\\Builder->has()
#5 /var/www/api2-panel/Modules/Bot/Http/Services/TelegramHandler.php(417): Illuminate\\Database\\Eloquent\\Builder->whereHas()
#6 /var/www/api2-panel/Modules/Bot/Http/Services/TelegramHandler.php(190): Modules\\Bot\\Http\\Services\\TelegramHandler->getUserPanels()
#7 /var/www/api2-panel/vendor/defstudio/telegraph/src/Handlers/WebhookHandler.php(128): Modules\\Bot\\Http\\Services\\TelegramHandler->handleChatMessage()
#8 /var/www/api2-panel/vendor/defstudio/telegraph/src/Handlers/WebhookHandler.php(228): DefStudio\\Telegraph\\Handlers\\WebhookHandler->handleMessage()
#9 /var/www/api2-panel/vendor/defstudio/telegraph/src/Controllers/WebhookController.php(28): DefStudio\\Telegraph\\Handlers\\WebhookHandler->handle()
#10 /var/www/api2-panel/vendor/laravel/framework/src/Illuminate/Routing/ControllerDispatcher.php(46): DefStudio\\Telegraph\\Controllers\\WebhookController->handle()
#11 /var/www/api2-panel/vendor/sentry/sentry-laravel/src/Sentry/Laravel/Tracing/Routing/TracingControllerDispatcherTracing.php(21): Illuminate\\Routing\\ControllerDispatcher->dispatch()
#12 /var/www/api2-panel/vendor/sentry/sentry-laravel/src/Sentry/Laravel/Tracing/Routing/TracingRoutingDispatcher.php(31): Sentry\\Laravel\\Tracing\\Routing\\TracingControllerDispatcherTracing->Sentry\\Laravel\\Tracing\\Routing\\{closure}()
#13 /var/www/api2-panel/vendor/sentry/sentry-laravel/src/Sentry/Laravel/Tracing/Routing/TracingControllerDispatcherTracing.php(20): Sentry\\Laravel\\Tracing\\Routing\\TracingRoutingDispatcher->wrapRouteDispatch()
#14 /var/www/api2-panel/vendor/laravel/framework/src/Illuminate/Routing/Route.php(260): Sentry\\Laravel\\Tracing\\Routing\\TracingControllerDispatcherTracing->dispatch()
#15 /var/www/api2-panel/vendor/laravel/framework/src/Illuminate/Routing/Route.php(205): Illuminate\\Routing\\Route->runController()
#16 /var/www/api2-panel/vendor/laravel/framework/src/Illuminate/Routing/Router.php(798): Illuminate\\Routing\\Route->run()
#17 /var/www/api2-panel/vendor/laravel/framework/src/Illuminate/Pipeline/Pipeline.php(141): Illuminate\\Routing\\Router->Illuminate\\Routing\\{closure}()
#18 /var/www/api2-panel/vendor/laravel/framework/src/Illuminate/Pipeline/Pipeline.php(116): Illuminate\\Pipeline\\Pipeline->Illuminate\\Pipeline\\{closure}()
#19 /var/www/api2-panel/vendor/laravel/framework/src/Illuminate/Routing/Router.php(799): Illuminate\\Pipeline\\Pipeline->then()
#20 /var/www/api2-panel/vendor/laravel/framework/src/Illuminate/Routing/Router.php(776): Illuminate\\Routing\\Router->runRouteWithinStack()
#21 /var/www/api2-panel/vendor/laravel/framework/src/Illuminate/Routing/Router.php(740): Illuminate\\Routing\\Router->runRoute()
#22 /var/www/api2-panel/vendor/laravel/framework/src/Illuminate/Routing/Router.php(729): Illuminate\\Routing\\Router->dispatchToRoute()
#23 /var/www/api2-panel/vendor/laravel/framework/src/Illuminate/Foundation/Http/Kernel.php(190): Illuminate\\Routing\\Router->dispatch()
#24 /var/www/api2-panel/vendor/laravel/framework/src/Illuminate/Pipeline/Pipeline.php(141): Illuminate\\Foundation\\Http\\Kernel->Illuminate\\Foundation\\Http\\{closure}()
#25 /var/www/api2-panel/vendor/sentry/sentry-laravel/src/Sentry/Laravel/Http/SetRequestIpMiddleware.php(45): Illuminate\\Pipeline\\Pipeline->Illuminate\\Pipeline\\{closure}()
#26 /var/www/api2-panel/vendor/laravel/framework/src/Illuminate/Pipeline/Pipeline.php(180): Sentry\\Laravel\\Http\\SetRequestIpMiddleware->handle()
#27 /var/www/api2-panel/vendor/sentry/sentry-laravel/src/Sentry/Laravel/Http/SetRequestMiddleware.php(30): Illuminate\\Pipeline\\Pipeline->Illuminate\\Pipeline\\{closure}()
#28 /var/www/api2-panel/vendor/laravel/framework/src/Illuminate/Pipeline/Pipeline.php(180): Sentry\\Laravel\\Http\\SetRequestMiddleware->handle()
#29 /var/www/api2-panel/vendor/laravel/framework/src/Illuminate/Foundation/Http/Middleware/TransformsRequest.php(21): Illuminate\\Pipeline\\Pipeline->Illuminate\\Pipeline\\{closure}()
#30 /var/www/api2-panel/vendor/laravel/framework/src/Illuminate/Foundation/Http/Middleware/ConvertEmptyStringsToNull.php(31): Illuminate\\Foundation\\Http\\Middleware\\TransformsRequest->handle()
#31 /var/www/api2-panel/vendor/laravel/framework/src/Illuminate/Pipeline/Pipeline.php(180): Illuminate\\Foundation\\Http\\Middleware\\ConvertEmptyStringsToNull->handle()
#32 /var/www/api2-panel/vendor/laravel/framework/src/Illuminate/Foundation/Http/Middleware/TransformsRequest.php(21): Illuminate\\Pipeline\\Pipeline->Illuminate\\Pipeline\\{closure}()
#33 /var/www/api2-panel/vendor/laravel/framework/src/Illuminate/Foundation/Http/Middleware/TrimStrings.php(40): Illuminate\\Foundation\\Http\\Middleware\\TransformsRequest->handle()
#34 /var/www/api2-panel/vendor/laravel/framework/src/Illuminate/Pipeline/Pipeline.php(180): Illuminate\\Foundation\\Http\\Middleware\\TrimStrings->handle()
#35 /var/www/api2-panel/vendor/laravel/framework/src/Illuminate/Foundation/Http/Middleware/ValidatePostSize.php(27): Illuminate\\Pipeline\\Pipeline->Illuminate\\Pipeline\\{closure}()
#36 /var/www/api2-panel/vendor/laravel/framework/src/Illuminate/Pipeline/Pipeline.php(180): Illuminate\\Foundation\\Http\\Middleware\\ValidatePostSize->handle()
#37 /var/www/api2-panel/vendor/laravel/framework/src/Illuminate/Foundation/Http/Middleware/PreventRequestsDuringMaintenance.php(86): Illuminate\\Pipeline\\Pipeline->Illuminate\\Pipeline\\{closure}()
#38 /var/www/api2-panel/vendor/laravel/framework/src/Illuminate/Pipeline/Pipeline.php(180): Illuminate\\Foundation\\Http\\Middleware\\PreventRequestsDuringMaintenance->handle()
#39 /var/www/api2-panel/vendor/laravel/framework/src/Illuminate/Http/Middleware/HandleCors.php(49): Illuminate\\Pipeline\\Pipeline->Illuminate\\Pipeline\\{closure}()
#40 /var/www/api2-panel/vendor/laravel/framework/src/Illuminate/Pipeline/Pipeline.php(180): Illuminate\\Http\\Middleware\\HandleCors->handle()
#41 /var/www/api2-panel/vendor/laravel/framework/src/Illuminate/Http/Middleware/TrustProxies.php(39): Illuminate\\Pipeline\\Pipeline->Illuminate\\Pipeline\\{closure}()
#42 /var/www/api2-panel/vendor/laravel/framework/src/Illuminate/Pipeline/Pipeline.php(180): Illuminate\\Http\\Middleware\\TrustProxies->handle()
#43 /var/www/api2-panel/vendor/sentry/sentry-laravel/src/Sentry/Laravel/Tracing/Middleware.php(77): Illuminate\\Pipeline\\Pipeline->Illuminate\\Pipeline\\{closure}()
#44 /var/www/api2-panel/vendor/laravel/framework/src/Illuminate/Pipeline/Pipeline.php(180): Sentry\\Laravel\\Tracing\\Middleware->handle()
#45 /var/www/api2-panel/vendor/laravel/framework/src/Illuminate/Pipeline/Pipeline.php(116): Illuminate\\Pipeline\\Pipeline->Illuminate\\Pipeline\\{closure}()
#46 /var/www/api2-panel/vendor/laravel/framework/src/Illuminate/Foundation/Http/Kernel.php(165): Illuminate\\Pipeline\\Pipeline->then()
#47 /var/www/api2-panel/vendor/laravel/framework/src/Illuminate/Foundation/Http/Kernel.php(134): Illuminate\\Foundation\\Http\\Kernel->sendRequestThroughRouter()
#48 /var/www/api2-panel/public/index.php(52): Illuminate\\Foundation\\Http\\Kernel->handle()
#49 {main}
"} 
[2026-01-02 12:59:59] production.INFO: array (
  'getUserPanels username' => NULL,
  'getUserPanels lang' => 'En',
)  
[2026-01-02 12:59:59] production.ERROR: Attempt to read property "id" on null {"exception":"[object] (ErrorException(code: 0): Attempt to read property \"id\" on null at /var/www/api2-panel/Modules/Bot/Http/Services/TelegramHandler.php:416)
[stacktrace]
#0 /var/www/api2-panel/vendor/laravel/framework/src/Illuminate/Foundation/Bootstrap/HandleExceptions.php(270): Illuminate\\Foundation\\Bootstrap\\HandleExceptions->handleError()
#1 /var/www/api2-panel/Modules/Bot/Http/Services/TelegramHandler.php(416): Illuminate\\Foundation\\Bootstrap\\HandleExceptions->Illuminate\\Foundation\\Bootstrap\\{closure}()
#2 /var/www/api2-panel/vendor/laravel/framework/src/Illuminate/Database/Eloquent/Builder.php(1312): Modules\\Bot\\Http\\Services\\TelegramHandler->Modules\\Bot\\Http\\Services\\{closure}()
#3 /var/www/api2-panel/vendor/laravel/framework/src/Illuminate/Database/Eloquent/Concerns/QueriesRelationships.php(61): Illuminate\\Database\\Eloquent\\Builder->callScope()
#4 /var/www/api2-panel/vendor/laravel/framework/src/Illuminate/Database/Eloquent/Concerns/QueriesRelationships.php(152): Illuminate\\Database\\Eloquent\\Builder->has()
#5 /var/www/api2-panel/Modules/Bot/Http/Services/TelegramHandler.php(417): Illuminate\\Database\\Eloquent\\Builder->whereHas()
#6 /var/www/api2-panel/Modules/Bot/Http/Services/TelegramHandler.php(190): Modules\\Bot\\Http\\Services\\TelegramHandler->getUserPanels()
#7 /var/www/api2-panel/vendor/defstudio/telegraph/src/Handlers/WebhookHandler.php(128): Modules\\Bot\\Http\\Services\\TelegramHandler->handleChatMessage()
#8 /var/www/api2-panel/vendor/defstudio/telegraph/src/Handlers/WebhookHandler.php(228): DefStudio\\Telegraph\\Handlers\\WebhookHandler->handleMessage()
#9 /var/www/api2-panel/vendor/defstudio/telegraph/src/Controllers/WebhookController.php(28): DefStudio\\Telegraph\\Handlers\\WebhookHandler->handle()
#10 /var/www/api2-panel/vendor/laravel/framework/src/Illuminate/Routing/ControllerDispatcher.php(46): DefStudio\\Telegraph\\Controllers\\WebhookController->handle()
#11 /var/www/api2-panel/vendor/sentry/sentry-laravel/src/Sentry/Laravel/Tracing/Routing/TracingControllerDispatcherTracing.php(21): Illuminate\\Routing\\ControllerDispatcher->dispatch()
#12 /var/www/api2-panel/vendor/sentry/sentry-laravel/src/Sentry/Laravel/Tracing/Routing/TracingRoutingDispatcher.php(31): Sentry\\Laravel\\Tracing\\Routing\\TracingControllerDispatcherTracing->Sentry\\Laravel\\Tracing\\Routing\\{closure}()
#13 /var/www/api2-panel/vendor/sentry/sentry-laravel/src/Sentry/Laravel/Tracing/Routing/TracingControllerDispatcherTracing.php(20): Sentry\\Laravel\\Tracing\\Routing\\TracingRoutingDispatcher->wrapRouteDispatch()
#14 /var/www/api2-panel/vendor/laravel/framework/src/Illuminate/Routing/Route.php(260): Sentry\\Laravel\\Tracing\\Routing\\TracingControllerDispatcherTracing->dispatch()
#15 /var/www/api2-panel/vendor/laravel/framework/src/Illuminate/Routing/Route.php(205): Illuminate\\Routing\\Route->runController()
#16 /var/www/api2-panel/vendor/laravel/framework/src/Illuminate/Routing/Router.php(798): Illuminate\\Routing\\Route->run()
#17 /var/www/api2-panel/vendor/laravel/framework/src/Illuminate/Pipeline/Pipeline.php(141): Illuminate\\Routing\\Router->Illuminate\\Routing\\{closure}()
#18 /var/www/api2-panel/vendor/laravel/framework/src/Illuminate/Pipeline/Pipeline.php(116): Illuminate\\Pipeline\\Pipeline->Illuminate\\Pipeline\\{closure}()
#19 /var/www/api2-panel/vendor/laravel/framework/src/Illuminate/Routing/Router.php(799): Illuminate\\Pipeline\\Pipeline->then()
#20 /var/www/api2-panel/vendor/laravel/framework/src/Illuminate/Routing/Router.php(776): Illuminate\\Routing\\Router->runRouteWithinStack()
#21 /var/www/api2-panel/vendor/laravel/framework/src/Illuminate/Routing/Router.php(740): Illuminate\\Routing\\Router->runRoute()
#22 /var/www/api2-panel/vendor/laravel/framework/src/Illuminate/Routing/Router.php(729): Illuminate\\Routing\\Router->dispatchToRoute()
#23 /var/www/api2-panel/vendor/laravel/framework/src/Illuminate/Foundation/Http/Kernel.php(190): Illuminate\\Routing\\Router->dispatch()
#24 /var/www/api2-panel/vendor/laravel/framework/src/Illuminate/Pipeline/Pipeline.php(141): Illuminate\\Foundation\\Http\\Kernel->Illuminate\\Foundation\\Http\\{closure}()
#25 /var/www/api2-panel/vendor/sentry/sentry-laravel/src/Sentry/Laravel/Http/SetRequestIpMiddleware.php(45): Illuminate\\Pipeline\\Pipeline->Illuminate\\Pipeline\\{closure}()
#26 /var/www/api2-panel/vendor/laravel/framework/src/Illuminate/Pipeline/Pipeline.php(180): Sentry\\Laravel\\Http\\SetRequestIpMiddleware->handle()
#27 /var/www/api2-panel/vendor/sentry/sentry-laravel/src/Sentry/Laravel/Http/SetRequestMiddleware.php(30): Illuminate\\Pipeline\\Pipeline->Illuminate\\Pipeline\\{closure}()
#28 /var/www/api2-panel/vendor/laravel/framework/src/Illuminate/Pipeline/Pipeline.php(180): Sentry\\Laravel\\Http\\SetRequestMiddleware->handle()
#29 /var/www/api2-panel/vendor/laravel/framework/src/Illuminate/Foundation/Http/Middleware/TransformsRequest.php(21): Illuminate\\Pipeline\\Pipeline->Illuminate\\Pipeline\\{closure}()
#30 /var/www/api2-panel/vendor/laravel/framework/src/Illuminate/Foundation/Http/Middleware/ConvertEmptyStringsToNull.php(31): Illuminate\\Foundation\\Http\\Middleware\\TransformsRequest->handle()
#31 /var/www/api2-panel/vendor/laravel/framework/src/Illuminate/Pipeline/Pipeline.php(180): Illuminate\\Foundation\\Http\\Middleware\\ConvertEmptyStringsToNull->handle()
#32 /var/www/api2-panel/vendor/laravel/framework/src/Illuminate/Foundation/Http/Middleware/TransformsRequest.php(21): Illuminate\\Pipeline\\Pipeline->Illuminate\\Pipeline\\{closure}()
#33 /var/www/api2-panel/vendor/laravel/framework/src/Illuminate/Foundation/Http/Middleware/TrimStrings.php(40): Illuminate\\Foundation\\Http\\Middleware\\TransformsRequest->handle()
#34 /var/www/api2-panel/vendor/laravel/framework/src/Illuminate/Pipeline/Pipeline.php(180): Illuminate\\Foundation\\Http\\Middleware\\TrimStrings->handle()
#35 /var/www/api2-panel/vendor/laravel/framework/src/Illuminate/Foundation/Http/Middleware/ValidatePostSize.php(27): Illuminate\\Pipeline\\Pipeline->Illuminate\\Pipeline\\{closure}()
#36 /var/www/api2-panel/vendor/laravel/framework/src/Illuminate/Pipeline/Pipeline.php(180): Illuminate\\Foundation\\Http\\Middleware\\ValidatePostSize->handle()
#37 /var/www/api2-panel/vendor/laravel/framework/src/Illuminate/Foundation/Http/Middleware/PreventRequestsDuringMaintenance.php(86): Illuminate\\Pipeline\\Pipeline->Illuminate\\Pipeline\\{closure}()
#38 /var/www/api2-panel/vendor/laravel/framework/src/Illuminate/Pipeline/Pipeline.php(180): Illuminate\\Foundation\\Http\\Middleware\\PreventRequestsDuringMaintenance->handle()
#39 /var/www/api2-panel/vendor/laravel/framework/src/Illuminate/Http/Middleware/HandleCors.php(49): Illuminate\\Pipeline\\Pipeline->Illuminate\\Pipeline\\{closure}()
#40 /var/www/api2-panel/vendor/laravel/framework/src/Illuminate/Pipeline/Pipeline.php(180): Illuminate\\Http\\Middleware\\HandleCors->handle()
#41 /var/www/api2-panel/vendor/laravel/framework/src/Illuminate/Http/Middleware/TrustProxies.php(39): Illuminate\\Pipeline\\Pipeline->Illuminate\\Pipeline\\{closure}()
#42 /var/www/api2-panel/vendor/laravel/framework/src/Illuminate/Pipeline/Pipeline.php(180): Illuminate\\Http\\Middleware\\TrustProxies->handle()
#43 /var/www/api2-panel/vendor/sentry/sentry-laravel/src/Sentry/Laravel/Tracing/Middleware.php(77): Illuminate\\Pipeline\\Pipeline->Illuminate\\Pipeline\\{closure}()
#44 /var/www/api2-panel/vendor/laravel/framework/src/Illuminate/Pipeline/Pipeline.php(180): Sentry\\Laravel\\Tracing\\Middleware->handle()
#45 /var/www/api2-panel/vendor/laravel/framework/src/Illuminate/Pipeline/Pipeline.php(116): Illuminate\\Pipeline\\Pipeline->Illuminate\\Pipeline\\{closure}()
#46 /var/www/api2-panel/vendor/laravel/framework/src/Illuminate/Foundation/Http/Kernel.php(165): Illuminate\\Pipeline\\Pipeline->then()
#47 /var/www/api2-panel/vendor/laravel/framework/src/Illuminate/Foundation/Http/Kernel.php(134): Illuminate\\Foundation\\Http\\Kernel->sendRequestThroughRouter()
#48 /var/www/api2-panel/public/index.php(52): Illuminate\\Foundation\\Http\\Kernel->handle()
#49 {main}
"} 
[2026-01-02 13:01:13] production.INFO: array (
  'getUserPanels username' => NULL,
  'getUserPanels lang' => 'En',
)  
[2026-01-02 13:01:13] production.ERROR: Attempt to read property "id" on null {"exception":"[object] (ErrorException(code: 0): Attempt to read property \"id\" on null at /var/www/api2-panel/Modules/Bot/Http/Services/TelegramHandler.php:416)
[stacktrace]
#0 /var/www/api2-panel/vendor/laravel/framework/src/Illuminate/Foundation/Bootstrap/HandleExceptions.php(270): Illuminate\\Foundation\\Bootstrap\\HandleExceptions->handleError()
#1 /var/www/api2-panel/Modules/Bot/Http/Services/TelegramHandler.php(416): Illuminate\\Foundation\\Bootstrap\\HandleExceptions->Illuminate\\Foundation\\Bootstrap\\{closure}()
#2 /var/www/api2-panel/vendor/laravel/framework/src/Illuminate/Database/Eloquent/Builder.php(1312): Modules\\Bot\\Http\\Services\\TelegramHandler->Modules\\Bot\\Http\\Services\\{closure}()
#3 /var/www/api2-panel/vendor/laravel/framework/src/Illuminate/Database/Eloquent/Concerns/QueriesRelationships.php(61): Illuminate\\Database\\Eloquent\\Builder->callScope()
#4 /var/www/api2-panel/vendor/laravel/framework/src/Illuminate/Database/Eloquent/Concerns/QueriesRelationships.php(152): Illuminate\\Database\\Eloquent\\Builder->has()
#5 /var/www/api2-panel/Modules/Bot/Http/Services/TelegramHandler.php(417): Illuminate\\Database\\Eloquent\\Builder->whereHas()
#6 /var/www/api2-panel/Modules/Bot/Http/Services/TelegramHandler.php(190): Modules\\Bot\\Http\\Services\\TelegramHandler->getUserPanels()
#7 /var/www/api2-panel/vendor/defstudio/telegraph/src/Handlers/WebhookHandler.php(128): Modules\\Bot\\Http\\Services\\TelegramHandler->handleChatMessage()
#8 /var/www/api2-panel/vendor/defstudio/telegraph/src/Handlers/WebhookHandler.php(228): DefStudio\\Telegraph\\Handlers\\WebhookHandler->handleMessage()
#9 /var/www/api2-panel/vendor/defstudio/telegraph/src/Controllers/WebhookController.php(28): DefStudio\\Telegraph\\Handlers\\WebhookHandler->handle()
#10 /var/www/api2-panel/vendor/laravel/framework/src/Illuminate/Routing/ControllerDispatcher.php(46): DefStudio\\Telegraph\\Controllers\\WebhookController->handle()
#11 /var/www/api2-panel/vendor/sentry/sentry-laravel/src/Sentry/Laravel/Tracing/Routing/TracingControllerDispatcherTracing.php(21): Illuminate\\Routing\\ControllerDispatcher->dispatch()
#12 /var/www/api2-panel/vendor/sentry/sentry-laravel/src/Sentry/Laravel/Tracing/Routing/TracingRoutingDispatcher.php(31): Sentry\\Laravel\\Tracing\\Routing\\TracingControllerDispatcherTracing->Sentry\\Laravel\\Tracing\\Routing\\{closure}()
#13 /var/www/api2-panel/vendor/sentry/sentry-laravel/src/Sentry/Laravel/Tracing/Routing/TracingControllerDispatcherTracing.php(20): Sentry\\Laravel\\Tracing\\Routing\\TracingRoutingDispatcher->wrapRouteDispatch()
#14 /var/www/api2-panel/vendor/laravel/framework/src/Illuminate/Routing/Route.php(260): Sentry\\Laravel\\Tracing\\Routing\\TracingControllerDispatcherTracing->dispatch()
#15 /var/www/api2-panel/vendor/laravel/framework/src/Illuminate/Routing/Route.php(205): Illuminate\\Routing\\Route->runController()
#16 /var/www/api2-panel/vendor/laravel/framework/src/Illuminate/Routing/Router.php(798): Illuminate\\Routing\\Route->run()
#17 /var/www/api2-panel/vendor/laravel/framework/src/Illuminate/Pipeline/Pipeline.php(141): Illuminate\\Routing\\Router->Illuminate\\Routing\\{closure}()
#18 /var/www/api2-panel/vendor/laravel/framework/src/Illuminate/Pipeline/Pipeline.php(116): Illuminate\\Pipeline\\Pipeline->Illuminate\\Pipeline\\{closure}()
#19 /var/www/api2-panel/vendor/laravel/framework/src/Illuminate/Routing/Router.php(799): Illuminate\\Pipeline\\Pipeline->then()
#20 /var/www/api2-panel/vendor/laravel/framework/src/Illuminate/Routing/Router.php(776): Illuminate\\Routing\\Router->runRouteWithinStack()
#21 /var/www/api2-panel/vendor/laravel/framework/src/Illuminate/Routing/Router.php(740): Illuminate\\Routing\\Router->runRoute()
#22 /var/www/api2-panel/vendor/laravel/framework/src/Illuminate/Routing/Router.php(729): Illuminate\\Routing\\Router->dispatchToRoute()
#23 /var/www/api2-panel/vendor/laravel/framework/src/Illuminate/Foundation/Http/Kernel.php(190): Illuminate\\Routing\\Router->dispatch()
#24 /var/www/api2-panel/vendor/laravel/framework/src/Illuminate/Pipeline/Pipeline.php(141): Illuminate\\Foundation\\Http\\Kernel->Illuminate\\Foundation\\Http\\{closure}()
#25 /var/www/api2-panel/vendor/sentry/sentry-laravel/src/Sentry/Laravel/Http/SetRequestIpMiddleware.php(45): Illuminate\\Pipeline\\Pipeline->Illuminate\\Pipeline\\{closure}()
#26 /var/www/api2-panel/vendor/laravel/framework/src/Illuminate/Pipeline/Pipeline.php(180): Sentry\\Laravel\\Http\\SetRequestIpMiddleware->handle()
#27 /var/www/api2-panel/vendor/sentry/sentry-laravel/src/Sentry/Laravel/Http/SetRequestMiddleware.php(30): Illuminate\\Pipeline\\Pipeline->Illuminate\\Pipeline\\{closure}()
#28 /var/www/api2-panel/vendor/laravel/framework/src/Illuminate/Pipeline/Pipeline.php(180): Sentry\\Laravel\\Http\\SetRequestMiddleware->handle()
#29 /var/www/api2-panel/vendor/laravel/framework/src/Illuminate/Foundation/Http/Middleware/TransformsRequest.php(21): Illuminate\\Pipeline\\Pipeline->Illuminate\\Pipeline\\{closure}()
#30 /var/www/api2-panel/vendor/laravel/framework/src/Illuminate/Foundation/Http/Middleware/ConvertEmptyStringsToNull.php(31): Illuminate\\Foundation\\Http\\Middleware\\TransformsRequest->handle()
#31 /var/www/api2-panel/vendor/laravel/framework/src/Illuminate/Pipeline/Pipeline.php(180): Illuminate\\Foundation\\Http\\Middleware\\ConvertEmptyStringsToNull->handle()
#32 /var/www/api2-panel/vendor/laravel/framework/src/Illuminate/Foundation/Http/Middleware/TransformsRequest.php(21): Illuminate\\Pipeline\\Pipeline->Illuminate\\Pipeline\\{closure}()
#33 /var/www/api2-panel/vendor/laravel/framework/src/Illuminate/Foundation/Http/Middleware/TrimStrings.php(40): Illuminate\\Foundation\\Http\\Middleware\\TransformsRequest->handle()
#34 /var/www/api2-panel/vendor/laravel/framework/src/Illuminate/Pipeline/Pipeline.php(180): Illuminate\\Foundation\\Http\\Middleware\\TrimStrings->handle()
#35 /var/www/api2-panel/vendor/laravel/framework/src/Illuminate/Foundation/Http/Middleware/ValidatePostSize.php(27): Illuminate\\Pipeline\\Pipeline->Illuminate\\Pipeline\\{closure}()
#36 /var/www/api2-panel/vendor/laravel/framework/src/Illuminate/Pipeline/Pipeline.php(180): Illuminate\\Foundation\\Http\\Middleware\\ValidatePostSize->handle()
#37 /var/www/api2-panel/vendor/laravel/framework/src/Illuminate/Foundation/Http/Middleware/PreventRequestsDuringMaintenance.php(86): Illuminate\\Pipeline\\Pipeline->Illuminate\\Pipeline\\{closure}()
#38 /var/www/api2-panel/vendor/laravel/framework/src/Illuminate/Pipeline/Pipeline.php(180): Illuminate\\Foundation\\Http\\Middleware\\PreventRequestsDuringMaintenance->handle()
#39 /var/www/api2-panel/vendor/laravel/framework/src/Illuminate/Http/Middleware/HandleCors.php(49): Illuminate\\Pipeline\\Pipeline->Illuminate\\Pipeline\\{closure}()
#40 /var/www/api2-panel/vendor/laravel/framework/src/Illuminate/Pipeline/Pipeline.php(180): Illuminate\\Http\\Middleware\\HandleCors->handle()
#41 /var/www/api2-panel/vendor/laravel/framework/src/Illuminate/Http/Middleware/TrustProxies.php(39): Illuminate\\Pipeline\\Pipeline->Illuminate\\Pipeline\\{closure}()
#42 /var/www/api2-panel/vendor/laravel/framework/src/Illuminate/Pipeline/Pipeline.php(180): Illuminate\\Http\\Middleware\\TrustProxies->handle()
#43 /var/www/api2-panel/vendor/sentry/sentry-laravel/src/Sentry/Laravel/Tracing/Middleware.php(77): Illuminate\\Pipeline\\Pipeline->Illuminate\\Pipeline\\{closure}()
#44 /var/www/api2-panel/vendor/laravel/framework/src/Illuminate/Pipeline/Pipeline.php(180): Sentry\\Laravel\\Tracing\\Middleware->handle()
#45 /var/www/api2-panel/vendor/laravel/framework/src/Illuminate/Pipeline/Pipeline.php(116): Illuminate\\Pipeline\\Pipeline->Illuminate\\Pipeline\\{closure}()
#46 /var/www/api2-panel/vendor/laravel/framework/src/Illuminate/Foundation/Http/Kernel.php(165): Illuminate\\Pipeline\\Pipeline->then()
#47 /var/www/api2-panel/vendor/laravel/framework/src/Illuminate/Foundation/Http/Kernel.php(134): Illuminate\\Foundation\\Http\\Kernel->sendRequestThroughRouter()
#48 /var/www/api2-panel/public/index.php(52): Illuminate\\Foundation\\Http\\Kernel->handle()
#49 {main}
"} 
[2026-01-02 13:02:13] production.INFO: array (
  'getUserPanels username' => NULL,
  'getUserPanels lang' => 'En',
)  
[2026-01-02 13:02:13] production.ERROR: Attempt to read property "id" on null {"exception":"[object] (ErrorException(code: 0): Attempt to read property \"id\" on null at /var/www/api2-panel/Modules/Bot/Http/Services/TelegramHandler.php:416)
[stacktrace]
#0 /var/www/api2-panel/vendor/laravel/framework/src/Illuminate/Foundation/Bootstrap/HandleExceptions.php(270): Illuminate\\Foundation\\Bootstrap\\HandleExceptions->handleError()
#1 /var/www/api2-panel/Modules/Bot/Http/Services/TelegramHandler.php(416): Illuminate\\Foundation\\Bootstrap\\HandleExceptions->Illuminate\\Foundation\\Bootstrap\\{closure}()
#2 /var/www/api2-panel/vendor/laravel/framework/src/Illuminate/Database/Eloquent/Builder.php(1312): Modules\\Bot\\Http\\Services\\TelegramHandler->Modules\\Bot\\Http\\Services\\{closure}()
#3 /var/www/api2-panel/vendor/laravel/framework/src/Illuminate/Database/Eloquent/Concerns/QueriesRelationships.php(61): Illuminate\\Database\\Eloquent\\Builder->callScope()
#4 /var/www/api2-panel/vendor/laravel/framework/src/Illuminate/Database/Eloquent/Concerns/QueriesRelationships.php(152): Illuminate\\Database\\Eloquent\\Builder->has()
#5 /var/www/api2-panel/Modules/Bot/Http/Services/TelegramHandler.php(417): Illuminate\\Database\\Eloquent\\Builder->whereHas()
#6 /var/www/api2-panel/Modules/Bot/Http/Services/TelegramHandler.php(190): Modules\\Bot\\Http\\Services\\TelegramHandler->getUserPanels()
#7 /var/www/api2-panel/vendor/defstudio/telegraph/src/Handlers/WebhookHandler.php(128): Modules\\Bot\\Http\\Services\\TelegramHandler->handleChatMessage()
#8 /var/www/api2-panel/vendor/defstudio/telegraph/src/Handlers/WebhookHandler.php(228): DefStudio\\Telegraph\\Handlers\\WebhookHandler->handleMessage()
#9 /var/www/api2-panel/vendor/defstudio/telegraph/src/Controllers/WebhookController.php(28): DefStudio\\Telegraph\\Handlers\\WebhookHandler->handle()
#10 /var/www/api2-panel/vendor/laravel/framework/src/Illuminate/Routing/ControllerDispatcher.php(46): DefStudio\\Telegraph\\Controllers\\WebhookController->handle()
#11 /var/www/api2-panel/vendor/sentry/sentry-laravel/src/Sentry/Laravel/Tracing/Routing/TracingControllerDispatcherTracing.php(21): Illuminate\\Routing\\ControllerDispatcher->dispatch()
#12 /var/www/api2-panel/vendor/sentry/sentry-laravel/src/Sentry/Laravel/Tracing/Routing/TracingRoutingDispatcher.php(31): Sentry\\Laravel\\Tracing\\Routing\\TracingControllerDispatcherTracing->Sentry\\Laravel\\Tracing\\Routing\\{closure}()
#13 /var/www/api2-panel/vendor/sentry/sentry-laravel/src/Sentry/Laravel/Tracing/Routing/TracingControllerDispatcherTracing.php(20): Sentry\\Laravel\\Tracing\\Routing\\TracingRoutingDispatcher->wrapRouteDispatch()
#14 /var/www/api2-panel/vendor/laravel/framework/src/Illuminate/Routing/Route.php(260): Sentry\\Laravel\\Tracing\\Routing\\TracingControllerDispatcherTracing->dispatch()
#15 /var/www/api2-panel/vendor/laravel/framework/src/Illuminate/Routing/Route.php(205): Illuminate\\Routing\\Route->runController()
#16 /var/www/api2-panel/vendor/laravel/framework/src/Illuminate/Routing/Router.php(798): Illuminate\\Routing\\Route->run()
#17 /var/www/api2-panel/vendor/laravel/framework/src/Illuminate/Pipeline/Pipeline.php(141): Illuminate\\Routing\\Router->Illuminate\\Routing\\{closure}()
#18 /var/www/api2-panel/vendor/laravel/framework/src/Illuminate/Pipeline/Pipeline.php(116): Illuminate\\Pipeline\\Pipeline->Illuminate\\Pipeline\\{closure}()
#19 /var/www/api2-panel/vendor/laravel/framework/src/Illuminate/Routing/Router.php(799): Illuminate\\Pipeline\\Pipeline->then()
#20 /var/www/api2-panel/vendor/laravel/framework/src/Illuminate/Routing/Router.php(776): Illuminate\\Routing\\Router->runRouteWithinStack()
#21 /var/www/api2-panel/vendor/laravel/framework/src/Illuminate/Routing/Router.php(740): Illuminate\\Routing\\Router->runRoute()
#22 /var/www/api2-panel/vendor/laravel/framework/src/Illuminate/Routing/Router.php(729): Illuminate\\Routing\\Router->dispatchToRoute()
#23 /var/www/api2-panel/vendor/laravel/framework/src/Illuminate/Foundation/Http/Kernel.php(190): Illuminate\\Routing\\Router->dispatch()
#24 /var/www/api2-panel/vendor/laravel/framework/src/Illuminate/Pipeline/Pipeline.php(141): Illuminate\\Foundation\\Http\\Kernel->Illuminate\\Foundation\\Http\\{closure}()
#25 /var/www/api2-panel/vendor/sentry/sentry-laravel/src/Sentry/Laravel/Http/SetRequestIpMiddleware.php(45): Illuminate\\Pipeline\\Pipeline->Illuminate\\Pipeline\\{closure}()
#26 /var/www/api2-panel/vendor/laravel/framework/src/Illuminate/Pipeline/Pipeline.php(180): Sentry\\Laravel\\Http\\SetRequestIpMiddleware->handle()
#27 /var/www/api2-panel/vendor/sentry/sentry-laravel/src/Sentry/Laravel/Http/SetRequestMiddleware.php(30): Illuminate\\Pipeline\\Pipeline->Illuminate\\Pipeline\\{closure}()
#28 /var/www/api2-panel/vendor/laravel/framework/src/Illuminate/Pipeline/Pipeline.php(180): Sentry\\Laravel\\Http\\SetRequestMiddleware->handle()
#29 /var/www/api2-panel/vendor/laravel/framework/src/Illuminate/Foundation/Http/Middleware/TransformsRequest.php(21): Illuminate\\Pipeline\\Pipeline->Illuminate\\Pipeline\\{closure}()
#30 /var/www/api2-panel/vendor/laravel/framework/src/Illuminate/Foundation/Http/Middleware/ConvertEmptyStringsToNull.php(31): Illuminate\\Foundation\\Http\\Middleware\\TransformsRequest->handle()
#31 /var/www/api2-panel/vendor/laravel/framework/src/Illuminate/Pipeline/Pipeline.php(180): Illuminate\\Foundation\\Http\\Middleware\\ConvertEmptyStringsToNull->handle()
#32 /var/www/api2-panel/vendor/laravel/framework/src/Illuminate/Foundation/Http/Middleware/TransformsRequest.php(21): Illuminate\\Pipeline\\Pipeline->Illuminate\\Pipeline\\{closure}()
#33 /var/www/api2-panel/vendor/laravel/framework/src/Illuminate/Foundation/Http/Middleware/TrimStrings.php(40): Illuminate\\Foundation\\Http\\Middleware\\TransformsRequest->handle()
#34 /var/www/api2-panel/vendor/laravel/framework/src/Illuminate/Pipeline/Pipeline.php(180): Illuminate\\Foundation\\Http\\Middleware\\TrimStrings->handle()
#35 /var/www/api2-panel/vendor/laravel/framework/src/Illuminate/Foundation/Http/Middleware/ValidatePostSize.php(27): Illuminate\\Pipeline\\Pipeline->Illuminate\\Pipeline\\{closure}()
#36 /var/www/api2-panel/vendor/laravel/framework/src/Illuminate/Pipeline/Pipeline.php(180): Illuminate\\Foundation\\Http\\Middleware\\ValidatePostSize->handle()
#37 /var/www/api2-panel/vendor/laravel/framework/src/Illuminate/Foundation/Http/Middleware/PreventRequestsDuringMaintenance.php(86): Illuminate\\Pipeline\\Pipeline->Illuminate\\Pipeline\\{closure}()
#38 /var/www/api2-panel/vendor/laravel/framework/src/Illuminate/Pipeline/Pipeline.php(180): Illuminate\\Foundation\\Http\\Middleware\\PreventRequestsDuringMaintenance->handle()
#39 /var/www/api2-panel/vendor/laravel/framework/src/Illuminate/Http/Middleware/HandleCors.php(49): Illuminate\\Pipeline\\Pipeline->Illuminate\\Pipeline\\{closure}()
#40 /var/www/api2-panel/vendor/laravel/framework/src/Illuminate/Pipeline/Pipeline.php(180): Illuminate\\Http\\Middleware\\HandleCors->handle()
#41 /var/www/api2-panel/vendor/laravel/framework/src/Illuminate/Http/Middleware/TrustProxies.php(39): Illuminate\\Pipeline\\Pipeline->Illuminate\\Pipeline\\{closure}()
#42 /var/www/api2-panel/vendor/laravel/framework/src/Illuminate/Pipeline/Pipeline.php(180): Illuminate\\Http\\Middleware\\TrustProxies->handle()
#43 /var/www/api2-panel/vendor/sentry/sentry-laravel/src/Sentry/Laravel/Tracing/Middleware.php(77): Illuminate\\Pipeline\\Pipeline->Illuminate\\Pipeline\\{closure}()
#44 /var/www/api2-panel/vendor/laravel/framework/src/Illuminate/Pipeline/Pipeline.php(180): Sentry\\Laravel\\Tracing\\Middleware->handle()
#45 /var/www/api2-panel/vendor/laravel/framework/src/Illuminate/Pipeline/Pipeline.php(116): Illuminate\\Pipeline\\Pipeline->Illuminate\\Pipeline\\{closure}()
#46 /var/www/api2-panel/vendor/laravel/framework/src/Illuminate/Foundation/Http/Kernel.php(165): Illuminate\\Pipeline\\Pipeline->then()
#47 /var/www/api2-panel/vendor/laravel/framework/src/Illuminate/Foundation/Http/Kernel.php(134): Illuminate\\Foundation\\Http\\Kernel->sendRequestThroughRouter()
#48 /var/www/api2-panel/public/index.php(52): Illuminate\\Foundation\\Http\\Kernel->handle()
#49 {main}
"} 
[2026-01-02 13:02:22] production.ERROR: Not enough arguments (missing: "panelId"). {"exception":"[object] (Symfony\\Component\\Console\\Exception\\RuntimeException(code: 0): Not enough arguments (missing: \"panelId\"). at /var/www/api2-panel/vendor/symfony/console/Input/Input.php:76)
[stacktrace]
#0 /var/www/api2-panel/vendor/symfony/console/Command/Command.php(321): Symfony\\Component\\Console\\Input\\Input->validate()
#1 /var/www/api2-panel/vendor/laravel/framework/src/Illuminate/Console/Command.php(153): Symfony\\Component\\Console\\Command\\Command->run()
#2 /var/www/api2-panel/vendor/symfony/console/Application.php(1063): Illuminate\\Console\\Command->run()
#3 /var/www/api2-panel/vendor/symfony/console/Application.php(320): Symfony\\Component\\Console\\Application->doRunCommand()
#4 /var/www/api2-panel/vendor/symfony/console/Application.php(174): Symfony\\Component\\Console\\Application->doRun()
#5 /var/www/api2-panel/vendor/laravel/framework/src/Illuminate/Console/Application.php(102): Symfony\\Component\\Console\\Application->run()
#6 /var/www/api2-panel/vendor/laravel/framework/src/Illuminate/Foundation/Console/Kernel.php(155): Illuminate\\Console\\Application->run()
#7 /var/www/api2-panel/artisan(37): Illuminate\\Foundation\\Console\\Kernel->handle()
#8 {main}
"} 
[2026-01-02 13:03:42] production.INFO: array (
  'getUserPanels username' => NULL,
  'getUserPanels lang' => 'En',
)  
[2026-01-02 13:03:42] production.ERROR: Attempt to read property "id" on null {"exception":"[object] (ErrorException(code: 0): Attempt to read property \"id\" on null at /var/www/api2-panel/Modules/Bot/Http/Services/TelegramHandler.php:416)
[stacktrace]
#0 /var/www/api2-panel/vendor/laravel/framework/src/Illuminate/Foundation/Bootstrap/HandleExceptions.php(270): Illuminate\\Foundation\\Bootstrap\\HandleExceptions->handleError()
#1 /var/www/api2-panel/Modules/Bot/Http/Services/TelegramHandler.php(416): Illuminate\\Foundation\\Bootstrap\\HandleExceptions->Illuminate\\Foundation\\Bootstrap\\{closure}()
#2 /var/www/api2-panel/vendor/laravel/framework/src/Illuminate/Database/Eloquent/Builder.php(1312): Modules\\Bot\\Http\\Services\\TelegramHandler->Modules\\Bot\\Http\\Services\\{closure}()
#3 /var/www/api2-panel/vendor/laravel/framework/src/Illuminate/Database/Eloquent/Concerns/QueriesRelationships.php(61): Illuminate\\Database\\Eloquent\\Builder->callScope()
#4 /var/www/api2-panel/vendor/laravel/framework/src/Illuminate/Database/Eloquent/Concerns/QueriesRelationships.php(152): Illuminate\\Database\\Eloquent\\Builder->has()
#5 /var/www/api2-panel/Modules/Bot/Http/Services/TelegramHandler.php(417): Illuminate\\Database\\Eloquent\\Builder->whereHas()
#6 /var/www/api2-panel/Modules/Bot/Http/Services/TelegramHandler.php(190): Modules\\Bot\\Http\\Services\\TelegramHandler->getUserPanels()
#7 /var/www/api2-panel/vendor/defstudio/telegraph/src/Handlers/WebhookHandler.php(128): Modules\\Bot\\Http\\Services\\TelegramHandler->handleChatMessage()
#8 /var/www/api2-panel/vendor/defstudio/telegraph/src/Handlers/WebhookHandler.php(228): DefStudio\\Telegraph\\Handlers\\WebhookHandler->handleMessage()
#9 /var/www/api2-panel/vendor/defstudio/telegraph/src/Controllers/WebhookController.php(28): DefStudio\\Telegraph\\Handlers\\WebhookHandler->handle()
#10 /var/www/api2-panel/vendor/laravel/framework/src/Illuminate/Routing/ControllerDispatcher.php(46): DefStudio\\Telegraph\\Controllers\\WebhookController->handle()
#11 /var/www/api2-panel/vendor/sentry/sentry-laravel/src/Sentry/Laravel/Tracing/Routing/TracingControllerDispatcherTracing.php(21): Illuminate\\Routing\\ControllerDispatcher->dispatch()
#12 /var/www/api2-panel/vendor/sentry/sentry-laravel/src/Sentry/Laravel/Tracing/Routing/TracingRoutingDispatcher.php(31): Sentry\\Laravel\\Tracing\\Routing\\TracingControllerDispatcherTracing->Sentry\\Laravel\\Tracing\\Routing\\{closure}()
#13 /var/www/api2-panel/vendor/sentry/sentry-laravel/src/Sentry/Laravel/Tracing/Routing/TracingControllerDispatcherTracing.php(20): Sentry\\Laravel\\Tracing\\Routing\\TracingRoutingDispatcher->wrapRouteDispatch()
#14 /var/www/api2-panel/vendor/laravel/framework/src/Illuminate/Routing/Route.php(260): Sentry\\Laravel\\Tracing\\Routing\\TracingControllerDispatcherTracing->dispatch()
#15 /var/www/api2-panel/vendor/laravel/framework/src/Illuminate/Routing/Route.php(205): Illuminate\\Routing\\Route->runController()
#16 /var/www/api2-panel/vendor/laravel/framework/src/Illuminate/Routing/Router.php(798): Illuminate\\Routing\\Route->run()
#17 /var/www/api2-panel/vendor/laravel/framework/src/Illuminate/Pipeline/Pipeline.php(141): Illuminate\\Routing\\Router->Illuminate\\Routing\\{closure}()
#18 /var/www/api2-panel/vendor/laravel/framework/src/Illuminate/Pipeline/Pipeline.php(116): Illuminate\\Pipeline\\Pipeline->Illuminate\\Pipeline\\{closure}()
#19 /var/www/api2-panel/vendor/laravel/framework/src/Illuminate/Routing/Router.php(799): Illuminate\\Pipeline\\Pipeline->then()
#20 /var/www/api2-panel/vendor/laravel/framework/src/Illuminate/Routing/Router.php(776): Illuminate\\Routing\\Router->runRouteWithinStack()
#21 /var/www/api2-panel/vendor/laravel/framework/src/Illuminate/Routing/Router.php(740): Illuminate\\Routing\\Router->runRoute()
#22 /var/www/api2-panel/vendor/laravel/framework/src/Illuminate/Routing/Router.php(729): Illuminate\\Routing\\Router->dispatchToRoute()
#23 /var/www/api2-panel/vendor/laravel/framework/src/Illuminate/Foundation/Http/Kernel.php(190): Illuminate\\Routing\\Router->dispatch()
#24 /var/www/api2-panel/vendor/laravel/framework/src/Illuminate/Pipeline/Pipeline.php(141): Illuminate\\Foundation\\Http\\Kernel->Illuminate\\Foundation\\Http\\{closure}()
#25 /var/www/api2-panel/vendor/sentry/sentry-laravel/src/Sentry/Laravel/Http/SetRequestIpMiddleware.php(45): Illuminate\\Pipeline\\Pipeline->Illuminate\\Pipeline\\{closure}()
#26 /var/www/api2-panel/vendor/laravel/framework/src/Illuminate/Pipeline/Pipeline.php(180): Sentry\\Laravel\\Http\\SetRequestIpMiddleware->handle()
#27 /var/www/api2-panel/vendor/sentry/sentry-laravel/src/Sentry/Laravel/Http/SetRequestMiddleware.php(30): Illuminate\\Pipeline\\Pipeline->Illuminate\\Pipeline\\{closure}()
#28 /var/www/api2-panel/vendor/laravel/framework/src/Illuminate/Pipeline/Pipeline.php(180): Sentry\\Laravel\\Http\\SetRequestMiddleware->handle()
#29 /var/www/api2-panel/vendor/laravel/framework/src/Illuminate/Foundation/Http/Middleware/TransformsRequest.php(21): Illuminate\\Pipeline\\Pipeline->Illuminate\\Pipeline\\{closure}()
#30 /var/www/api2-panel/vendor/laravel/framework/src/Illuminate/Foundation/Http/Middleware/ConvertEmptyStringsToNull.php(31): Illuminate\\Foundation\\Http\\Middleware\\TransformsRequest->handle()
#31 /var/www/api2-panel/vendor/laravel/framework/src/Illuminate/Pipeline/Pipeline.php(180): Illuminate\\Foundation\\Http\\Middleware\\ConvertEmptyStringsToNull->handle()
#32 /var/www/api2-panel/vendor/laravel/framework/src/Illuminate/Foundation/Http/Middleware/TransformsRequest.php(21): Illuminate\\Pipeline\\Pipeline->Illuminate\\Pipeline\\{closure}()
#33 /var/www/api2-panel/vendor/laravel/framework/src/Illuminate/Foundation/Http/Middleware/TrimStrings.php(40): Illuminate\\Foundation\\Http\\Middleware\\TransformsRequest->handle()
#34 /var/www/api2-panel/vendor/laravel/framework/src/Illuminate/Pipeline/Pipeline.php(180): Illuminate\\Foundation\\Http\\Middleware\\TrimStrings->handle()
#35 /var/www/api2-panel/vendor/laravel/framework/src/Illuminate/Foundation/Http/Middleware/ValidatePostSize.php(27): Illuminate\\Pipeline\\Pipeline->Illuminate\\Pipeline\\{closure}()
#36 /var/www/api2-panel/vendor/laravel/framework/src/Illuminate/Pipeline/Pipeline.php(180): Illuminate\\Foundation\\Http\\Middleware\\ValidatePostSize->handle()
#37 /var/www/api2-panel/vendor/laravel/framework/src/Illuminate/Foundation/Http/Middleware/PreventRequestsDuringMaintenance.php(86): Illuminate\\Pipeline\\Pipeline->Illuminate\\Pipeline\\{closure}()
#38 /var/www/api2-panel/vendor/laravel/framework/src/Illuminate/Pipeline/Pipeline.php(180): Illuminate\\Foundation\\Http\\Middleware\\PreventRequestsDuringMaintenance->handle()
#39 /var/www/api2-panel/vendor/laravel/framework/src/Illuminate/Http/Middleware/HandleCors.php(49): Illuminate\\Pipeline\\Pipeline->Illuminate\\Pipeline\\{closure}()
#40 /var/www/api2-panel/vendor/laravel/framework/src/Illuminate/Pipeline/Pipeline.php(180): Illuminate\\Http\\Middleware\\HandleCors->handle()
#41 /var/www/api2-panel/vendor/laravel/framework/src/Illuminate/Http/Middleware/TrustProxies.php(39): Illuminate\\Pipeline\\Pipeline->Illuminate\\Pipeline\\{closure}()
#42 /var/www/api2-panel/vendor/laravel/framework/src/Illuminate/Pipeline/Pipeline.php(180): Illuminate\\Http\\Middleware\\TrustProxies->handle()
#43 /var/www/api2-panel/vendor/sentry/sentry-laravel/src/Sentry/Laravel/Tracing/Middleware.php(77): Illuminate\\Pipeline\\Pipeline->Illuminate\\Pipeline\\{closure}()
#44 /var/www/api2-panel/vendor/laravel/framework/src/Illuminate/Pipeline/Pipeline.php(180): Sentry\\Laravel\\Tracing\\Middleware->handle()
#45 /var/www/api2-panel/vendor/laravel/framework/src/Illuminate/Pipeline/Pipeline.php(116): Illuminate\\Pipeline\\Pipeline->Illuminate\\Pipeline\\{closure}()
#46 /var/www/api2-panel/vendor/laravel/framework/src/Illuminate/Foundation/Http/Kernel.php(165): Illuminate\\Pipeline\\Pipeline->then()
#47 /var/www/api2-panel/vendor/laravel/framework/src/Illuminate/Foundation/Http/Kernel.php(134): Illuminate\\Foundation\\Http\\Kernel->sendRequestThroughRouter()
#48 /var/www/api2-panel/public/index.php(52): Illuminate\\Foundation\\Http\\Kernel->handle()
#49 {main}
"} 
[2026-01-02 13:05:26] production.INFO: array (
  'getUserPanels username' => NULL,
  'getUserPanels lang' => 'En',
)  
[2026-01-02 13:05:26] production.ERROR: Attempt to read property "id" on null {"exception":"[object] (ErrorException(code: 0): Attempt to read property \"id\" on null at /var/www/api2-panel/Modules/Bot/Http/Services/TelegramHandler.php:416)
[stacktrace]
#0 /var/www/api2-panel/vendor/laravel/framework/src/Illuminate/Foundation/Bootstrap/HandleExceptions.php(270): Illuminate\\Foundation\\Bootstrap\\HandleExceptions->handleError()
#1 /var/www/api2-panel/Modules/Bot/Http/Services/TelegramHandler.php(416): Illuminate\\Foundation\\Bootstrap\\HandleExceptions->Illuminate\\Foundation\\Bootstrap\\{closure}()
#2 /var/www/api2-panel/vendor/laravel/framework/src/Illuminate/Database/Eloquent/Builder.php(1312): Modules\\Bot\\Http\\Services\\TelegramHandler->Modules\\Bot\\Http\\Services\\{closure}()
#3 /var/www/api2-panel/vendor/laravel/framework/src/Illuminate/Database/Eloquent/Concerns/QueriesRelationships.php(61): Illuminate\\Database\\Eloquent\\Builder->callScope()
#4 /var/www/api2-panel/vendor/laravel/framework/src/Illuminate/Database/Eloquent/Concerns/QueriesRelationships.php(152): Illuminate\\Database\\Eloquent\\Builder->has()
#5 /var/www/api2-panel/Modules/Bot/Http/Services/TelegramHandler.php(417): Illuminate\\Database\\Eloquent\\Builder->whereHas()
#6 /var/www/api2-panel/Modules/Bot/Http/Services/TelegramHandler.php(190): Modules\\Bot\\Http\\Services\\TelegramHandler->getUserPanels()
#7 /var/www/api2-panel/vendor/defstudio/telegraph/src/Handlers/WebhookHandler.php(128): Modules\\Bot\\Http\\Services\\TelegramHandler->handleChatMessage()
#8 /var/www/api2-panel/vendor/defstudio/telegraph/src/Handlers/WebhookHandler.php(228): DefStudio\\Telegraph\\Handlers\\WebhookHandler->handleMessage()
#9 /var/www/api2-panel/vendor/defstudio/telegraph/src/Controllers/WebhookController.php(28): DefStudio\\Telegraph\\Handlers\\WebhookHandler->handle()
#10 /var/www/api2-panel/vendor/laravel/framework/src/Illuminate/Routing/ControllerDispatcher.php(46): DefStudio\\Telegraph\\Controllers\\WebhookController->handle()
#11 /var/www/api2-panel/vendor/sentry/sentry-laravel/src/Sentry/Laravel/Tracing/Routing/TracingControllerDispatcherTracing.php(21): Illuminate\\Routing\\ControllerDispatcher->dispatch()
#12 /var/www/api2-panel/vendor/sentry/sentry-laravel/src/Sentry/Laravel/Tracing/Routing/TracingRoutingDispatcher.php(31): Sentry\\Laravel\\Tracing\\Routing\\TracingControllerDispatcherTracing->Sentry\\Laravel\\Tracing\\Routing\\{closure}()
#13 /var/www/api2-panel/vendor/sentry/sentry-laravel/src/Sentry/Laravel/Tracing/Routing/TracingControllerDispatcherTracing.php(20): Sentry\\Laravel\\Tracing\\Routing\\TracingRoutingDispatcher->wrapRouteDispatch()
#14 /var/www/api2-panel/vendor/laravel/framework/src/Illuminate/Routing/Route.php(260): Sentry\\Laravel\\Tracing\\Routing\\TracingControllerDispatcherTracing->dispatch()
#15 /var/www/api2-panel/vendor/laravel/framework/src/Illuminate/Routing/Route.php(205): Illuminate\\Routing\\Route->runController()
#16 /var/www/api2-panel/vendor/laravel/framework/src/Illuminate/Routing/Router.php(798): Illuminate\\Routing\\Route->run()
#17 /var/www/api2-panel/vendor/laravel/framework/src/Illuminate/Pipeline/Pipeline.php(141): Illuminate\\Routing\\Router->Illuminate\\Routing\\{closure}()
#18 /var/www/api2-panel/vendor/laravel/framework/src/Illuminate/Pipeline/Pipeline.php(116): Illuminate\\Pipeline\\Pipeline->Illuminate\\Pipeline\\{closure}()
#19 /var/www/api2-panel/vendor/laravel/framework/src/Illuminate/Routing/Router.php(799): Illuminate\\Pipeline\\Pipeline->then()
#20 /var/www/api2-panel/vendor/laravel/framework/src/Illuminate/Routing/Router.php(776): Illuminate\\Routing\\Router->runRouteWithinStack()
#21 /var/www/api2-panel/vendor/laravel/framework/src/Illuminate/Routing/Router.php(740): Illuminate\\Routing\\Router->runRoute()
#22 /var/www/api2-panel/vendor/laravel/framework/src/Illuminate/Routing/Router.php(729): Illuminate\\Routing\\Router->dispatchToRoute()
#23 /var/www/api2-panel/vendor/laravel/framework/src/Illuminate/Foundation/Http/Kernel.php(190): Illuminate\\Routing\\Router->dispatch()
#24 /var/www/api2-panel/vendor/laravel/framework/src/Illuminate/Pipeline/Pipeline.php(141): Illuminate\\Foundation\\Http\\Kernel->Illuminate\\Foundation\\Http\\{closure}()
#25 /var/www/api2-panel/vendor/sentry/sentry-laravel/src/Sentry/Laravel/Http/SetRequestIpMiddleware.php(45): Illuminate\\Pipeline\\Pipeline->Illuminate\\Pipeline\\{closure}()
#26 /var/www/api2-panel/vendor/laravel/framework/src/Illuminate/Pipeline/Pipeline.php(180): Sentry\\Laravel\\Http\\SetRequestIpMiddleware->handle()
#27 /var/www/api2-panel/vendor/sentry/sentry-laravel/src/Sentry/Laravel/Http/SetRequestMiddleware.php(30): Illuminate\\Pipeline\\Pipeline->Illuminate\\Pipeline\\{closure}()
#28 /var/www/api2-panel/vendor/laravel/framework/src/Illuminate/Pipeline/Pipeline.php(180): Sentry\\Laravel\\Http\\SetRequestMiddleware->handle()
#29 /var/www/api2-panel/vendor/laravel/framework/src/Illuminate/Foundation/Http/Middleware/TransformsRequest.php(21): Illuminate\\Pipeline\\Pipeline->Illuminate\\Pipeline\\{closure}()
#30 /var/www/api2-panel/vendor/laravel/framework/src/Illuminate/Foundation/Http/Middleware/ConvertEmptyStringsToNull.php(31): Illuminate\\Foundation\\Http\\Middleware\\TransformsRequest->handle()
#31 /var/www/api2-panel/vendor/laravel/framework/src/Illuminate/Pipeline/Pipeline.php(180): Illuminate\\Foundation\\Http\\Middleware\\ConvertEmptyStringsToNull->handle()
#32 /var/www/api2-panel/vendor/laravel/framework/src/Illuminate/Foundation/Http/Middleware/TransformsRequest.php(21): Illuminate\\Pipeline\\Pipeline->Illuminate\\Pipeline\\{closure}()
#33 /var/www/api2-panel/vendor/laravel/framework/src/Illuminate/Foundation/Http/Middleware/TrimStrings.php(40): Illuminate\\Foundation\\Http\\Middleware\\TransformsRequest->handle()
#34 /var/www/api2-panel/vendor/laravel/framework/src/Illuminate/Pipeline/Pipeline.php(180): Illuminate\\Foundation\\Http\\Middleware\\TrimStrings->handle()
#35 /var/www/api2-panel/vendor/laravel/framework/src/Illuminate/Foundation/Http/Middleware/ValidatePostSize.php(27): Illuminate\\Pipeline\\Pipeline->Illuminate\\Pipeline\\{closure}()
#36 /var/www/api2-panel/vendor/laravel/framework/src/Illuminate/Pipeline/Pipeline.php(180): Illuminate\\Foundation\\Http\\Middleware\\ValidatePostSize->handle()
#37 /var/www/api2-panel/vendor/laravel/framework/src/Illuminate/Foundation/Http/Middleware/PreventRequestsDuringMaintenance.php(86): Illuminate\\Pipeline\\Pipeline->Illuminate\\Pipeline\\{closure}()
#38 /var/www/api2-panel/vendor/laravel/framework/src/Illuminate/Pipeline/Pipeline.php(180): Illuminate\\Foundation\\Http\\Middleware\\PreventRequestsDuringMaintenance->handle()
#39 /var/www/api2-panel/vendor/laravel/framework/src/Illuminate/Http/Middleware/HandleCors.php(49): Illuminate\\Pipeline\\Pipeline->Illuminate\\Pipeline\\{closure}()
#40 /var/www/api2-panel/vendor/laravel/framework/src/Illuminate/Pipeline/Pipeline.php(180): Illuminate\\Http\\Middleware\\HandleCors->handle()
#41 /var/www/api2-panel/vendor/laravel/framework/src/Illuminate/Http/Middleware/TrustProxies.php(39): Illuminate\\Pipeline\\Pipeline->Illuminate\\Pipeline\\{closure}()
#42 /var/www/api2-panel/vendor/laravel/framework/src/Illuminate/Pipeline/Pipeline.php(180): Illuminate\\Http\\Middleware\\TrustProxies->handle()
#43 /var/www/api2-panel/vendor/sentry/sentry-laravel/src/Sentry/Laravel/Tracing/Middleware.php(77): Illuminate\\Pipeline\\Pipeline->Illuminate\\Pipeline\\{closure}()
#44 /var/www/api2-panel/vendor/laravel/framework/src/Illuminate/Pipeline/Pipeline.php(180): Sentry\\Laravel\\Tracing\\Middleware->handle()
#45 /var/www/api2-panel/vendor/laravel/framework/src/Illuminate/Pipeline/Pipeline.php(116): Illuminate\\Pipeline\\Pipeline->Illuminate\\Pipeline\\{closure}()
#46 /var/www/api2-panel/vendor/laravel/framework/src/Illuminate/Foundation/Http/Kernel.php(165): Illuminate\\Pipeline\\Pipeline->then()
#47 /var/www/api2-panel/vendor/laravel/framework/src/Illuminate/Foundation/Http/Kernel.php(134): Illuminate\\Foundation\\Http\\Kernel->sendRequestThroughRouter()
#48 /var/www/api2-panel/public/index.php(52): Illuminate\\Foundation\\Http\\Kernel->handle()
#49 {main}
"} 
[2026-01-02 13:05:48] production.ERROR: Not enough arguments (missing: "panelId"). {"exception":"[object] (Symfony\\Component\\Console\\Exception\\RuntimeException(code: 0): Not enough arguments (missing: \"panelId\"). at /var/www/api2-panel/vendor/symfony/console/Input/Input.php:76)
[stacktrace]
#0 /var/www/api2-panel/vendor/symfony/console/Command/Command.php(321): Symfony\\Component\\Console\\Input\\Input->validate()
#1 /var/www/api2-panel/vendor/laravel/framework/src/Illuminate/Console/Command.php(153): Symfony\\Component\\Console\\Command\\Command->run()
#2 /var/www/api2-panel/vendor/symfony/console/Application.php(1063): Illuminate\\Console\\Command->run()
#3 /var/www/api2-panel/vendor/symfony/console/Application.php(320): Symfony\\Component\\Console\\Application->doRunCommand()
#4 /var/www/api2-panel/vendor/symfony/console/Application.php(174): Symfony\\Component\\Console\\Application->doRun()
#5 /var/www/api2-panel/vendor/laravel/framework/src/Illuminate/Console/Application.php(102): Symfony\\Component\\Console\\Application->run()
#6 /var/www/api2-panel/vendor/laravel/framework/src/Illuminate/Foundation/Console/Kernel.php(155): Illuminate\\Console\\Application->run()
#7 /var/www/api2-panel/artisan(37): Illuminate\\Foundation\\Console\\Kernel->handle()
#8 {main}
"} 
[2026-01-02 13:06:26] production.INFO: array (
  'getUserPanels username' => NULL,
  'getUserPanels lang' => 'En',
)  
[2026-01-02 13:06:26] production.ERROR: Attempt to read property "id" on null {"exception":"[object] (ErrorException(code: 0): Attempt to read property \"id\" on null at /var/www/api2-panel/Modules/Bot/Http/Services/TelegramHandler.php:416)
[stacktrace]
#0 /var/www/api2-panel/vendor/laravel/framework/src/Illuminate/Foundation/Bootstrap/HandleExceptions.php(270): Illuminate\\Foundation\\Bootstrap\\HandleExceptions->handleError()
#1 /var/www/api2-panel/Modules/Bot/Http/Services/TelegramHandler.php(416): Illuminate\\Foundation\\Bootstrap\\HandleExceptions->Illuminate\\Foundation\\Bootstrap\\{closure}()
#2 /var/www/api2-panel/vendor/laravel/framework/src/Illuminate/Database/Eloquent/Builder.php(1312): Modules\\Bot\\Http\\Services\\TelegramHandler->Modules\\Bot\\Http\\Services\\{closure}()
#3 /var/www/api2-panel/vendor/laravel/framework/src/Illuminate/Database/Eloquent/Concerns/QueriesRelationships.php(61): Illuminate\\Database\\Eloquent\\Builder->callScope()
#4 /var/www/api2-panel/vendor/laravel/framework/src/Illuminate/Database/Eloquent/Concerns/QueriesRelationships.php(152): Illuminate\\Database\\Eloquent\\Builder->has()
#5 /var/www/api2-panel/Modules/Bot/Http/Services/TelegramHandler.php(417): Illuminate\\Database\\Eloquent\\Builder->whereHas()
#6 /var/www/api2-panel/Modules/Bot/Http/Services/TelegramHandler.php(190): Modules\\Bot\\Http\\Services\\TelegramHandler->getUserPanels()
#7 /var/www/api2-panel/vendor/defstudio/telegraph/src/Handlers/WebhookHandler.php(128): Modules\\Bot\\Http\\Services\\TelegramHandler->handleChatMessage()
#8 /var/www/api2-panel/vendor/defstudio/telegraph/src/Handlers/WebhookHandler.php(228): DefStudio\\Telegraph\\Handlers\\WebhookHandler->handleMessage()
#9 /var/www/api2-panel/vendor/defstudio/telegraph/src/Controllers/WebhookController.php(28): DefStudio\\Telegraph\\Handlers\\WebhookHandler->handle()
#10 /var/www/api2-panel/vendor/laravel/framework/src/Illuminate/Routing/ControllerDispatcher.php(46): DefStudio\\Telegraph\\Controllers\\WebhookController->handle()
#11 /var/www/api2-panel/vendor/sentry/sentry-laravel/src/Sentry/Laravel/Tracing/Routing/TracingControllerDispatcherTracing.php(21): Illuminate\\Routing\\ControllerDispatcher->dispatch()
#12 /var/www/api2-panel/vendor/sentry/sentry-laravel/src/Sentry/Laravel/Tracing/Routing/TracingRoutingDispatcher.php(31): Sentry\\Laravel\\Tracing\\Routing\\TracingControllerDispatcherTracing->Sentry\\Laravel\\Tracing\\Routing\\{closure}()
#13 /var/www/api2-panel/vendor/sentry/sentry-laravel/src/Sentry/Laravel/Tracing/Routing/TracingControllerDispatcherTracing.php(20): Sentry\\Laravel\\Tracing\\Routing\\TracingRoutingDispatcher->wrapRouteDispatch()
#14 /var/www/api2-panel/vendor/laravel/framework/src/Illuminate/Routing/Route.php(260): Sentry\\Laravel\\Tracing\\Routing\\TracingControllerDispatcherTracing->dispatch()
#15 /var/www/api2-panel/vendor/laravel/framework/src/Illuminate/Routing/Route.php(205): Illuminate\\Routing\\Route->runController()
#16 /var/www/api2-panel/vendor/laravel/framework/src/Illuminate/Routing/Router.php(798): Illuminate\\Routing\\Route->run()
#17 /var/www/api2-panel/vendor/laravel/framework/src/Illuminate/Pipeline/Pipeline.php(141): Illuminate\\Routing\\Router->Illuminate\\Routing\\{closure}()
#18 /var/www/api2-panel/vendor/laravel/framework/src/Illuminate/Pipeline/Pipeline.php(116): Illuminate\\Pipeline\\Pipeline->Illuminate\\Pipeline\\{closure}()
#19 /var/www/api2-panel/vendor/laravel/framework/src/Illuminate/Routing/Router.php(799): Illuminate\\Pipeline\\Pipeline->then()
#20 /var/www/api2-panel/vendor/laravel/framework/src/Illuminate/Routing/Router.php(776): Illuminate\\Routing\\Router->runRouteWithinStack()
#21 /var/www/api2-panel/vendor/laravel/framework/src/Illuminate/Routing/Router.php(740): Illuminate\\Routing\\Router->runRoute()
#22 /var/www/api2-panel/vendor/laravel/framework/src/Illuminate/Routing/Router.php(729): Illuminate\\Routing\\Router->dispatchToRoute()
#23 /var/www/api2-panel/vendor/laravel/framework/src/Illuminate/Foundation/Http/Kernel.php(190): Illuminate\\Routing\\Router->dispatch()
#24 /var/www/api2-panel/vendor/laravel/framework/src/Illuminate/Pipeline/Pipeline.php(141): Illuminate\\Foundation\\Http\\Kernel->Illuminate\\Foundation\\Http\\{closure}()
#25 /var/www/api2-panel/vendor/sentry/sentry-laravel/src/Sentry/Laravel/Http/SetRequestIpMiddleware.php(45): Illuminate\\Pipeline\\Pipeline->Illuminate\\Pipeline\\{closure}()
#26 /var/www/api2-panel/vendor/laravel/framework/src/Illuminate/Pipeline/Pipeline.php(180): Sentry\\Laravel\\Http\\SetRequestIpMiddleware->handle()
#27 /var/www/api2-panel/vendor/sentry/sentry-laravel/src/Sentry/Laravel/Http/SetRequestMiddleware.php(30): Illuminate\\Pipeline\\Pipeline->Illuminate\\Pipeline\\{closure}()
#28 /var/www/api2-panel/vendor/laravel/framework/src/Illuminate/Pipeline/Pipeline.php(180): Sentry\\Laravel\\Http\\SetRequestMiddleware->handle()
#29 /var/www/api2-panel/vendor/laravel/framework/src/Illuminate/Foundation/Http/Middleware/TransformsRequest.php(21): Illuminate\\Pipeline\\Pipeline->Illuminate\\Pipeline\\{closure}()
#30 /var/www/api2-panel/vendor/laravel/framework/src/Illuminate/Foundation/Http/Middleware/ConvertEmptyStringsToNull.php(31): Illuminate\\Foundation\\Http\\Middleware\\TransformsRequest->handle()
#31 /var/www/api2-panel/vendor/laravel/framework/src/Illuminate/Pipeline/Pipeline.php(180): Illuminate\\Foundation\\Http\\Middleware\\ConvertEmptyStringsToNull->handle()
#32 /var/www/api2-panel/vendor/laravel/framework/src/Illuminate/Foundation/Http/Middleware/TransformsRequest.php(21): Illuminate\\Pipeline\\Pipeline->Illuminate\\Pipeline\\{closure}()
#33 /var/www/api2-panel/vendor/laravel/framework/src/Illuminate/Foundation/Http/Middleware/TrimStrings.php(40): Illuminate\\Foundation\\Http\\Middleware\\TransformsRequest->handle()
#34 /var/www/api2-panel/vendor/laravel/framework/src/Illuminate/Pipeline/Pipeline.php(180): Illuminate\\Foundation\\Http\\Middleware\\TrimStrings->handle()
#35 /var/www/api2-panel/vendor/laravel/framework/src/Illuminate/Foundation/Http/Middleware/ValidatePostSize.php(27): Illuminate\\Pipeline\\Pipeline->Illuminate\\Pipeline\\{closure}()
#36 /var/www/api2-panel/vendor/laravel/framework/src/Illuminate/Pipeline/Pipeline.php(180): Illuminate\\Foundation\\Http\\Middleware\\ValidatePostSize->handle()
#37 /var/www/api2-panel/vendor/laravel/framework/src/Illuminate/Foundation/Http/Middleware/PreventRequestsDuringMaintenance.php(86): Illuminate\\Pipeline\\Pipeline->Illuminate\\Pipeline\\{closure}()
#38 /var/www/api2-panel/vendor/laravel/framework/src/Illuminate/Pipeline/Pipeline.php(180): Illuminate\\Foundation\\Http\\Middleware\\PreventRequestsDuringMaintenance->handle()
#39 /var/www/api2-panel/vendor/laravel/framework/src/Illuminate/Http/Middleware/HandleCors.php(49): Illuminate\\Pipeline\\Pipeline->Illuminate\\Pipeline\\{closure}()
#40 /var/www/api2-panel/vendor/laravel/framework/src/Illuminate/Pipeline/Pipeline.php(180): Illuminate\\Http\\Middleware\\HandleCors->handle()
#41 /var/www/api2-panel/vendor/laravel/framework/src/Illuminate/Http/Middleware/TrustProxies.php(39): Illuminate\\Pipeline\\Pipeline->Illuminate\\Pipeline\\{closure}()
#42 /var/www/api2-panel/vendor/laravel/framework/src/Illuminate/Pipeline/Pipeline.php(180): Illuminate\\Http\\Middleware\\TrustProxies->handle()
#43 /var/www/api2-panel/vendor/sentry/sentry-laravel/src/Sentry/Laravel/Tracing/Middleware.php(77): Illuminate\\Pipeline\\Pipeline->Illuminate\\Pipeline\\{closure}()
#44 /var/www/api2-panel/vendor/laravel/framework/src/Illuminate/Pipeline/Pipeline.php(180): Sentry\\Laravel\\Tracing\\Middleware->handle()
#45 /var/www/api2-panel/vendor/laravel/framework/src/Illuminate/Pipeline/Pipeline.php(116): Illuminate\\Pipeline\\Pipeline->Illuminate\\Pipeline\\{closure}()
#46 /var/www/api2-panel/vendor/laravel/framework/src/Illuminate/Foundation/Http/Kernel.php(165): Illuminate\\Pipeline\\Pipeline->then()
#47 /var/www/api2-panel/vendor/laravel/framework/src/Illuminate/Foundation/Http/Kernel.php(134): Illuminate\\Foundation\\Http\\Kernel->sendRequestThroughRouter()
#48 /var/www/api2-panel/public/index.php(52): Illuminate\\Foundation\\Http\\Kernel->handle()
#49 {main}
"} 
[2026-01-02 13:06:45] production.ERROR: Not enough arguments (missing: "panelId"). {"exception":"[object] (Symfony\\Component\\Console\\Exception\\RuntimeException(code: 0): Not enough arguments (missing: \"panelId\"). at /var/www/api2-panel/vendor/symfony/console/Input/Input.php:76)
[stacktrace]
#0 /var/www/api2-panel/vendor/symfony/console/Command/Command.php(321): Symfony\\Component\\Console\\Input\\Input->validate()
#1 /var/www/api2-panel/vendor/laravel/framework/src/Illuminate/Console/Command.php(153): Symfony\\Component\\Console\\Command\\Command->run()
#2 /var/www/api2-panel/vendor/symfony/console/Application.php(1063): Illuminate\\Console\\Command->run()
#3 /var/www/api2-panel/vendor/symfony/console/Application.php(320): Symfony\\Component\\Console\\Application->doRunCommand()
#4 /var/www/api2-panel/vendor/symfony/console/Application.php(174): Symfony\\Component\\Console\\Application->doRun()
#5 /var/www/api2-panel/vendor/laravel/framework/src/Illuminate/Console/Application.php(102): Symfony\\Component\\Console\\Application->run()
#6 /var/www/api2-panel/vendor/laravel/framework/src/Illuminate/Foundation/Console/Kernel.php(155): Illuminate\\Console\\Application->run()
#7 /var/www/api2-panel/artisan(37): Illuminate\\Foundation\\Console\\Kernel->handle()
#8 {main}
"} 
[2026-01-02 13:07:34] production.INFO: array (
  'getUserPanels username' => NULL,
  'getUserPanels lang' => 'En',
)  
[2026-01-02 13:07:34] production.ERROR: Attempt to read property "id" on null {"exception":"[object] (ErrorException(code: 0): Attempt to read property \"id\" on null at /var/www/api2-panel/Modules/Bot/Http/Services/TelegramHandler.php:416)
[stacktrace]
#0 /var/www/api2-panel/vendor/laravel/framework/src/Illuminate/Foundation/Bootstrap/HandleExceptions.php(270): Illuminate\\Foundation\\Bootstrap\\HandleExceptions->handleError()
#1 /var/www/api2-panel/Modules/Bot/Http/Services/TelegramHandler.php(416): Illuminate\\Foundation\\Bootstrap\\HandleExceptions->Illuminate\\Foundation\\Bootstrap\\{closure}()
#2 /var/www/api2-panel/vendor/laravel/framework/src/Illuminate/Database/Eloquent/Builder.php(1312): Modules\\Bot\\Http\\Services\\TelegramHandler->Modules\\Bot\\Http\\Services\\{closure}()
#3 /var/www/api2-panel/vendor/laravel/framework/src/Illuminate/Database/Eloquent/Concerns/QueriesRelationships.php(61): Illuminate\\Database\\Eloquent\\Builder->callScope()
#4 /var/www/api2-panel/vendor/laravel/framework/src/Illuminate/Database/Eloquent/Concerns/QueriesRelationships.php(152): Illuminate\\Database\\Eloquent\\Builder->has()
#5 /var/www/api2-panel/Modules/Bot/Http/Services/TelegramHandler.php(417): Illuminate\\Database\\Eloquent\\Builder->whereHas()
#6 /var/www/api2-panel/Modules/Bot/Http/Services/TelegramHandler.php(190): Modules\\Bot\\Http\\Services\\TelegramHandler->getUserPanels()
#7 /var/www/api2-panel/vendor/defstudio/telegraph/src/Handlers/WebhookHandler.php(128): Modules\\Bot\\Http\\Services\\TelegramHandler->handleChatMessage()
#8 /var/www/api2-panel/vendor/defstudio/telegraph/src/Handlers/WebhookHandler.php(228): DefStudio\\Telegraph\\Handlers\\WebhookHandler->handleMessage()
#9 /var/www/api2-panel/vendor/defstudio/telegraph/src/Controllers/WebhookController.php(28): DefStudio\\Telegraph\\Handlers\\WebhookHandler->handle()
#10 /var/www/api2-panel/vendor/laravel/framework/src/Illuminate/Routing/ControllerDispatcher.php(46): DefStudio\\Telegraph\\Controllers\\WebhookController->handle()
#11 /var/www/api2-panel/vendor/sentry/sentry-laravel/src/Sentry/Laravel/Tracing/Routing/TracingControllerDispatcherTracing.php(21): Illuminate\\Routing\\ControllerDispatcher->dispatch()
#12 /var/www/api2-panel/vendor/sentry/sentry-laravel/src/Sentry/Laravel/Tracing/Routing/TracingRoutingDispatcher.php(31): Sentry\\Laravel\\Tracing\\Routing\\TracingControllerDispatcherTracing->Sentry\\Laravel\\Tracing\\Routing\\{closure}()
#13 /var/www/api2-panel/vendor/sentry/sentry-laravel/src/Sentry/Laravel/Tracing/Routing/TracingControllerDispatcherTracing.php(20): Sentry\\Laravel\\Tracing\\Routing\\TracingRoutingDispatcher->wrapRouteDispatch()
#14 /var/www/api2-panel/vendor/laravel/framework/src/Illuminate/Routing/Route.php(260): Sentry\\Laravel\\Tracing\\Routing\\TracingControllerDispatcherTracing->dispatch()
#15 /var/www/api2-panel/vendor/laravel/framework/src/Illuminate/Routing/Route.php(205): Illuminate\\Routing\\Route->runController()
#16 /var/www/api2-panel/vendor/laravel/framework/src/Illuminate/Routing/Router.php(798): Illuminate\\Routing\\Route->run()
#17 /var/www/api2-panel/vendor/laravel/framework/src/Illuminate/Pipeline/Pipeline.php(141): Illuminate\\Routing\\Router->Illuminate\\Routing\\{closure}()
#18 /var/www/api2-panel/vendor/laravel/framework/src/Illuminate/Pipeline/Pipeline.php(116): Illuminate\\Pipeline\\Pipeline->Illuminate\\Pipeline\\{closure}()
#19 /var/www/api2-panel/vendor/laravel/framework/src/Illuminate/Routing/Router.php(799): Illuminate\\Pipeline\\Pipeline->then()
#20 /var/www/api2-panel/vendor/laravel/framework/src/Illuminate/Routing/Router.php(776): Illuminate\\Routing\\Router->runRouteWithinStack()
#21 /var/www/api2-panel/vendor/laravel/framework/src/Illuminate/Routing/Router.php(740): Illuminate\\Routing\\Router->runRoute()
#22 /var/www/api2-panel/vendor/laravel/framework/src/Illuminate/Routing/Router.php(729): Illuminate\\Routing\\Router->dispatchToRoute()
#23 /var/www/api2-panel/vendor/laravel/framework/src/Illuminate/Foundation/Http/Kernel.php(190): Illuminate\\Routing\\Router->dispatch()
#24 /var/www/api2-panel/vendor/laravel/framework/src/Illuminate/Pipeline/Pipeline.php(141): Illuminate\\Foundation\\Http\\Kernel->Illuminate\\Foundation\\Http\\{closure}()
#25 /var/www/api2-panel/vendor/sentry/sentry-laravel/src/Sentry/Laravel/Http/SetRequestIpMiddleware.php(45): Illuminate\\Pipeline\\Pipeline->Illuminate\\Pipeline\\{closure}()
#26 /var/www/api2-panel/vendor/laravel/framework/src/Illuminate/Pipeline/Pipeline.php(180): Sentry\\Laravel\\Http\\SetRequestIpMiddleware->handle()
#27 /var/www/api2-panel/vendor/sentry/sentry-laravel/src/Sentry/Laravel/Http/SetRequestMiddleware.php(30): Illuminate\\Pipeline\\Pipeline->Illuminate\\Pipeline\\{closure}()
#28 /var/www/api2-panel/vendor/laravel/framework/src/Illuminate/Pipeline/Pipeline.php(180): Sentry\\Laravel\\Http\\SetRequestMiddleware->handle()
#29 /var/www/api2-panel/vendor/laravel/framework/src/Illuminate/Foundation/Http/Middleware/TransformsRequest.php(21): Illuminate\\Pipeline\\Pipeline->Illuminate\\Pipeline\\{closure}()
#30 /var/www/api2-panel/vendor/laravel/framework/src/Illuminate/Foundation/Http/Middleware/ConvertEmptyStringsToNull.php(31): Illuminate\\Foundation\\Http\\Middleware\\TransformsRequest->handle()
#31 /var/www/api2-panel/vendor/laravel/framework/src/Illuminate/Pipeline/Pipeline.php(180): Illuminate\\Foundation\\Http\\Middleware\\ConvertEmptyStringsToNull->handle()
#32 /var/www/api2-panel/vendor/laravel/framework/src/Illuminate/Foundation/Http/Middleware/TransformsRequest.php(21): Illuminate\\Pipeline\\Pipeline->Illuminate\\Pipeline\\{closure}()
#33 /var/www/api2-panel/vendor/laravel/framework/src/Illuminate/Foundation/Http/Middleware/TrimStrings.php(40): Illuminate\\Foundation\\Http\\Middleware\\TransformsRequest->handle()
#34 /var/www/api2-panel/vendor/laravel/framework/src/Illuminate/Pipeline/Pipeline.php(180): Illuminate\\Foundation\\Http\\Middleware\\TrimStrings->handle()
#35 /var/www/api2-panel/vendor/laravel/framework/src/Illuminate/Foundation/Http/Middleware/ValidatePostSize.php(27): Illuminate\\Pipeline\\Pipeline->Illuminate\\Pipeline\\{closure}()
#36 /var/www/api2-panel/vendor/laravel/framework/src/Illuminate/Pipeline/Pipeline.php(180): Illuminate\\Foundation\\Http\\Middleware\\ValidatePostSize->handle()
#37 /var/www/api2-panel/vendor/laravel/framework/src/Illuminate/Foundation/Http/Middleware/PreventRequestsDuringMaintenance.php(86): Illuminate\\Pipeline\\Pipeline->Illuminate\\Pipeline\\{closure}()
#38 /var/www/api2-panel/vendor/laravel/framework/src/Illuminate/Pipeline/Pipeline.php(180): Illuminate\\Foundation\\Http\\Middleware\\PreventRequestsDuringMaintenance->handle()
#39 /var/www/api2-panel/vendor/laravel/framework/src/Illuminate/Http/Middleware/HandleCors.php(49): Illuminate\\Pipeline\\Pipeline->Illuminate\\Pipeline\\{closure}()
#40 /var/www/api2-panel/vendor/laravel/framework/src/Illuminate/Pipeline/Pipeline.php(180): Illuminate\\Http\\Middleware\\HandleCors->handle()
#41 /var/www/api2-panel/vendor/laravel/framework/src/Illuminate/Http/Middleware/TrustProxies.php(39): Illuminate\\Pipeline\\Pipeline->Illuminate\\Pipeline\\{closure}()
#42 /var/www/api2-panel/vendor/laravel/framework/src/Illuminate/Pipeline/Pipeline.php(180): Illuminate\\Http\\Middleware\\TrustProxies->handle()
#43 /var/www/api2-panel/vendor/sentry/sentry-laravel/src/Sentry/Laravel/Tracing/Middleware.php(77): Illuminate\\Pipeline\\Pipeline->Illuminate\\Pipeline\\{closure}()
#44 /var/www/api2-panel/vendor/laravel/framework/src/Illuminate/Pipeline/Pipeline.php(180): Sentry\\Laravel\\Tracing\\Middleware->handle()
#45 /var/www/api2-panel/vendor/laravel/framework/src/Illuminate/Pipeline/Pipeline.php(116): Illuminate\\Pipeline\\Pipeline->Illuminate\\Pipeline\\{closure}()
#46 /var/www/api2-panel/vendor/laravel/framework/src/Illuminate/Foundation/Http/Kernel.php(165): Illuminate\\Pipeline\\Pipeline->then()
#47 /var/www/api2-panel/vendor/laravel/framework/src/Illuminate/Foundation/Http/Kernel.php(134): Illuminate\\Foundation\\Http\\Kernel->sendRequestThroughRouter()
#48 /var/www/api2-panel/public/index.php(52): Illuminate\\Foundation\\Http\\Kernel->handle()
#49 {main}
"} 
[2026-01-02 13:08:06] production.ERROR: Not enough arguments (missing: "panelId"). {"exception":"[object] (Symfony\\Component\\Console\\Exception\\RuntimeException(code: 0): Not enough arguments (missing: \"panelId\"). at /var/www/api2-panel/vendor/symfony/console/Input/Input.php:76)
[stacktrace]
#0 /var/www/api2-panel/vendor/symfony/console/Command/Command.php(321): Symfony\\Component\\Console\\Input\\Input->validate()
#1 /var/www/api2-panel/vendor/laravel/framework/src/Illuminate/Console/Command.php(153): Symfony\\Component\\Console\\Command\\Command->run()
#2 /var/www/api2-panel/vendor/symfony/console/Application.php(1063): Illuminate\\Console\\Command->run()
#3 /var/www/api2-panel/vendor/symfony/console/Application.php(320): Symfony\\Component\\Console\\Application->doRunCommand()
#4 /var/www/api2-panel/vendor/symfony/console/Application.php(174): Symfony\\Component\\Console\\Application->doRun()
#5 /var/www/api2-panel/vendor/laravel/framework/src/Illuminate/Console/Application.php(102): Symfony\\Component\\Console\\Application->run()
#6 /var/www/api2-panel/vendor/laravel/framework/src/Illuminate/Foundation/Console/Kernel.php(155): Illuminate\\Console\\Application->run()
#7 /var/www/api2-panel/artisan(37): Illuminate\\Foundation\\Console\\Kernel->handle()
#8 {main}
"} 
[2026-01-02 13:09:13] production.INFO: array (
  'getUserPanels username' => NULL,
  'getUserPanels lang' => 'En',
)  
[2026-01-02 13:09:13] production.ERROR: Attempt to read property "id" on null {"exception":"[object] (ErrorException(code: 0): Attempt to read property \"id\" on null at /var/www/api2-panel/Modules/Bot/Http/Services/TelegramHandler.php:416)
[stacktrace]
#0 /var/www/api2-panel/vendor/laravel/framework/src/Illuminate/Foundation/Bootstrap/HandleExceptions.php(270): Illuminate\\Foundation\\Bootstrap\\HandleExceptions->handleError()
#1 /var/www/api2-panel/Modules/Bot/Http/Services/TelegramHandler.php(416): Illuminate\\Foundation\\Bootstrap\\HandleExceptions->Illuminate\\Foundation\\Bootstrap\\{closure}()
#2 /var/www/api2-panel/vendor/laravel/framework/src/Illuminate/Database/Eloquent/Builder.php(1312): Modules\\Bot\\Http\\Services\\TelegramHandler->Modules\\Bot\\Http\\Services\\{closure}()
#3 /var/www/api2-panel/vendor/laravel/framework/src/Illuminate/Database/Eloquent/Concerns/QueriesRelationships.php(61): Illuminate\\Database\\Eloquent\\Builder->callScope()
#4 /var/www/api2-panel/vendor/laravel/framework/src/Illuminate/Database/Eloquent/Concerns/QueriesRelationships.php(152): Illuminate\\Database\\Eloquent\\Builder->has()
#5 /var/www/api2-panel/Modules/Bot/Http/Services/TelegramHandler.php(417): Illuminate\\Database\\Eloquent\\Builder->whereHas()
#6 /var/www/api2-panel/Modules/Bot/Http/Services/TelegramHandler.php(190): Modules\\Bot\\Http\\Services\\TelegramHandler->getUserPanels()
#7 /var/www/api2-panel/vendor/defstudio/telegraph/src/Handlers/WebhookHandler.php(128): Modules\\Bot\\Http\\Services\\TelegramHandler->handleChatMessage()
#8 /var/www/api2-panel/vendor/defstudio/telegraph/src/Handlers/WebhookHandler.php(228): DefStudio\\Telegraph\\Handlers\\WebhookHandler->handleMessage()
#9 /var/www/api2-panel/vendor/defstudio/telegraph/src/Controllers/WebhookController.php(28): DefStudio\\Telegraph\\Handlers\\WebhookHandler->handle()
#10 /var/www/api2-panel/vendor/laravel/framework/src/Illuminate/Routing/ControllerDispatcher.php(46): DefStudio\\Telegraph\\Controllers\\WebhookController->handle()
#11 /var/www/api2-panel/vendor/sentry/sentry-laravel/src/Sentry/Laravel/Tracing/Routing/TracingControllerDispatcherTracing.php(21): Illuminate\\Routing\\ControllerDispatcher->dispatch()
#12 /var/www/api2-panel/vendor/sentry/sentry-laravel/src/Sentry/Laravel/Tracing/Routing/TracingRoutingDispatcher.php(31): Sentry\\Laravel\\Tracing\\Routing\\TracingControllerDispatcherTracing->Sentry\\Laravel\\Tracing\\Routing\\{closure}()
#13 /var/www/api2-panel/vendor/sentry/sentry-laravel/src/Sentry/Laravel/Tracing/Routing/TracingControllerDispatcherTracing.php(20): Sentry\\Laravel\\Tracing\\Routing\\TracingRoutingDispatcher->wrapRouteDispatch()
#14 /var/www/api2-panel/vendor/laravel/framework/src/Illuminate/Routing/Route.php(260): Sentry\\Laravel\\Tracing\\Routing\\TracingControllerDispatcherTracing->dispatch()
#15 /var/www/api2-panel/vendor/laravel/framework/src/Illuminate/Routing/Route.php(205): Illuminate\\Routing\\Route->runController()
#16 /var/www/api2-panel/vendor/laravel/framework/src/Illuminate/Routing/Router.php(798): Illuminate\\Routing\\Route->run()
#17 /var/www/api2-panel/vendor/laravel/framework/src/Illuminate/Pipeline/Pipeline.php(141): Illuminate\\Routing\\Router->Illuminate\\Routing\\{closure}()
#18 /var/www/api2-panel/vendor/laravel/framework/src/Illuminate/Pipeline/Pipeline.php(116): Illuminate\\Pipeline\\Pipeline->Illuminate\\Pipeline\\{closure}()
#19 /var/www/api2-panel/vendor/laravel/framework/src/Illuminate/Routing/Router.php(799): Illuminate\\Pipeline\\Pipeline->then()
#20 /var/www/api2-panel/vendor/laravel/framework/src/Illuminate/Routing/Router.php(776): Illuminate\\Routing\\Router->runRouteWithinStack()
#21 /var/www/api2-panel/vendor/laravel/framework/src/Illuminate/Routing/Router.php(740): Illuminate\\Routing\\Router->runRoute()
#22 /var/www/api2-panel/vendor/laravel/framework/src/Illuminate/Routing/Router.php(729): Illuminate\\Routing\\Router->dispatchToRoute()
#23 /var/www/api2-panel/vendor/laravel/framework/src/Illuminate/Foundation/Http/Kernel.php(190): Illuminate\\Routing\\Router->dispatch()
#24 /var/www/api2-panel/vendor/laravel/framework/src/Illuminate/Pipeline/Pipeline.php(141): Illuminate\\Foundation\\Http\\Kernel->Illuminate\\Foundation\\Http\\{closure}()
#25 /var/www/api2-panel/vendor/sentry/sentry-laravel/src/Sentry/Laravel/Http/SetRequestIpMiddleware.php(45): Illuminate\\Pipeline\\Pipeline->Illuminate\\Pipeline\\{closure}()
#26 /var/www/api2-panel/vendor/laravel/framework/src/Illuminate/Pipeline/Pipeline.php(180): Sentry\\Laravel\\Http\\SetRequestIpMiddleware->handle()
#27 /var/www/api2-panel/vendor/sentry/sentry-laravel/src/Sentry/Laravel/Http/SetRequestMiddleware.php(30): Illuminate\\Pipeline\\Pipeline->Illuminate\\Pipeline\\{closure}()
#28 /var/www/api2-panel/vendor/laravel/framework/src/Illuminate/Pipeline/Pipeline.php(180): Sentry\\Laravel\\Http\\SetRequestMiddleware->handle()
#29 /var/www/api2-panel/vendor/laravel/framework/src/Illuminate/Foundation/Http/Middleware/TransformsRequest.php(21): Illuminate\\Pipeline\\Pipeline->Illuminate\\Pipeline\\{closure}()
#30 /var/www/api2-panel/vendor/laravel/framework/src/Illuminate/Foundation/Http/Middleware/ConvertEmptyStringsToNull.php(31): Illuminate\\Foundation\\Http\\Middleware\\TransformsRequest->handle()
#31 /var/www/api2-panel/vendor/laravel/framework/src/Illuminate/Pipeline/Pipeline.php(180): Illuminate\\Foundation\\Http\\Middleware\\ConvertEmptyStringsToNull->handle()
#32 /var/www/api2-panel/vendor/laravel/framework/src/Illuminate/Foundation/Http/Middleware/TransformsRequest.php(21): Illuminate\\Pipeline\\Pipeline->Illuminate\\Pipeline\\{closure}()
#33 /var/www/api2-panel/vendor/laravel/framework/src/Illuminate/Foundation/Http/Middleware/TrimStrings.php(40): Illuminate\\Foundation\\Http\\Middleware\\TransformsRequest->handle()
#34 /var/www/api2-panel/vendor/laravel/framework/src/Illuminate/Pipeline/Pipeline.php(180): Illuminate\\Foundation\\Http\\Middleware\\TrimStrings->handle()
#35 /var/www/api2-panel/vendor/laravel/framework/src/Illuminate/Foundation/Http/Middleware/ValidatePostSize.php(27): Illuminate\\Pipeline\\Pipeline->Illuminate\\Pipeline\\{closure}()
#36 /var/www/api2-panel/vendor/laravel/framework/src/Illuminate/Pipeline/Pipeline.php(180): Illuminate\\Foundation\\Http\\Middleware\\ValidatePostSize->handle()
#37 /var/www/api2-panel/vendor/laravel/framework/src/Illuminate/Foundation/Http/Middleware/PreventRequestsDuringMaintenance.php(86): Illuminate\\Pipeline\\Pipeline->Illuminate\\Pipeline\\{closure}()
#38 /var/www/api2-panel/vendor/laravel/framework/src/Illuminate/Pipeline/Pipeline.php(180): Illuminate\\Foundation\\Http\\Middleware\\PreventRequestsDuringMaintenance->handle()
#39 /var/www/api2-panel/vendor/laravel/framework/src/Illuminate/Http/Middleware/HandleCors.php(49): Illuminate\\Pipeline\\Pipeline->Illuminate\\Pipeline\\{closure}()
#40 /var/www/api2-panel/vendor/laravel/framework/src/Illuminate/Pipeline/Pipeline.php(180): Illuminate\\Http\\Middleware\\HandleCors->handle()
#41 /var/www/api2-panel/vendor/laravel/framework/src/Illuminate/Http/Middleware/TrustProxies.php(39): Illuminate\\Pipeline\\Pipeline->Illuminate\\Pipeline\\{closure}()
#42 /var/www/api2-panel/vendor/laravel/framework/src/Illuminate/Pipeline/Pipeline.php(180): Illuminate\\Http\\Middleware\\TrustProxies->handle()
#43 /var/www/api2-panel/vendor/sentry/sentry-laravel/src/Sentry/Laravel/Tracing/Middleware.php(77): Illuminate\\Pipeline\\Pipeline->Illuminate\\Pipeline\\{closure}()
#44 /var/www/api2-panel/vendor/laravel/framework/src/Illuminate/Pipeline/Pipeline.php(180): Sentry\\Laravel\\Tracing\\Middleware->handle()
#45 /var/www/api2-panel/vendor/laravel/framework/src/Illuminate/Pipeline/Pipeline.php(116): Illuminate\\Pipeline\\Pipeline->Illuminate\\Pipeline\\{closure}()
#46 /var/www/api2-panel/vendor/laravel/framework/src/Illuminate/Foundation/Http/Kernel.php(165): Illuminate\\Pipeline\\Pipeline->then()
#47 /var/www/api2-panel/vendor/laravel/framework/src/Illuminate/Foundation/Http/Kernel.php(134): Illuminate\\Foundation\\Http\\Kernel->sendRequestThroughRouter()
#48 /var/www/api2-panel/public/index.php(52): Illuminate\\Foundation\\Http\\Kernel->handle()
#49 {main}
"} 
[2026-01-02 13:11:07] production.INFO: array (
  'getUserPanels username' => NULL,
  'getUserPanels lang' => 'En',
)  
[2026-01-02 13:11:07] production.ERROR: Attempt to read property "id" on null {"exception":"[object] (ErrorException(code: 0): Attempt to read property \"id\" on null at /var/www/api2-panel/Modules/Bot/Http/Services/TelegramHandler.php:416)
[stacktrace]
#0 /var/www/api2-panel/vendor/laravel/framework/src/Illuminate/Foundation/Bootstrap/HandleExceptions.php(270): Illuminate\\Foundation\\Bootstrap\\HandleExceptions->handleError()
#1 /var/www/api2-panel/Modules/Bot/Http/Services/TelegramHandler.php(416): Illuminate\\Foundation\\Bootstrap\\HandleExceptions->Illuminate\\Foundation\\Bootstrap\\{closure}()
#2 /var/www/api2-panel/vendor/laravel/framework/src/Illuminate/Database/Eloquent/Builder.php(1312): Modules\\Bot\\Http\\Services\\TelegramHandler->Modules\\Bot\\Http\\Services\\{closure}()
#3 /var/www/api2-panel/vendor/laravel/framework/src/Illuminate/Database/Eloquent/Concerns/QueriesRelationships.php(61): Illuminate\\Database\\Eloquent\\Builder->callScope()
#4 /var/www/api2-panel/vendor/laravel/framework/src/Illuminate/Database/Eloquent/Concerns/QueriesRelationships.php(152): Illuminate\\Database\\Eloquent\\Builder->has()
#5 /var/www/api2-panel/Modules/Bot/Http/Services/TelegramHandler.php(417): Illuminate\\Database\\Eloquent\\Builder->whereHas()
#6 /var/www/api2-panel/Modules/Bot/Http/Services/TelegramHandler.php(190): Modules\\Bot\\Http\\Services\\TelegramHandler->getUserPanels()
#7 /var/www/api2-panel/vendor/defstudio/telegraph/src/Handlers/WebhookHandler.php(128): Modules\\Bot\\Http\\Services\\TelegramHandler->handleChatMessage()
#8 /var/www/api2-panel/vendor/defstudio/telegraph/src/Handlers/WebhookHandler.php(228): DefStudio\\Telegraph\\Handlers\\WebhookHandler->handleMessage()
#9 /var/www/api2-panel/vendor/defstudio/telegraph/src/Controllers/WebhookController.php(28): DefStudio\\Telegraph\\Handlers\\WebhookHandler->handle()
#10 /var/www/api2-panel/vendor/laravel/framework/src/Illuminate/Routing/ControllerDispatcher.php(46): DefStudio\\Telegraph\\Controllers\\WebhookController->handle()
#11 /var/www/api2-panel/vendor/sentry/sentry-laravel/src/Sentry/Laravel/Tracing/Routing/TracingControllerDispatcherTracing.php(21): Illuminate\\Routing\\ControllerDispatcher->dispatch()
#12 /var/www/api2-panel/vendor/sentry/sentry-laravel/src/Sentry/Laravel/Tracing/Routing/TracingRoutingDispatcher.php(31): Sentry\\Laravel\\Tracing\\Routing\\TracingControllerDispatcherTracing->Sentry\\Laravel\\Tracing\\Routing\\{closure}()
#13 /var/www/api2-panel/vendor/sentry/sentry-laravel/src/Sentry/Laravel/Tracing/Routing/TracingControllerDispatcherTracing.php(20): Sentry\\Laravel\\Tracing\\Routing\\TracingRoutingDispatcher->wrapRouteDispatch()
#14 /var/www/api2-panel/vendor/laravel/framework/src/Illuminate/Routing/Route.php(260): Sentry\\Laravel\\Tracing\\Routing\\TracingControllerDispatcherTracing->dispatch()
#15 /var/www/api2-panel/vendor/laravel/framework/src/Illuminate/Routing/Route.php(205): Illuminate\\Routing\\Route->runController()
#16 /var/www/api2-panel/vendor/laravel/framework/src/Illuminate/Routing/Router.php(798): Illuminate\\Routing\\Route->run()
#17 /var/www/api2-panel/vendor/laravel/framework/src/Illuminate/Pipeline/Pipeline.php(141): Illuminate\\Routing\\Router->Illuminate\\Routing\\{closure}()
#18 /var/www/api2-panel/vendor/laravel/framework/src/Illuminate/Pipeline/Pipeline.php(116): Illuminate\\Pipeline\\Pipeline->Illuminate\\Pipeline\\{closure}()
#19 /var/www/api2-panel/vendor/laravel/framework/src/Illuminate/Routing/Router.php(799): Illuminate\\Pipeline\\Pipeline->then()
#20 /var/www/api2-panel/vendor/laravel/framework/src/Illuminate/Routing/Router.php(776): Illuminate\\Routing\\Router->runRouteWithinStack()
#21 /var/www/api2-panel/vendor/laravel/framework/src/Illuminate/Routing/Router.php(740): Illuminate\\Routing\\Router->runRoute()
#22 /var/www/api2-panel/vendor/laravel/framework/src/Illuminate/Routing/Router.php(729): Illuminate\\Routing\\Router->dispatchToRoute()
#23 /var/www/api2-panel/vendor/laravel/framework/src/Illuminate/Foundation/Http/Kernel.php(190): Illuminate\\Routing\\Router->dispatch()
#24 /var/www/api2-panel/vendor/laravel/framework/src/Illuminate/Pipeline/Pipeline.php(141): Illuminate\\Foundation\\Http\\Kernel->Illuminate\\Foundation\\Http\\{closure}()
#25 /var/www/api2-panel/vendor/sentry/sentry-laravel/src/Sentry/Laravel/Http/SetRequestIpMiddleware.php(45): Illuminate\\Pipeline\\Pipeline->Illuminate\\Pipeline\\{closure}()
#26 /var/www/api2-panel/vendor/laravel/framework/src/Illuminate/Pipeline/Pipeline.php(180): Sentry\\Laravel\\Http\\SetRequestIpMiddleware->handle()
#27 /var/www/api2-panel/vendor/sentry/sentry-laravel/src/Sentry/Laravel/Http/SetRequestMiddleware.php(30): Illuminate\\Pipeline\\Pipeline->Illuminate\\Pipeline\\{closure}()
#28 /var/www/api2-panel/vendor/laravel/framework/src/Illuminate/Pipeline/Pipeline.php(180): Sentry\\Laravel\\Http\\SetRequestMiddleware->handle()
#29 /var/www/api2-panel/vendor/laravel/framework/src/Illuminate/Foundation/Http/Middleware/TransformsRequest.php(21): Illuminate\\Pipeline\\Pipeline->Illuminate\\Pipeline\\{closure}()
#30 /var/www/api2-panel/vendor/laravel/framework/src/Illuminate/Foundation/Http/Middleware/ConvertEmptyStringsToNull.php(31): Illuminate\\Foundation\\Http\\Middleware\\TransformsRequest->handle()
#31 /var/www/api2-panel/vendor/laravel/framework/src/Illuminate/Pipeline/Pipeline.php(180): Illuminate\\Foundation\\Http\\Middleware\\ConvertEmptyStringsToNull->handle()
#32 /var/www/api2-panel/vendor/laravel/framework/src/Illuminate/Foundation/Http/Middleware/TransformsRequest.php(21): Illuminate\\Pipeline\\Pipeline->Illuminate\\Pipeline\\{closure}()
#33 /var/www/api2-panel/vendor/laravel/framework/src/Illuminate/Foundation/Http/Middleware/TrimStrings.php(40): Illuminate\\Foundation\\Http\\Middleware\\TransformsRequest->handle()
#34 /var/www/api2-panel/vendor/laravel/framework/src/Illuminate/Pipeline/Pipeline.php(180): Illuminate\\Foundation\\Http\\Middleware\\TrimStrings->handle()
#35 /var/www/api2-panel/vendor/laravel/framework/src/Illuminate/Foundation/Http/Middleware/ValidatePostSize.php(27): Illuminate\\Pipeline\\Pipeline->Illuminate\\Pipeline\\{closure}()
#36 /var/www/api2-panel/vendor/laravel/framework/src/Illuminate/Pipeline/Pipeline.php(180): Illuminate\\Foundation\\Http\\Middleware\\ValidatePostSize->handle()
#37 /var/www/api2-panel/vendor/laravel/framework/src/Illuminate/Foundation/Http/Middleware/PreventRequestsDuringMaintenance.php(86): Illuminate\\Pipeline\\Pipeline->Illuminate\\Pipeline\\{closure}()
#38 /var/www/api2-panel/vendor/laravel/framework/src/Illuminate/Pipeline/Pipeline.php(180): Illuminate\\Foundation\\Http\\Middleware\\PreventRequestsDuringMaintenance->handle()
#39 /var/www/api2-panel/vendor/laravel/framework/src/Illuminate/Http/Middleware/HandleCors.php(49): Illuminate\\Pipeline\\Pipeline->Illuminate\\Pipeline\\{closure}()
#40 /var/www/api2-panel/vendor/laravel/framework/src/Illuminate/Pipeline/Pipeline.php(180): Illuminate\\Http\\Middleware\\HandleCors->handle()
#41 /var/www/api2-panel/vendor/laravel/framework/src/Illuminate/Http/Middleware/TrustProxies.php(39): Illuminate\\Pipeline\\Pipeline->Illuminate\\Pipeline\\{closure}()
#42 /var/www/api2-panel/vendor/laravel/framework/src/Illuminate/Pipeline/Pipeline.php(180): Illuminate\\Http\\Middleware\\TrustProxies->handle()
#43 /var/www/api2-panel/vendor/sentry/sentry-laravel/src/Sentry/Laravel/Tracing/Middleware.php(77): Illuminate\\Pipeline\\Pipeline->Illuminate\\Pipeline\\{closure}()
#44 /var/www/api2-panel/vendor/laravel/framework/src/Illuminate/Pipeline/Pipeline.php(180): Sentry\\Laravel\\Tracing\\Middleware->handle()
#45 /var/www/api2-panel/vendor/laravel/framework/src/Illuminate/Pipeline/Pipeline.php(116): Illuminate\\Pipeline\\Pipeline->Illuminate\\Pipeline\\{closure}()
#46 /var/www/api2-panel/vendor/laravel/framework/src/Illuminate/Foundation/Http/Kernel.php(165): Illuminate\\Pipeline\\Pipeline->then()
#47 /var/www/api2-panel/vendor/laravel/framework/src/Illuminate/Foundation/Http/Kernel.php(134): Illuminate\\Foundation\\Http\\Kernel->sendRequestThroughRouter()
#48 /var/www/api2-panel/public/index.php(52): Illuminate\\Foundation\\Http\\Kernel->handle()
#49 {main}
"} 
[2026-01-02 13:11:52] production.INFO: array (
  'status' => 500,
  'error' => NULL,
)  
[2026-01-02 13:11:55] production.INFO: array (
  'status' => 500,
  'error' => NULL,
)  
[2026-01-02 13:11:58] production.INFO: array (
  'status' => 500,
  'error' => NULL,
)  
[2026-01-02 13:12:00] production.INFO: array (
  'status' => 500,
  'error' => NULL,
)  
[2026-01-02 13:12:42] production.INFO: array (
  'status' => 500,
  'error' => NULL,
)  
[2026-01-02 13:12:55] production.INFO: array (
  'getUserPanels username' => NULL,
  'getUserPanels lang' => 'En',
)  
[2026-01-02 13:12:55] production.ERROR: Attempt to read property "id" on null {"exception":"[object] (ErrorException(code: 0): Attempt to read property \"id\" on null at /var/www/api2-panel/Modules/Bot/Http/Services/TelegramHandler.php:416)
[stacktrace]
#0 /var/www/api2-panel/vendor/laravel/framework/src/Illuminate/Foundation/Bootstrap/HandleExceptions.php(270): Illuminate\\Foundation\\Bootstrap\\HandleExceptions->handleError()
#1 /var/www/api2-panel/Modules/Bot/Http/Services/TelegramHandler.php(416): Illuminate\\Foundation\\Bootstrap\\HandleExceptions->Illuminate\\Foundation\\Bootstrap\\{closure}()
#2 /var/www/api2-panel/vendor/laravel/framework/src/Illuminate/Database/Eloquent/Builder.php(1312): Modules\\Bot\\Http\\Services\\TelegramHandler->Modules\\Bot\\Http\\Services\\{closure}()
#3 /var/www/api2-panel/vendor/laravel/framework/src/Illuminate/Database/Eloquent/Concerns/QueriesRelationships.php(61): Illuminate\\Database\\Eloquent\\Builder->callScope()
#4 /var/www/api2-panel/vendor/laravel/framework/src/Illuminate/Database/Eloquent/Concerns/QueriesRelationships.php(152): Illuminate\\Database\\Eloquent\\Builder->has()
#5 /var/www/api2-panel/Modules/Bot/Http/Services/TelegramHandler.php(417): Illuminate\\Database\\Eloquent\\Builder->whereHas()
#6 /var/www/api2-panel/Modules/Bot/Http/Services/TelegramHandler.php(190): Modules\\Bot\\Http\\Services\\TelegramHandler->getUserPanels()
#7 /var/www/api2-panel/vendor/defstudio/telegraph/src/Handlers/WebhookHandler.php(128): Modules\\Bot\\Http\\Services\\TelegramHandler->handleChatMessage()
#8 /var/www/api2-panel/vendor/defstudio/telegraph/src/Handlers/WebhookHandler.php(228): DefStudio\\Telegraph\\Handlers\\WebhookHandler->handleMessage()
#9 /var/www/api2-panel/vendor/defstudio/telegraph/src/Controllers/WebhookController.php(28): DefStudio\\Telegraph\\Handlers\\WebhookHandler->handle()
#10 /var/www/api2-panel/vendor/laravel/framework/src/Illuminate/Routing/ControllerDispatcher.php(46): DefStudio\\Telegraph\\Controllers\\WebhookController->handle()
#11 /var/www/api2-panel/vendor/sentry/sentry-laravel/src/Sentry/Laravel/Tracing/Routing/TracingControllerDispatcherTracing.php(21): Illuminate\\Routing\\ControllerDispatcher->dispatch()
#12 /var/www/api2-panel/vendor/sentry/sentry-laravel/src/Sentry/Laravel/Tracing/Routing/TracingRoutingDispatcher.php(31): Sentry\\Laravel\\Tracing\\Routing\\TracingControllerDispatcherTracing->Sentry\\Laravel\\Tracing\\Routing\\{closure}()
#13 /var/www/api2-panel/vendor/sentry/sentry-laravel/src/Sentry/Laravel/Tracing/Routing/TracingControllerDispatcherTracing.php(20): Sentry\\Laravel\\Tracing\\Routing\\TracingRoutingDispatcher->wrapRouteDispatch()
#14 /var/www/api2-panel/vendor/laravel/framework/src/Illuminate/Routing/Route.php(260): Sentry\\Laravel\\Tracing\\Routing\\TracingControllerDispatcherTracing->dispatch()
#15 /var/www/api2-panel/vendor/laravel/framework/src/Illuminate/Routing/Route.php(205): Illuminate\\Routing\\Route->runController()
#16 /var/www/api2-panel/vendor/laravel/framework/src/Illuminate/Routing/Router.php(798): Illuminate\\Routing\\Route->run()
#17 /var/www/api2-panel/vendor/laravel/framework/src/Illuminate/Pipeline/Pipeline.php(141): Illuminate\\Routing\\Router->Illuminate\\Routing\\{closure}()
#18 /var/www/api2-panel/vendor/laravel/framework/src/Illuminate/Pipeline/Pipeline.php(116): Illuminate\\Pipeline\\Pipeline->Illuminate\\Pipeline\\{closure}()
#19 /var/www/api2-panel/vendor/laravel/framework/src/Illuminate/Routing/Router.php(799): Illuminate\\Pipeline\\Pipeline->then()
#20 /var/www/api2-panel/vendor/laravel/framework/src/Illuminate/Routing/Router.php(776): Illuminate\\Routing\\Router->runRouteWithinStack()
#21 /var/www/api2-panel/vendor/laravel/framework/src/Illuminate/Routing/Router.php(740): Illuminate\\Routing\\Router->runRoute()
#22 /var/www/api2-panel/vendor/laravel/framework/src/Illuminate/Routing/Router.php(729): Illuminate\\Routing\\Router->dispatchToRoute()
#23 /var/www/api2-panel/vendor/laravel/framework/src/Illuminate/Foundation/Http/Kernel.php(190): Illuminate\\Routing\\Router->dispatch()
#24 /var/www/api2-panel/vendor/laravel/framework/src/Illuminate/Pipeline/Pipeline.php(141): Illuminate\\Foundation\\Http\\Kernel->Illuminate\\Foundation\\Http\\{closure}()
#25 /var/www/api2-panel/vendor/sentry/sentry-laravel/src/Sentry/Laravel/Http/SetRequestIpMiddleware.php(45): Illuminate\\Pipeline\\Pipeline->Illuminate\\Pipeline\\{closure}()
#26 /var/www/api2-panel/vendor/laravel/framework/src/Illuminate/Pipeline/Pipeline.php(180): Sentry\\Laravel\\Http\\SetRequestIpMiddleware->handle()
#27 /var/www/api2-panel/vendor/sentry/sentry-laravel/src/Sentry/Laravel/Http/SetRequestMiddleware.php(30): Illuminate\\Pipeline\\Pipeline->Illuminate\\Pipeline\\{closure}()
#28 /var/www/api2-panel/vendor/laravel/framework/src/Illuminate/Pipeline/Pipeline.php(180): Sentry\\Laravel\\Http\\SetRequestMiddleware->handle()
#29 /var/www/api2-panel/vendor/laravel/framework/src/Illuminate/Foundation/Http/Middleware/TransformsRequest.php(21): Illuminate\\Pipeline\\Pipeline->Illuminate\\Pipeline\\{closure}()
#30 /var/www/api2-panel/vendor/laravel/framework/src/Illuminate/Foundation/Http/Middleware/ConvertEmptyStringsToNull.php(31): Illuminate\\Foundation\\Http\\Middleware\\TransformsRequest->handle()
#31 /var/www/api2-panel/vendor/laravel/framework/src/Illuminate/Pipeline/Pipeline.php(180): Illuminate\\Foundation\\Http\\Middleware\\ConvertEmptyStringsToNull->handle()
#32 /var/www/api2-panel/vendor/laravel/framework/src/Illuminate/Foundation/Http/Middleware/TransformsRequest.php(21): Illuminate\\Pipeline\\Pipeline->Illuminate\\Pipeline\\{closure}()
#33 /var/www/api2-panel/vendor/laravel/framework/src/Illuminate/Foundation/Http/Middleware/TrimStrings.php(40): Illuminate\\Foundation\\Http\\Middleware\\TransformsRequest->handle()
#34 /var/www/api2-panel/vendor/laravel/framework/src/Illuminate/Pipeline/Pipeline.php(180): Illuminate\\Foundation\\Http\\Middleware\\TrimStrings->handle()
#35 /var/www/api2-panel/vendor/laravel/framework/src/Illuminate/Foundation/Http/Middleware/ValidatePostSize.php(27): Illuminate\\Pipeline\\Pipeline->Illuminate\\Pipeline\\{closure}()
#36 /var/www/api2-panel/vendor/laravel/framework/src/Illuminate/Pipeline/Pipeline.php(180): Illuminate\\Foundation\\Http\\Middleware\\ValidatePostSize->handle()
#37 /var/www/api2-panel/vendor/laravel/framework/src/Illuminate/Foundation/Http/Middleware/PreventRequestsDuringMaintenance.php(86): Illuminate\\Pipeline\\Pipeline->Illuminate\\Pipeline\\{closure}()
#38 /var/www/api2-panel/vendor/laravel/framework/src/Illuminate/Pipeline/Pipeline.php(180): Illuminate\\Foundation\\Http\\Middleware\\PreventRequestsDuringMaintenance->handle()
#39 /var/www/api2-panel/vendor/laravel/framework/src/Illuminate/Http/Middleware/HandleCors.php(49): Illuminate\\Pipeline\\Pipeline->Illuminate\\Pipeline\\{closure}()
#40 /var/www/api2-panel/vendor/laravel/framework/src/Illuminate/Pipeline/Pipeline.php(180): Illuminate\\Http\\Middleware\\HandleCors->handle()
#41 /var/www/api2-panel/vendor/laravel/framework/src/Illuminate/Http/Middleware/TrustProxies.php(39): Illuminate\\Pipeline\\Pipeline->Illuminate\\Pipeline\\{closure}()
#42 /var/www/api2-panel/vendor/laravel/framework/src/Illuminate/Pipeline/Pipeline.php(180): Illuminate\\Http\\Middleware\\TrustProxies->handle()
#43 /var/www/api2-panel/vendor/sentry/sentry-laravel/src/Sentry/Laravel/Tracing/Middleware.php(77): Illuminate\\Pipeline\\Pipeline->Illuminate\\Pipeline\\{closure}()
#44 /var/www/api2-panel/vendor/laravel/framework/src/Illuminate/Pipeline/Pipeline.php(180): Sentry\\Laravel\\Tracing\\Middleware->handle()
#45 /var/www/api2-panel/vendor/laravel/framework/src/Illuminate/Pipeline/Pipeline.php(116): Illuminate\\Pipeline\\Pipeline->Illuminate\\Pipeline\\{closure}()
#46 /var/www/api2-panel/vendor/laravel/framework/src/Illuminate/Foundation/Http/Kernel.php(165): Illuminate\\Pipeline\\Pipeline->then()
#47 /var/www/api2-panel/vendor/laravel/framework/src/Illuminate/Foundation/Http/Kernel.php(134): Illuminate\\Foundation\\Http\\Kernel->sendRequestThroughRouter()
#48 /var/www/api2-panel/public/index.php(52): Illuminate\\Foundation\\Http\\Kernel->handle()
#49 {main}
"} 
