[2026-01-02T15:32:40.374925+00:00] admob_service_verbose.INFO: saveStatistic: entry {"items_count":4} []
[2026-01-02T15:32:40.375076+00:00] admob_service_verbose.INFO: saveStatistic: raw header {"header":{"dateRange":{"startDate":{"year":2026,"month":1,"day":2},"endDate":{"year":2026,"month":1,"day":2}},"localizationSettings":{"currencyCode":"TRY"}}} []
[2026-01-02T15:32:40.375623+00:00] admob_service_verbose.INFO: saveStatistic: extracted report date from header {"report_date":"2026-01-02"} []
[2026-01-02T15:32:40.375648+00:00] admob_service_verbose.INFO: saveStatistic: processing row {"key":1,"app_id_value":"ca-app-pub-3228663599583295~1034952593","app_label":"فیلتر شکن قوی پرسرعت Maple VPN","report_date":"2026-01-02"} []
[2026-01-02T15:32:41.087978+00:00] admob_service_verbose.INFO: saveStatistic: upserted statistic row {"stat_id":291586,"app_id":12135,"panel_id":13,"user_id":99,"report_date":"2026-01-02","currency":"TRY","estimated_earnings":41696201780.0,"ad_requests":2118354,"impression_rpm":31.512902028487755,"clicks":60485,"impressions":1323147,"impression_ctr":0.04571298578313672,"matched_requests":2057184,"show_rate":0.6431835946614402,"match_rate":0.9711238065025959,"delta_earnings":1838988800.0,"delta_impressions":68469,"delta_clicks":3526} []
[2026-01-02T15:32:41.088071+00:00] admob_service_verbose.INFO: saveStatistic: processing row {"key":2,"app_id_value":"ca-app-pub-3228663599583295~1170555096","app_label":"Ringtones and sms for IPhone","report_date":"2026-01-02"} []
[2026-01-02T15:32:41.714526+00:00] admob_service_verbose.INFO: saveStatistic: upserted statistic row {"stat_id":291587,"app_id":12140,"panel_id":13,"user_id":33,"report_date":"2026-01-02","currency":"TRY","estimated_earnings":6193779.0,"ad_requests":466,"impression_rpm":18.544248606099256,"clicks":9,"impressions":334,"impression_ctr":0.02694610778443114,"matched_requests":436,"show_rate":0.7660550458715596,"match_rate":0.9356223175965666,"delta_earnings":365047.0,"delta_impressions":16,"delta_clicks":0} []
[2026-01-02T15:32:41.714616+00:00] admob_service_verbose.INFO: saveStatistic: completed {"timestamp":"2026-01-02 15:32:41"} []
[2026-01-02T15:32:43.448216+00:00] admob_service_verbose.INFO: saveStatistic: entry {"items_count":2} []
[2026-01-02T15:32:43.448246+00:00] admob_service_verbose.INFO: saveStatistic: raw header {"header":{"dateRange":{"startDate":{"year":2026,"month":1,"day":2},"endDate":{"year":2026,"month":1,"day":2}},"localizationSettings":{"currencyCode":"TRY"}}} []
[2026-01-02T15:32:43.448339+00:00] admob_service_verbose.INFO: saveStatistic: extracted report date from header {"report_date":"2026-01-02"} []
[2026-01-02T15:32:43.448418+00:00] admob_service_verbose.INFO: saveStatistic: completed {"timestamp":"2026-01-02 15:32:43"} []
[2026-01-02T15:32:45.132186+00:00] admob_service_verbose.INFO: saveStatistic: entry {"items_count":4} []
[2026-01-02T15:32:45.132206+00:00] admob_service_verbose.INFO: saveStatistic: raw header {"header":{"dateRange":{"startDate":{"year":2026,"month":1,"day":2},"endDate":{"year":2026,"month":1,"day":2}},"localizationSettings":{"currencyCode":"TRY"}}} []
[2026-01-02T15:32:45.132266+00:00] admob_service_verbose.INFO: saveStatistic: extracted report date from header {"report_date":"2026-01-02"} []
[2026-01-02T15:32:45.132286+00:00] admob_service_verbose.INFO: saveStatistic: processing row {"key":1,"app_id_value":"ca-app-pub-3228663599583295~1764327320","app_label":"RaySafe VPN","report_date":"2026-01-02"} []
[2026-01-02T15:32:45.764747+00:00] admob_service_verbose.INFO: saveStatistic: upserted statistic row {"stat_id":291588,"app_id":12200,"panel_id":13,"user_id":191,"report_date":"2026-01-02","currency":"TRY","estimated_earnings":99397082.0,"ad_requests":2576,"impression_rpm":55.12872039979812,"clicks":47,"impressions":1803,"impression_ctr":0.026067665002773157,"matched_requests":2555,"show_rate":0.7056751467710372,"match_rate":0.9918478260869565,"delta_earnings":5090660.0,"delta_impressions":114,"delta_clicks":3} []
[2026-01-02T15:32:45.764814+00:00] admob_service_verbose.INFO: saveStatistic: processing row {"key":2,"app_id_value":"ca-app-pub-3228663599583295~1939344304","app_label":"Laugh Ringtone","report_date":"2026-01-02"} []
[2026-01-02T15:32:46.389623+00:00] admob_service_verbose.INFO: saveStatistic: upserted statistic row {"stat_id":291589,"app_id":12223,"panel_id":13,"user_id":33,"report_date":"2026-01-02","currency":"TRY","estimated_earnings":158191.0,"ad_requests":6,"impression_rpm":52.73035812595311,"clicks":0,"impressions":3,"impression_ctr":0.0,"matched_requests":6,"show_rate":0.5,"match_rate":1.0,"delta_earnings":0.0,"delta_impressions":0,"delta_clicks":0} []
[2026-01-02T15:32:46.389731+00:00] admob_service_verbose.INFO: saveStatistic: completed {"timestamp":"2026-01-02 15:32:46"} []
[2026-01-02T15:32:48.037207+00:00] admob_service_verbose.INFO: saveStatistic: entry {"items_count":5} []
[2026-01-02T15:32:48.037243+00:00] admob_service_verbose.INFO: saveStatistic: raw header {"header":{"dateRange":{"startDate":{"year":2026,"month":1,"day":2},"endDate":{"year":2026,"month":1,"day":2}},"localizationSettings":{"currencyCode":"TRY"}}} []
[2026-01-02T15:32:48.037336+00:00] admob_service_verbose.INFO: saveStatistic: extracted report date from header {"report_date":"2026-01-02"} []
[2026-01-02T15:32:48.037377+00:00] admob_service_verbose.INFO: saveStatistic: processing row {"key":1,"app_id_value":"ca-app-pub-3228663599583295~1971381318","app_label":"Bird Sound And Ringtones","report_date":"2026-01-02"} []
[2026-01-02T15:32:48.715305+00:00] admob_service_verbose.INFO: saveStatistic: upserted statistic row {"stat_id":291590,"app_id":12226,"panel_id":13,"user_id":33,"report_date":"2026-01-02","currency":"TRY","estimated_earnings":37854.0,"ad_requests":15,"impression_rpm":7.570948453684859,"clicks":1,"impressions":5,"impression_ctr":0.2,"matched_requests":8,"show_rate":0.625,"match_rate":0.5333333333333333,"delta_earnings":0.0,"delta_impressions":0,"delta_clicks":0} []
[2026-01-02T15:32:48.715378+00:00] admob_service_verbose.INFO: saveStatistic: processing row {"key":2,"app_id_value":"ca-app-pub-3228663599583295~2130915995","app_label":"Cry Ringtone - baby sounds","report_date":"2026-01-02"} []
[2026-01-02T15:32:49.401466+00:00] admob_service_verbose.INFO: saveStatistic: upserted statistic row {"stat_id":291591,"app_id":12238,"panel_id":13,"user_id":33,"report_date":"2026-01-02","currency":"TRY","estimated_earnings":900721.0,"ad_requests":15,"impression_rpm":90.07210691816155,"clicks":1,"impressions":10,"impression_ctr":0.1,"matched_requests":14,"show_rate":0.7142857142857143,"match_rate":0.9333333333333333,"delta_earnings":489662.0,"delta_impressions":6,"delta_clicks":0} []
[2026-01-02T15:32:49.401565+00:00] admob_service_verbose.INFO: saveStatistic: processing row {"key":3,"app_id_value":"ca-app-pub-3228663599583295~2220800936","app_label":"Fart sounds Prank app","report_date":"2026-01-02"} []
[2026-01-02T15:32:50.094837+00:00] admob_service_verbose.INFO: saveStatistic: upserted statistic row {"stat_id":291592,"app_id":12249,"panel_id":13,"user_id":33,"report_date":"2026-01-02","currency":"TRY","estimated_earnings":908290.0,"ad_requests":12,"impression_rpm":90.82901166274429,"clicks":0,"impressions":10,"impression_ctr":0.0,"matched_requests":12,"show_rate":0.8333333333333334,"match_rate":1.0,"delta_earnings":0.0,"delta_impressions":0,"delta_clicks":0} []
[2026-01-02T15:32:50.095054+00:00] admob_service_verbose.INFO: saveStatistic: completed {"timestamp":"2026-01-02 15:32:50"} []
[2026-01-02T15:32:51.716396+00:00] admob_service_verbose.INFO: saveStatistic: entry {"items_count":5} []
[2026-01-02T15:32:51.716429+00:00] admob_service_verbose.INFO: saveStatistic: raw header {"header":{"dateRange":{"startDate":{"year":2026,"month":1,"day":2},"endDate":{"year":2026,"month":1,"day":2}},"localizationSettings":{"currencyCode":"TRY"}}} []
[2026-01-02T15:32:51.716522+00:00] admob_service_verbose.INFO: saveStatistic: extracted report date from header {"report_date":"2026-01-02"} []
[2026-01-02T15:32:51.716556+00:00] admob_service_verbose.INFO: saveStatistic: processing row {"key":1,"app_id_value":"ca-app-pub-3228663599583295~2370127093","app_label":"Ringtone For Galaxy S22 Ultra","report_date":"2026-01-02"} []
[2026-01-02T15:32:52.397553+00:00] admob_service_verbose.INFO: saveStatistic: upserted statistic row {"stat_id":291593,"app_id":12269,"panel_id":13,"user_id":33,"report_date":"2026-01-02","currency":"TRY","estimated_earnings":8222574.0,"ad_requests":113,"impression_rpm":101.51326329242744,"clicks":2,"impressions":81,"impression_ctr":0.024691358024691357,"matched_requests":104,"show_rate":0.7788461538461539,"match_rate":0.9203539823008849,"delta_earnings":7313097.0,"delta_impressions":49,"delta_clicks":1} []
[2026-01-02T15:32:52.397616+00:00] admob_service_verbose.INFO: saveStatistic: processing row {"key":2,"app_id_value":"ca-app-pub-3228663599583295~2412372623","app_label":"Ringtones and sms for sony","report_date":"2026-01-02"} []
[2026-01-02T15:32:53.032102+00:00] admob_service_verbose.INFO: saveStatistic: upserted statistic row {"stat_id":291594,"app_id":12276,"panel_id":13,"user_id":33,"report_date":"2026-01-02","currency":"TRY","estimated_earnings":28061237.0,"ad_requests":379,"impression_rpm":103.16631435858464,"clicks":8,"impressions":272,"impression_ctr":0.029411764705882353,"matched_requests":319,"show_rate":0.8526645768025078,"match_rate":0.841688654353562,"delta_earnings":1675.0,"delta_impressions":2,"delta_clicks":0} []
[2026-01-02T15:32:53.032198+00:00] admob_service_verbose.INFO: saveStatistic: processing row {"key":3,"app_id_value":"ca-app-pub-3228663599583295~2484729660","app_label":"V2 nitro VPN","report_date":"2026-01-02"} []
[2026-01-02T15:32:53.680167+00:00] admob_service_verbose.INFO: saveStatistic: upserted statistic row {"stat_id":291595,"app_id":12281,"panel_id":13,"user_id":6,"report_date":"2026-01-02","currency":"TRY","estimated_earnings":2838599760.0,"ad_requests":92174,"impression_rpm":39.08140598147593,"clicks":1510,"impressions":72633,"impression_ctr":0.020789448322387896,"matched_requests":87723,"show_rate":0.8279812591908622,"match_rate":0.9517108946123636,"delta_earnings":152144370.0,"delta_impressions":4277,"delta_clicks":105} []
[2026-01-02T15:32:53.680242+00:00] admob_service_verbose.INFO: saveStatistic: completed {"timestamp":"2026-01-02 15:32:53"} []
[2026-01-02T15:32:55.941684+00:00] admob_service_verbose.INFO: saveStatistic: entry {"items_count":2} []
[2026-01-02T15:32:55.941716+00:00] admob_service_verbose.INFO: saveStatistic: raw header {"header":{"dateRange":{"startDate":{"year":2026,"month":1,"day":2},"endDate":{"year":2026,"month":1,"day":2}},"localizationSettings":{"currencyCode":"TRY"}}} []
[2026-01-02T15:32:55.941810+00:00] admob_service_verbose.INFO: saveStatistic: extracted report date from header {"report_date":"2026-01-02"} []
[2026-01-02T15:32:55.941888+00:00] admob_service_verbose.INFO: saveStatistic: completed {"timestamp":"2026-01-02 15:32:55"} []
[2026-01-02T15:32:57.558604+00:00] admob_service_verbose.INFO: saveStatistic: entry {"items_count":4} []
[2026-01-02T15:32:57.558626+00:00] admob_service_verbose.INFO: saveStatistic: raw header {"header":{"dateRange":{"startDate":{"year":2026,"month":1,"day":2},"endDate":{"year":2026,"month":1,"day":2}},"localizationSettings":{"currencyCode":"TRY"}}} []
[2026-01-02T15:32:57.558689+00:00] admob_service_verbose.INFO: saveStatistic: extracted report date from header {"report_date":"2026-01-02"} []
[2026-01-02T15:32:57.558713+00:00] admob_service_verbose.INFO: saveStatistic: processing row {"key":1,"app_id_value":"ca-app-pub-3228663599583295~3033219530","app_label":"Gun sounds ringtones sms","report_date":"2026-01-02"} []
[2026-01-02T15:32:58.225162+00:00] admob_service_verbose.INFO: saveStatistic: upserted statistic row {"stat_id":291596,"app_id":12332,"panel_id":13,"user_id":33,"report_date":"2026-01-02","currency":"TRY","estimated_earnings":4676019.0,"ad_requests":77,"impression_rpm":91.6866522179871,"clicks":5,"impressions":51,"impression_ctr":0.09803921568627451,"matched_requests":77,"show_rate":0.6623376623376623,"match_rate":1.0,"delta_earnings":41270.0,"delta_impressions":2,"delta_clicks":0} []
[2026-01-02T15:32:58.225251+00:00] admob_service_verbose.INFO: saveStatistic: processing row {"key":2,"app_id_value":"ca-app-pub-3228663599583295~3177830081","app_label":"Wolf Sound And Ringtones","report_date":"2026-01-02"} []
[2026-01-02T15:32:58.855263+00:00] admob_service_verbose.INFO: saveStatistic: upserted statistic row {"stat_id":291597,"app_id":12341,"panel_id":13,"user_id":33,"report_date":"2026-01-02","currency":"TRY","estimated_earnings":8615271.0,"ad_requests":122,"impression_rpm":116.42258956803951,"clicks":1,"impressions":74,"impression_ctr":0.013513513513513514,"matched_requests":113,"show_rate":0.6548672566371682,"match_rate":0.9262295081967213,"delta_earnings":13037.0,"delta_impressions":2,"delta_clicks":0} []
[2026-01-02T15:32:58.855358+00:00] admob_service_verbose.INFO: saveStatistic: completed {"timestamp":"2026-01-02 15:32:58"} []
[2026-01-02T15:33:00.524293+00:00] admob_service_verbose.INFO: saveStatistic: entry {"items_count":3} []
[2026-01-02T15:33:00.524313+00:00] admob_service_verbose.INFO: saveStatistic: raw header {"header":{"dateRange":{"startDate":{"year":2026,"month":1,"day":2},"endDate":{"year":2026,"month":1,"day":2}},"localizationSettings":{"currencyCode":"TRY"}}} []
[2026-01-02T15:33:00.524375+00:00] admob_service_verbose.INFO: saveStatistic: extracted report date from header {"report_date":"2026-01-02"} []
[2026-01-02T15:33:00.524394+00:00] admob_service_verbose.INFO: saveStatistic: processing row {"key":1,"app_id_value":"ca-app-pub-3228663599583295~3426071399","app_label":"sms Sounds Notification","report_date":"2026-01-02"} []
[2026-01-02T15:33:01.152280+00:00] admob_service_verbose.INFO: saveStatistic: upserted statistic row {"stat_id":291598,"app_id":12368,"panel_id":13,"user_id":33,"report_date":"2026-01-02","currency":"TRY","estimated_earnings":2699033.0,"ad_requests":131,"impression_rpm":27.82509257340409,"clicks":1,"impressions":97,"impression_ctr":0.010309278350515464,"matched_requests":119,"show_rate":0.8151260504201681,"match_rate":0.9083969465648855,"delta_earnings":3808.0,"delta_impressions":1,"delta_clicks":0} []
[2026-01-02T15:33:01.152360+00:00] admob_service_verbose.INFO: saveStatistic: completed {"timestamp":"2026-01-02 15:33:01"} []
[2026-01-02T15:33:02.815618+00:00] admob_service_verbose.INFO: saveStatistic: entry {"items_count":5} []
[2026-01-02T15:33:02.815637+00:00] admob_service_verbose.INFO: saveStatistic: raw header {"header":{"dateRange":{"startDate":{"year":2026,"month":1,"day":2},"endDate":{"year":2026,"month":1,"day":2}},"localizationSettings":{"currencyCode":"TRY"}}} []
[2026-01-02T15:33:02.815695+00:00] admob_service_verbose.INFO: saveStatistic: extracted report date from header {"report_date":"2026-01-02"} []
[2026-01-02T15:33:02.815711+00:00] admob_service_verbose.INFO: saveStatistic: processing row {"key":1,"app_id_value":"ca-app-pub-3228663599583295~3667358949","app_label":"Alien Ringtone","report_date":"2026-01-02"} []
[2026-01-02T15:33:03.477248+00:00] admob_service_verbose.INFO: saveStatistic: upserted statistic row {"stat_id":291599,"app_id":12391,"panel_id":13,"user_id":33,"report_date":"2026-01-02","currency":"TRY","estimated_earnings":20564455.0,"ad_requests":51,"impression_rpm":514.1113838844802,"clicks":2,"impressions":40,"impression_ctr":0.05,"matched_requests":50,"show_rate":0.8,"match_rate":0.9803921568627451,"delta_earnings":0.0,"delta_impressions":0,"delta_clicks":0} []
[2026-01-02T15:33:03.477361+00:00] admob_service_verbose.INFO: saveStatistic: processing row {"key":2,"app_id_value":"ca-app-pub-3228663599583295~3725416305","app_label":"Ringtones and sms for Htc","report_date":"2026-01-02"} []
[2026-01-02T15:33:04.111186+00:00] admob_service_verbose.INFO: saveStatistic: upserted statistic row {"stat_id":291600,"app_id":12399,"panel_id":13,"user_id":33,"report_date":"2026-01-02","currency":"TRY","estimated_earnings":3774205.0,"ad_requests":28,"impression_rpm":222.01211742822898,"clicks":2,"impressions":17,"impression_ctr":0.11764705882352941,"matched_requests":25,"show_rate":0.68,"match_rate":0.8928571428571429,"delta_earnings":0.0,"delta_impressions":0,"delta_clicks":0} []
[2026-01-02T15:33:04.111316+00:00] admob_service_verbose.INFO: saveStatistic: processing row {"key":3,"app_id_value":"ca-app-pub-3228663599583295~3771300720","app_label":"Water Sounds Ringtones sms","report_date":"2026-01-02"} []
[2026-01-02T15:33:04.744150+00:00] admob_service_verbose.INFO: saveStatistic: upserted statistic row {"stat_id":291601,"app_id":12405,"panel_id":13,"user_id":33,"report_date":"2026-01-02","currency":"TRY","estimated_earnings":993332.0,"ad_requests":66,"impression_rpm":28.380932892104703,"clicks":3,"impressions":35,"impression_ctr":0.08571428571428572,"matched_requests":61,"show_rate":0.5737704918032787,"match_rate":0.9242424242424242,"delta_earnings":16128.0,"delta_impressions":2,"delta_clicks":0} []
[2026-01-02T15:33:04.744651+00:00] admob_service_verbose.INFO: saveStatistic: completed {"timestamp":"2026-01-02 15:33:04"} []
[2026-01-02T15:33:06.374187+00:00] admob_service_verbose.INFO: saveStatistic: entry {"items_count":3} []
[2026-01-02T15:33:06.374219+00:00] admob_service_verbose.INFO: saveStatistic: raw header {"header":{"dateRange":{"startDate":{"year":2026,"month":1,"day":2},"endDate":{"year":2026,"month":1,"day":2}},"localizationSettings":{"currencyCode":"TRY"}}} []
[2026-01-02T15:33:06.374311+00:00] admob_service_verbose.INFO: saveStatistic: extracted report date from header {"report_date":"2026-01-02"} []
[2026-01-02T15:33:06.374345+00:00] admob_service_verbose.INFO: saveStatistic: processing row {"key":1,"app_id_value":"ca-app-pub-3228663599583295~3831257896","app_label":"Dog Sounds-Barking-Wallpaper","report_date":"2026-01-02"} []
[2026-01-02T15:33:07.067378+00:00] admob_service_verbose.INFO: saveStatistic: upserted statistic row {"stat_id":291602,"app_id":12414,"panel_id":13,"user_id":33,"report_date":"2026-01-02","currency":"TRY","estimated_earnings":91900.0,"ad_requests":24,"impression_rpm":11.487598715277297,"clicks":0,"impressions":8,"impression_ctr":0.0,"matched_requests":16,"show_rate":0.5,"match_rate":0.6666666666666666,"delta_earnings":0.0,"delta_impressions":0,"delta_clicks":0} []
[2026-01-02T15:33:07.067539+00:00] admob_service_verbose.INFO: saveStatistic: completed {"timestamp":"2026-01-02 15:33:07"} []
[2026-01-02T15:33:08.704452+00:00] admob_service_verbose.INFO: saveStatistic: entry {"items_count":3} []
[2026-01-02T15:33:08.704484+00:00] admob_service_verbose.INFO: saveStatistic: raw header {"header":{"dateRange":{"startDate":{"year":2026,"month":1,"day":2},"endDate":{"year":2026,"month":1,"day":2}},"localizationSettings":{"currencyCode":"TRY"}}} []
[2026-01-02T15:33:08.704571+00:00] admob_service_verbose.INFO: saveStatistic: extracted report date from header {"report_date":"2026-01-02"} []
[2026-01-02T15:33:08.704604+00:00] admob_service_verbose.INFO: saveStatistic: processing row {"key":1,"app_id_value":"ca-app-pub-3228663599583295~4096703973","app_label":"Ringtones and sms for Motorola","report_date":"2026-01-02"} []
[2026-01-02T15:33:09.367581+00:00] admob_service_verbose.INFO: saveStatistic: upserted statistic row {"stat_id":291603,"app_id":12439,"panel_id":13,"user_id":33,"report_date":"2026-01-02","currency":"TRY","estimated_earnings":14958883.0,"ad_requests":436,"impression_rpm":47.639756382566205,"clicks":14,"impressions":314,"impression_ctr":0.044585987261146494,"matched_requests":376,"show_rate":0.8351063829787234,"match_rate":0.8623853211009175,"delta_earnings":229894.0,"delta_impressions":12,"delta_clicks":0} []
[2026-01-02T15:33:09.367684+00:00] admob_service_verbose.INFO: saveStatistic: completed {"timestamp":"2026-01-02 15:33:09"} []
[2026-01-02T15:33:11.003895+00:00] admob_service_verbose.INFO: saveStatistic: entry {"items_count":4} []
[2026-01-02T15:33:11.003927+00:00] admob_service_verbose.INFO: saveStatistic: raw header {"header":{"dateRange":{"startDate":{"year":2026,"month":1,"day":2},"endDate":{"year":2026,"month":1,"day":2}},"localizationSettings":{"currencyCode":"TRY"}}} []
[2026-01-02T15:33:11.004050+00:00] admob_service_verbose.INFO: saveStatistic: extracted report date from header {"report_date":"2026-01-02"} []
[2026-01-02T15:33:11.004087+00:00] admob_service_verbose.INFO: saveStatistic: processing row {"key":1,"app_id_value":"ca-app-pub-3228663599583295~4597582643","app_label":"Very Loud Ringtone","report_date":"2026-01-02"} []
[2026-01-02T15:33:11.684454+00:00] admob_service_verbose.INFO: saveStatistic: upserted statistic row {"stat_id":291604,"app_id":12487,"panel_id":13,"user_id":33,"report_date":"2026-01-02","currency":"TRY","estimated_earnings":267215.0,"ad_requests":4,"impression_rpm":66.80379525824856,"clicks":0,"impressions":4,"impression_ctr":0.0,"matched_requests":4,"show_rate":1.0,"match_rate":1.0,"delta_earnings":0.0,"delta_impressions":0,"delta_clicks":0} []
[2026-01-02T15:33:11.684528+00:00] admob_service_verbose.INFO: saveStatistic: processing row {"key":2,"app_id_value":"ca-app-pub-3228663599583295~4711232904","app_label":"Ringtones and sms for LG","report_date":"2026-01-02"} []
[2026-01-02T15:33:12.306959+00:00] admob_service_verbose.INFO: saveStatistic: upserted statistic row {"stat_id":291605,"app_id":12495,"panel_id":13,"user_id":33,"report_date":"2026-01-02","currency":"TRY","estimated_earnings":15884371.0,"ad_requests":198,"impression_rpm":105.89580704914047,"clicks":7,"impressions":150,"impression_ctr":0.04666666666666667,"matched_requests":182,"show_rate":0.8241758241758241,"match_rate":0.9191919191919192,"delta_earnings":157813.0,"delta_impressions":7,"delta_clicks":-1} []
[2026-01-02T15:33:12.307072+00:00] admob_service_verbose.INFO: saveStatistic: completed {"timestamp":"2026-01-02 15:33:12"} []
[2026-01-02T15:33:13.983708+00:00] admob_service_verbose.INFO: saveStatistic: entry {"items_count":4} []
[2026-01-02T15:33:13.983730+00:00] admob_service_verbose.INFO: saveStatistic: raw header {"header":{"dateRange":{"startDate":{"year":2026,"month":1,"day":2},"endDate":{"year":2026,"month":1,"day":2}},"localizationSettings":{"currencyCode":"TRY"}}} []
[2026-01-02T15:33:13.983796+00:00] admob_service_verbose.INFO: saveStatistic: extracted report date from header {"report_date":"2026-01-02"} []
[2026-01-02T15:33:13.983825+00:00] admob_service_verbose.INFO: saveStatistic: processing row {"key":1,"app_id_value":"ca-app-pub-3228663599583295~4909136236","app_label":"Charbarg (Pasur 11)","report_date":"2026-01-02"} []
[2026-01-02T15:33:14.649754+00:00] admob_service_verbose.INFO: saveStatistic: upserted statistic row {"stat_id":291606,"app_id":12507,"panel_id":13,"user_id":43,"report_date":"2026-01-02","currency":"TRY","estimated_earnings":339115731.0,"ad_requests":14709,"impression_rpm":51.84463103889675,"clicks":708,"impressions":6541,"impression_ctr":0.10824033022473628,"matched_requests":9739,"show_rate":0.671629530752644,"match_rate":0.6621116323339452,"delta_earnings":19821912.0,"delta_impressions":356,"delta_clicks":17} []
[2026-01-02T15:33:14.649822+00:00] admob_service_verbose.INFO: saveStatistic: processing row {"key":2,"app_id_value":"ca-app-pub-3228663599583295~4998722104","app_label":"Ringtones and sms for Xiaomi","report_date":"2026-01-02"} []
[2026-01-02T15:33:15.265822+00:00] admob_service_verbose.INFO: saveStatistic: upserted statistic row {"stat_id":291607,"app_id":12512,"panel_id":13,"user_id":33,"report_date":"2026-01-02","currency":"TRY","estimated_earnings":22230962.0,"ad_requests":822,"impression_rpm":39.6273838480993,"clicks":19,"impressions":561,"impression_ctr":0.0338680926916221,"matched_requests":727,"show_rate":0.7716643741403026,"match_rate":0.8844282238442822,"delta_earnings":787778.0,"delta_impressions":47,"delta_clicks":1} []
[2026-01-02T15:33:15.265899+00:00] admob_service_verbose.INFO: saveStatistic: completed {"timestamp":"2026-01-02 15:33:15"} []
[2026-01-02T15:33:16.973318+00:00] admob_service_verbose.INFO: saveStatistic: entry {"items_count":3} []
[2026-01-02T15:33:16.973338+00:00] admob_service_verbose.INFO: saveStatistic: raw header {"header":{"dateRange":{"startDate":{"year":2026,"month":1,"day":2},"endDate":{"year":2026,"month":1,"day":2}},"localizationSettings":{"currencyCode":"TRY"}}} []
[2026-01-02T15:33:16.973403+00:00] admob_service_verbose.INFO: saveStatistic: extracted report date from header {"report_date":"2026-01-02"} []
[2026-01-02T15:33:16.973427+00:00] admob_service_verbose.INFO: saveStatistic: processing row {"key":1,"app_id_value":"ca-app-pub-3228663599583295~5240653193","app_label":"Giti VPN","report_date":"2026-01-02"} []
[2026-01-02T15:33:17.722373+00:00] admob_service_verbose.INFO: saveStatistic: upserted statistic row {"stat_id":291608,"app_id":12536,"panel_id":13,"user_id":35,"report_date":"2026-01-02","currency":"TRY","estimated_earnings":3933530266.0,"ad_requests":137274,"impression_rpm":43.540438180817866,"clicks":2239,"impressions":90342,"impression_ctr":0.02478360009740763,"matched_requests":136466,"show_rate":0.6620110503715211,"match_rate":0.9941139618573073,"delta_earnings":135567340.0,"delta_impressions":3458,"delta_clicks":91} []
[2026-01-02T15:33:17.722536+00:00] admob_service_verbose.INFO: saveStatistic: completed {"timestamp":"2026-01-02 15:33:17"} []
[2026-01-02T15:33:19.581152+00:00] admob_service_verbose.INFO: saveStatistic: entry {"items_count":2} []
[2026-01-02T15:33:19.581194+00:00] admob_service_verbose.INFO: saveStatistic: raw header {"header":{"dateRange":{"startDate":{"year":2026,"month":1,"day":2},"endDate":{"year":2026,"month":1,"day":2}},"localizationSettings":{"currencyCode":"TRY"}}} []
[2026-01-02T15:33:19.581286+00:00] admob_service_verbose.INFO: saveStatistic: extracted report date from header {"report_date":"2026-01-02"} []
[2026-01-02T15:33:19.581361+00:00] admob_service_verbose.INFO: saveStatistic: completed {"timestamp":"2026-01-02 15:33:19"} []
[2026-01-02T15:33:21.427184+00:00] admob_service_verbose.INFO: saveStatistic: entry {"items_count":3} []
[2026-01-02T15:33:21.427205+00:00] admob_service_verbose.INFO: saveStatistic: raw header {"header":{"dateRange":{"startDate":{"year":2026,"month":1,"day":2},"endDate":{"year":2026,"month":1,"day":2}},"localizationSettings":{"currencyCode":"TRY"}}} []
[2026-01-02T15:33:21.427265+00:00] admob_service_verbose.INFO: saveStatistic: extracted report date from header {"report_date":"2026-01-02"} []
[2026-01-02T15:33:21.427285+00:00] admob_service_verbose.INFO: saveStatistic: processing row {"key":1,"app_id_value":"ca-app-pub-3228663599583295~5906509479","app_label":"Ringtones and sms for Oppo","report_date":"2026-01-02"} []
[2026-01-02T15:33:22.121045+00:00] admob_service_verbose.INFO: saveStatistic: upserted statistic row {"stat_id":291609,"app_id":12600,"panel_id":13,"user_id":33,"report_date":"2026-01-02","currency":"TRY","estimated_earnings":18132555.0,"ad_requests":986,"impression_rpm":25.289477558685867,"clicks":49,"impressions":717,"impression_ctr":0.06834030683403068,"matched_requests":907,"show_rate":0.7905181918412348,"match_rate":0.9198782961460447,"delta_earnings":172788.0,"delta_impressions":12,"delta_clicks":-1} []
[2026-01-02T15:33:22.121130+00:00] admob_service_verbose.INFO: saveStatistic: completed {"timestamp":"2026-01-02 15:33:22"} []
[2026-01-02T15:33:23.764015+00:00] admob_service_verbose.INFO: saveStatistic: entry {"items_count":3} []
[2026-01-02T15:33:23.764045+00:00] admob_service_verbose.INFO: saveStatistic: raw header {"header":{"dateRange":{"startDate":{"year":2026,"month":1,"day":2},"endDate":{"year":2026,"month":1,"day":2}},"localizationSettings":{"currencyCode":"TRY"}}} []
[2026-01-02T15:33:23.764130+00:00] admob_service_verbose.INFO: saveStatistic: extracted report date from header {"report_date":"2026-01-02"} []
[2026-01-02T15:33:23.764159+00:00] admob_service_verbose.INFO: saveStatistic: processing row {"key":1,"app_id_value":"ca-app-pub-3228663599583295~6154206893","app_label":"Cat Sounds wallpapers,sms","report_date":"2026-01-02"} []
[2026-01-02T15:33:24.402192+00:00] admob_service_verbose.INFO: saveStatistic: upserted statistic row {"stat_id":291610,"app_id":12623,"panel_id":13,"user_id":33,"report_date":"2026-01-02","currency":"TRY","estimated_earnings":24795672.0,"ad_requests":18,"impression_rpm":1907.3594219729857,"clicks":2,"impressions":13,"impression_ctr":0.15384615384615385,"matched_requests":17,"show_rate":0.7647058823529411,"match_rate":0.9444444444444444,"delta_earnings":0.0,"delta_impressions":0,"delta_clicks":0} []
[2026-01-02T15:33:24.402374+00:00] admob_service_verbose.INFO: saveStatistic: completed {"timestamp":"2026-01-02 15:33:24"} []
[2026-01-02T15:33:26.018728+00:00] admob_service_verbose.INFO: saveStatistic: entry {"items_count":4} []
[2026-01-02T15:33:26.018758+00:00] admob_service_verbose.INFO: saveStatistic: raw header {"header":{"dateRange":{"startDate":{"year":2026,"month":1,"day":2},"endDate":{"year":2026,"month":1,"day":2}},"localizationSettings":{"currencyCode":"TRY"}}} []
[2026-01-02T15:33:26.018844+00:00] admob_service_verbose.INFO: saveStatistic: extracted report date from header {"report_date":"2026-01-02"} []
[2026-01-02T15:33:26.018878+00:00] admob_service_verbose.INFO: saveStatistic: processing row {"key":1,"app_id_value":"ca-app-pub-3228663599583295~6508014394","app_label":"Rock Climber 3D","report_date":"2026-01-02"} []
[2026-01-02T15:33:26.657242+00:00] admob_service_verbose.INFO: saveStatistic: upserted statistic row {"stat_id":291611,"app_id":12652,"panel_id":13,"user_id":7,"report_date":"2026-01-02","currency":"TRY","estimated_earnings":1572474.0,"ad_requests":32,"impression_rpm":56.15981576406649,"clicks":1,"impressions":28,"impression_ctr":0.03571428571428571,"matched_requests":32,"show_rate":0.875,"match_rate":1.0,"delta_earnings":0.0,"delta_impressions":0,"delta_clicks":0} []
[2026-01-02T15:33:26.657356+00:00] admob_service_verbose.INFO: saveStatistic: processing row {"key":2,"app_id_value":"ca-app-pub-3228663599583295~6676913081","app_label":"Animals Ringtone","report_date":"2026-01-02"} []
[2026-01-02T15:33:27.250353+00:00] admob_service_verbose.INFO: saveStatistic: upserted statistic row {"stat_id":291612,"app_id":12673,"panel_id":13,"user_id":33,"report_date":"2026-01-02","currency":"TRY","estimated_earnings":246356.0,"ad_requests":22,"impression_rpm":17.596909640716497,"clicks":2,"impressions":14,"impression_ctr":0.14285714285714285,"matched_requests":19,"show_rate":0.7368421052631579,"match_rate":0.8636363636363636,"delta_earnings":0.0,"delta_impressions":0,"delta_clicks":0} []
[2026-01-02T15:33:27.250462+00:00] admob_service_verbose.INFO: saveStatistic: completed {"timestamp":"2026-01-02 15:33:27"} []
[2026-01-02T15:33:28.858695+00:00] admob_service_verbose.INFO: saveStatistic: entry {"items_count":4} []
[2026-01-02T15:33:28.858742+00:00] admob_service_verbose.INFO: saveStatistic: raw header {"header":{"dateRange":{"startDate":{"year":2026,"month":1,"day":2},"endDate":{"year":2026,"month":1,"day":2}},"localizationSettings":{"currencyCode":"TRY"}}} []
[2026-01-02T15:33:28.858836+00:00] admob_service_verbose.INFO: saveStatistic: extracted report date from header {"report_date":"2026-01-02"} []
[2026-01-02T15:33:28.858871+00:00] admob_service_verbose.INFO: saveStatistic: processing row {"key":1,"app_id_value":"ca-app-pub-3228663599583295~6780607444","app_label":"beep sound Ringtone","report_date":"2026-01-02"} []
[2026-01-02T15:33:29.567426+00:00] admob_service_verbose.INFO: saveStatistic: upserted statistic row {"stat_id":291613,"app_id":12684,"panel_id":13,"user_id":33,"report_date":"2026-01-02","currency":"TRY","estimated_earnings":6070264.0,"ad_requests":7,"impression_rpm":3035.1322224174924,"clicks":0,"impressions":2,"impression_ctr":0.0,"matched_requests":6,"show_rate":0.3333333333333333,"match_rate":0.8571428571428571,"delta_earnings":0.0,"delta_impressions":0,"delta_clicks":0} []
[2026-01-02T15:33:29.567500+00:00] admob_service_verbose.INFO: saveStatistic: processing row {"key":2,"app_id_value":"ca-app-pub-3228663599583295~6898374557","app_label":"Ringtones and sms for Huawei","report_date":"2026-01-02"} []
[2026-01-02T15:33:30.189475+00:00] admob_service_verbose.INFO: saveStatistic: upserted statistic row {"stat_id":291614,"app_id":12702,"panel_id":13,"user_id":33,"report_date":"2026-01-02","currency":"TRY","estimated_earnings":16844012.0,"ad_requests":665,"impression_rpm":41.487715217040794,"clicks":22,"impressions":406,"impression_ctr":0.054187192118226604,"matched_requests":557,"show_rate":0.7289048473967684,"match_rate":0.837593984962406,"delta_earnings":1017536.0,"delta_impressions":25,"delta_clicks":2} []
[2026-01-02T15:33:30.189571+00:00] admob_service_verbose.INFO: saveStatistic: completed {"timestamp":"2026-01-02 15:33:30"} []
[2026-01-02T15:33:31.811183+00:00] admob_service_verbose.INFO: saveStatistic: entry {"items_count":2} []
[2026-01-02T15:33:31.811231+00:00] admob_service_verbose.INFO: saveStatistic: raw header {"header":{"dateRange":{"startDate":{"year":2026,"month":1,"day":2},"endDate":{"year":2026,"month":1,"day":2}},"localizationSettings":{"currencyCode":"TRY"}}} []
[2026-01-02T15:33:31.811338+00:00] admob_service_verbose.INFO: saveStatistic: extracted report date from header {"report_date":"2026-01-02"} []
[2026-01-02T15:33:31.811447+00:00] admob_service_verbose.INFO: saveStatistic: completed {"timestamp":"2026-01-02 15:33:31"} []
[2026-01-02T15:33:33.435600+00:00] admob_service_verbose.INFO: saveStatistic: entry {"items_count":4} []
[2026-01-02T15:33:33.435631+00:00] admob_service_verbose.INFO: saveStatistic: raw header {"header":{"dateRange":{"startDate":{"year":2026,"month":1,"day":2},"endDate":{"year":2026,"month":1,"day":2}},"localizationSettings":{"currencyCode":"TRY"}}} []
[2026-01-02T15:33:33.435718+00:00] admob_service_verbose.INFO: saveStatistic: extracted report date from header {"report_date":"2026-01-02"} []
[2026-01-02T15:33:33.435752+00:00] admob_service_verbose.INFO: saveStatistic: processing row {"key":1,"app_id_value":"ca-app-pub-3228663599583295~7493556335","app_label":"Siren Ringtone","report_date":"2026-01-02"} []
[2026-01-02T15:33:34.111986+00:00] admob_service_verbose.INFO: saveStatistic: upserted statistic row {"stat_id":291615,"app_id":12751,"panel_id":13,"user_id":33,"report_date":"2026-01-02","currency":"TRY","estimated_earnings":112200.0,"ad_requests":13,"impression_rpm":18.700007302516354,"clicks":0,"impressions":6,"impression_ctr":0.0,"matched_requests":8,"show_rate":0.75,"match_rate":0.6153846153846154,"delta_earnings":48036.0,"delta_impressions":1,"delta_clicks":0} []
[2026-01-02T15:33:34.112049+00:00] admob_service_verbose.INFO: saveStatistic: processing row {"key":2,"app_id_value":"ca-app-pub-3228663599583295~7606889364","app_label":"Ringtones and sms for samsung","report_date":"2026-01-02"} []
[2026-01-02T15:33:34.727437+00:00] admob_service_verbose.INFO: saveStatistic: upserted statistic row {"stat_id":291616,"app_id":12767,"panel_id":13,"user_id":33,"report_date":"2026-01-02","currency":"TRY","estimated_earnings":58611367.0,"ad_requests":2265,"impression_rpm":34.11604651181863,"clicks":99,"impressions":1718,"impression_ctr":0.057625145518044235,"matched_requests":2126,"show_rate":0.8080903104421449,"match_rate":0.9386313465783664,"delta_earnings":2223820.0,"delta_impressions":65,"delta_clicks":4} []
[2026-01-02T15:33:34.727514+00:00] admob_service_verbose.INFO: saveStatistic: completed {"timestamp":"2026-01-02 15:33:34"} []
[2026-01-02T15:33:36.360421+00:00] admob_service_verbose.INFO: saveStatistic: entry {"items_count":2} []
[2026-01-02T15:33:36.360453+00:00] admob_service_verbose.INFO: saveStatistic: raw header {"header":{"dateRange":{"startDate":{"year":2026,"month":1,"day":2},"endDate":{"year":2026,"month":1,"day":2}},"localizationSettings":{"currencyCode":"TRY"}}} []
[2026-01-02T15:33:36.360546+00:00] admob_service_verbose.INFO: saveStatistic: extracted report date from header {"report_date":"2026-01-02"} []
[2026-01-02T15:33:36.360621+00:00] admob_service_verbose.INFO: saveStatistic: completed {"timestamp":"2026-01-02 15:33:36"} []
[2026-01-02T15:33:38.071048+00:00] admob_service_verbose.INFO: saveStatistic: entry {"items_count":4} []
[2026-01-02T15:33:38.071097+00:00] admob_service_verbose.INFO: saveStatistic: raw header {"header":{"dateRange":{"startDate":{"year":2026,"month":1,"day":2},"endDate":{"year":2026,"month":1,"day":2}},"localizationSettings":{"currencyCode":"TRY"}}} []
[2026-01-02T15:33:38.071202+00:00] admob_service_verbose.INFO: saveStatistic: extracted report date from header {"report_date":"2026-01-02"} []
[2026-01-02T15:33:38.071238+00:00] admob_service_verbose.INFO: saveStatistic: processing row {"key":1,"app_id_value":"ca-app-pub-3228663599583295~8087299077","app_label":"Hokm","report_date":"2026-01-02"} []
[2026-01-02T15:33:38.716447+00:00] admob_service_verbose.INFO: saveStatistic: upserted statistic row {"stat_id":291617,"app_id":12805,"panel_id":13,"user_id":43,"report_date":"2026-01-02","currency":"TRY","estimated_earnings":304113377.0,"ad_requests":9223,"impression_rpm":53.12952085551978,"clicks":358,"impressions":5724,"impression_ctr":0.06254367575122292,"matched_requests":8657,"show_rate":0.6611990296869585,"match_rate":0.9386316816654017,"delta_earnings":15663833.0,"delta_impressions":455,"delta_clicks":49} []
[2026-01-02T15:33:38.716548+00:00] admob_service_verbose.INFO: saveStatistic: processing row {"key":2,"app_id_value":"ca-app-pub-3228663599583295~8267334539","app_label":"Ringtones and sms for Nokia","report_date":"2026-01-02"} []
[2026-01-02T15:33:39.351115+00:00] admob_service_verbose.INFO: saveStatistic: upserted statistic row {"stat_id":291618,"app_id":12827,"panel_id":13,"user_id":33,"report_date":"2026-01-02","currency":"TRY","estimated_earnings":16836302.0,"ad_requests":386,"impression_rpm":59.074745249745284,"clicks":19,"impressions":285,"impression_ctr":0.06666666666666667,"matched_requests":342,"show_rate":0.8333333333333334,"match_rate":0.8860103626943006,"delta_earnings":85912.0,"delta_impressions":4,"delta_clicks":0} []
[2026-01-02T15:33:39.351203+00:00] admob_service_verbose.INFO: saveStatistic: completed {"timestamp":"2026-01-02 15:33:39"} []
[2026-01-02T15:33:41.101323+00:00] admob_service_verbose.INFO: saveStatistic: entry {"items_count":4} []
[2026-01-02T15:33:41.101342+00:00] admob_service_verbose.INFO: saveStatistic: raw header {"header":{"dateRange":{"startDate":{"year":2026,"month":1,"day":2},"endDate":{"year":2026,"month":1,"day":2}},"localizationSettings":{"currencyCode":"TRY"}}} []
[2026-01-02T15:33:41.101404+00:00] admob_service_verbose.INFO: saveStatistic: extracted report date from header {"report_date":"2026-01-02"} []
[2026-01-02T15:33:41.101423+00:00] admob_service_verbose.INFO: saveStatistic: processing row {"key":1,"app_id_value":"ca-app-pub-3228663599583295~8528379329","app_label":"Ringtone For IPhone 14 Pro Max","report_date":"2026-01-02"} []
[2026-01-02T15:33:41.775740+00:00] admob_service_verbose.INFO: saveStatistic: upserted statistic row {"stat_id":291619,"app_id":12855,"panel_id":13,"user_id":33,"report_date":"2026-01-02","currency":"TRY","estimated_earnings":13075512.0,"ad_requests":249,"impression_rpm":89.55830183827912,"clicks":5,"impressions":146,"impression_ctr":0.03424657534246575,"matched_requests":200,"show_rate":0.73,"match_rate":0.8032128514056225,"delta_earnings":312087.0,"delta_impressions":9,"delta_clicks":0} []
[2026-01-02T15:33:41.775802+00:00] admob_service_verbose.INFO: saveStatistic: processing row {"key":2,"app_id_value":"ca-app-pub-3228663599583295~8532920239","app_label":"Police Ringtones","report_date":"2026-01-02"} []
[2026-01-02T15:33:42.422702+00:00] admob_service_verbose.INFO: saveStatistic: upserted statistic row {"stat_id":291620,"app_id":12857,"panel_id":13,"user_id":33,"report_date":"2026-01-02","currency":"TRY","estimated_earnings":36268418.0,"ad_requests":357,"impression_rpm":147.4325969822202,"clicks":18,"impressions":246,"impression_ctr":0.07317073170731707,"matched_requests":322,"show_rate":0.7639751552795031,"match_rate":0.9019607843137255,"delta_earnings":180597.0,"delta_impressions":9,"delta_clicks":0} []
[2026-01-02T15:33:42.422802+00:00] admob_service_verbose.INFO: saveStatistic: completed {"timestamp":"2026-01-02 15:33:42"} []
[2026-01-02T15:33:44.064563+00:00] admob_service_verbose.INFO: saveStatistic: entry {"items_count":3} []
[2026-01-02T15:33:44.064585+00:00] admob_service_verbose.INFO: saveStatistic: raw header {"header":{"dateRange":{"startDate":{"year":2026,"month":1,"day":2},"endDate":{"year":2026,"month":1,"day":2}},"localizationSettings":{"currencyCode":"TRY"}}} []
[2026-01-02T15:33:44.064651+00:00] admob_service_verbose.INFO: saveStatistic: extracted report date from header {"report_date":"2026-01-02"} []
[2026-01-02T15:33:44.064691+00:00] admob_service_verbose.INFO: saveStatistic: processing row {"key":1,"app_id_value":"ca-app-pub-3228663599583295~8764218087","app_label":"Yara VPN","report_date":"2026-01-02"} []
[2026-01-02T15:33:44.744782+00:00] admob_service_verbose.INFO: saveStatistic: upserted statistic row {"stat_id":291621,"app_id":12875,"panel_id":13,"user_id":10,"report_date":"2026-01-02","currency":"TRY","estimated_earnings":151017529.0,"ad_requests":6422,"impression_rpm":47.76012949355643,"clicks":89,"impressions":3162,"impression_ctr":0.028146742567994938,"matched_requests":6300,"show_rate":0.5019047619047619,"match_rate":0.9810028028651511,"delta_earnings":5689624.0,"delta_impressions":173,"delta_clicks":4} []
[2026-01-02T15:33:44.744852+00:00] admob_service_verbose.INFO: saveStatistic: completed {"timestamp":"2026-01-02 15:33:44"} []
[2026-01-02T15:33:46.378957+00:00] admob_service_verbose.INFO: saveStatistic: entry {"items_count":4} []
[2026-01-02T15:33:46.379009+00:00] admob_service_verbose.INFO: saveStatistic: raw header {"header":{"dateRange":{"startDate":{"year":2026,"month":1,"day":2},"endDate":{"year":2026,"month":1,"day":2}},"localizationSettings":{"currencyCode":"TRY"}}} []
[2026-01-02T15:33:46.379087+00:00] admob_service_verbose.INFO: saveStatistic: extracted report date from header {"report_date":"2026-01-02"} []
[2026-01-02T15:33:46.379108+00:00] admob_service_verbose.INFO: saveStatistic: processing row {"key":1,"app_id_value":"ca-app-pub-3228663599583295~9051174456","app_label":"Asgar VPN","report_date":"2026-01-02"} []
[2026-01-02T15:33:47.052020+00:00] admob_service_verbose.INFO: saveStatistic: upserted statistic row {"stat_id":291622,"app_id":12902,"panel_id":13,"user_id":80,"report_date":"2026-01-02","currency":"TRY","estimated_earnings":896706581.0,"ad_requests":26101,"impression_rpm":41.22978442759573,"clicks":493,"impressions":21749,"impression_ctr":0.02266770886017748,"matched_requests":25984,"show_rate":0.8370150862068966,"match_rate":0.9955174131259339,"delta_earnings":41700770.0,"delta_impressions":1227,"delta_clicks":31} []
[2026-01-02T15:33:47.052087+00:00] admob_service_verbose.INFO: saveStatistic: processing row {"key":2,"app_id_value":"ca-app-pub-3228663599583295~9229568580","app_label":"Raytunnel فیلترشکن قوی امن","report_date":"2026-01-02"} []
[2026-01-02T15:33:47.724331+00:00] admob_service_verbose.INFO: saveStatistic: upserted statistic row {"stat_id":291623,"app_id":12916,"panel_id":13,"user_id":53,"report_date":"2026-01-02","currency":"TRY","estimated_earnings":12039671374.0,"ad_requests":334806,"impression_rpm":48.669324045212925,"clicks":6877,"impressions":247377,"impression_ctr":0.02779967418151243,"matched_requests":333369,"show_rate":0.7420516004787487,"match_rate":0.9957079622228993,"delta_earnings":589448949.0,"delta_impressions":13916,"delta_clicks":457} []
[2026-01-02T15:33:47.724410+00:00] admob_service_verbose.INFO: saveStatistic: completed {"timestamp":"2026-01-02 15:33:47"} []
[2026-01-02T15:33:49.330550+00:00] admob_service_verbose.INFO: saveStatistic: entry {"items_count":2} []
[2026-01-02T15:33:49.330571+00:00] admob_service_verbose.INFO: saveStatistic: raw header {"header":{"dateRange":{"startDate":{"year":2026,"month":1,"day":2},"endDate":{"year":2026,"month":1,"day":2}},"localizationSettings":{"currencyCode":"TRY"}}} []
[2026-01-02T15:33:49.330640+00:00] admob_service_verbose.INFO: saveStatistic: extracted report date from header {"report_date":"2026-01-02"} []
[2026-01-02T15:33:49.330694+00:00] admob_service_verbose.INFO: saveStatistic: completed {"timestamp":"2026-01-02 15:33:49"} []
[2026-01-02T15:33:50.893137+00:00] admob_service_verbose.INFO: saveStatistic: entry {"items_count":3} []
[2026-01-02T15:33:50.893158+00:00] admob_service_verbose.INFO: saveStatistic: raw header {"header":{"dateRange":{"startDate":{"year":2026,"month":1,"day":2},"endDate":{"year":2026,"month":1,"day":2}},"localizationSettings":{"currencyCode":"TRY"}}} []
[2026-01-02T15:33:50.893220+00:00] admob_service_verbose.INFO: saveStatistic: extracted report date from header {"report_date":"2026-01-02"} []
[2026-01-02T15:33:50.893244+00:00] admob_service_verbose.INFO: saveStatistic: processing row {"key":1,"app_id_value":"ca-app-pub-3228663599583295~9745661642","app_label":"فیلتر شکن قوی پرسرعت Mouse VPN","report_date":"2026-01-02"} []
[2026-01-02T15:33:51.545826+00:00] admob_service_verbose.INFO: saveStatistic: upserted statistic row {"stat_id":291624,"app_id":12969,"panel_id":13,"user_id":56,"report_date":"2026-01-02","currency":"TRY","estimated_earnings":2104493917.0,"ad_requests":253101,"impression_rpm":19.784470554097833,"clicks":3675,"impressions":106371,"impression_ctr":0.03454889020503709,"matched_requests":212179,"show_rate":0.5013267099948628,"match_rate":0.8383175096107878,"delta_earnings":121079852.0,"delta_impressions":5515,"delta_clicks":213} []
[2026-01-02T15:33:51.545923+00:00] admob_service_verbose.INFO: saveStatistic: completed {"timestamp":"2026-01-02 15:33:51"} []
[2026-01-02T15:33:52.818676+00:00] admob_service_verbose.INFO: saveStatistic: entry {"items_count":2} []
[2026-01-02T15:33:52.818696+00:00] admob_service_verbose.INFO: saveStatistic: raw header {"header":{"dateRange":{"startDate":{"year":2026,"month":1,"day":2},"endDate":{"year":2026,"month":1,"day":2}},"localizationSettings":{"currencyCode":"TRY"}}} []
[2026-01-02T15:33:52.818762+00:00] admob_service_verbose.INFO: saveStatistic: extracted report date from header {"report_date":"2026-01-02"} []
[2026-01-02T15:33:52.818815+00:00] admob_service_verbose.INFO: saveStatistic: completed {"timestamp":"2026-01-02 15:33:52"} []
[2026-01-02T15:33:54.136136+00:00] admob_service_verbose.INFO: saveStatistic: entry {"items_count":4} []
[2026-01-02T15:33:54.136153+00:00] admob_service_verbose.INFO: saveStatistic: raw header {"header":{"dateRange":{"startDate":{"year":2026,"month":1,"day":2},"endDate":{"year":2026,"month":1,"day":2}},"localizationSettings":{"currencyCode":"TRY"}}} []
[2026-01-02T15:33:54.136210+00:00] admob_service_verbose.INFO: saveStatistic: extracted report date from header {"report_date":"2026-01-02"} []
[2026-01-02T15:33:54.136226+00:00] admob_service_verbose.INFO: saveStatistic: processing row {"key":1,"app_id_value":"ca-app-pub-3228663599583295~1541193321","app_label":"Shine VPN","report_date":"2026-01-02"} []
[2026-01-02T15:33:54.812096+00:00] admob_service_verbose.INFO: saveStatistic: upserted statistic row {"stat_id":291625,"app_id":31655,"panel_id":13,"user_id":129,"report_date":"2026-01-02","currency":"TRY","estimated_earnings":3519698752.0,"ad_requests":109913,"impression_rpm":50.29865599692092,"clicks":2272,"impressions":69976,"impression_ctr":0.032468274837087,"matched_requests":99333,"show_rate":0.7044587397944289,"match_rate":0.9037420505308744,"delta_earnings":145447750.0,"delta_impressions":3257,"delta_clicks":98} []
[2026-01-02T15:33:54.812167+00:00] admob_service_verbose.INFO: saveStatistic: processing row {"key":2,"app_id_value":"ca-app-pub-3228663599583295~2837233202","app_label":"Video Downloader & Story Saver","report_date":"2026-01-02"} []
[2026-01-02T15:33:55.411747+00:00] admob_service_verbose.INFO: saveStatistic: upserted statistic row {"stat_id":291626,"app_id":19392,"panel_id":13,"user_id":97,"report_date":"2026-01-02","currency":"TRY","estimated_earnings":422727521.0,"ad_requests":8080,"impression_rpm":76.26330896148981,"clicks":272,"impressions":5543,"impression_ctr":0.049070900234530035,"matched_requests":7238,"show_rate":0.7658192870958829,"match_rate":0.8957920792079208,"delta_earnings":27999056.0,"delta_impressions":311,"delta_clicks":9} []
[2026-01-02T15:33:55.411824+00:00] admob_service_verbose.INFO: saveStatistic: completed {"timestamp":"2026-01-02 15:33:55"} []
[2026-01-02T15:33:57.136110+00:00] admob_service_verbose.INFO: saveStatistic: entry {"items_count":3} []
[2026-01-02T15:33:57.136131+00:00] admob_service_verbose.INFO: saveStatistic: raw header {"header":{"dateRange":{"startDate":{"year":2026,"month":1,"day":2},"endDate":{"year":2026,"month":1,"day":2}},"localizationSettings":{"currencyCode":"TRY"}}} []
[2026-01-02T15:33:57.136197+00:00] admob_service_verbose.INFO: saveStatistic: extracted report date from header {"report_date":"2026-01-02"} []
[2026-01-02T15:33:57.136231+00:00] admob_service_verbose.INFO: saveStatistic: processing row {"key":1,"app_id_value":"ca-app-pub-3228663599583295~3079250678","app_label":"تل فارسی طلایی","report_date":"2026-01-02"} []
[2026-01-02T15:33:57.845256+00:00] admob_service_verbose.INFO: saveStatistic: upserted statistic row {"stat_id":291627,"app_id":31665,"panel_id":13,"user_id":143,"report_date":"2026-01-02","currency":"TRY","estimated_earnings":322355934.0,"ad_requests":35971,"impression_rpm":20.14346898726586,"clicks":543,"impressions":16003,"impression_ctr":0.03393113791164157,"matched_requests":22397,"show_rate":0.7145153368754744,"match_rate":0.6226404603708543,"delta_earnings":15984217.0,"delta_impressions":772,"delta_clicks":40} []
[2026-01-02T15:33:57.845334+00:00] admob_service_verbose.INFO: saveStatistic: completed {"timestamp":"2026-01-02 15:33:57"} []
[2026-01-02T15:33:59.496176+00:00] admob_service_verbose.INFO: saveStatistic: entry {"items_count":3} []
[2026-01-02T15:33:59.496197+00:00] admob_service_verbose.INFO: saveStatistic: raw header {"header":{"dateRange":{"startDate":{"year":2026,"month":1,"day":2},"endDate":{"year":2026,"month":1,"day":2}},"localizationSettings":{"currencyCode":"TRY"}}} []
[2026-01-02T15:33:59.496263+00:00] admob_service_verbose.INFO: saveStatistic: extracted report date from header {"report_date":"2026-01-02"} []
[2026-01-02T15:33:59.496285+00:00] admob_service_verbose.INFO: saveStatistic: processing row {"key":1,"app_id_value":"ca-app-pub-3228663599583295~7807093432","app_label":"فیلتر شکن پرسرعت قوی Dragon","report_date":"2026-01-02"} []
[2026-01-02T15:34:00.188957+00:00] admob_service_verbose.INFO: saveStatistic: upserted statistic row {"stat_id":291628,"app_id":1498930,"panel_id":13,"user_id":89,"report_date":"2026-01-02","currency":"TRY","estimated_earnings":663982779.0,"ad_requests":30546,"impression_rpm":46.113117557175116,"clicks":569,"impressions":14399,"impression_ctr":0.0395166330995208,"matched_requests":29313,"show_rate":0.491215501654556,"match_rate":0.9596346493812611,"delta_earnings":25978003.0,"delta_impressions":693,"delta_clicks":34} []
[2026-01-02T15:34:00.189043+00:00] admob_service_verbose.INFO: saveStatistic: completed {"timestamp":"2026-01-02 15:34:00"} []
[2026-01-02T15:34:02.181085+00:00] admob_service_verbose.INFO: saveStatistic: entry {"items_count":13} []
[2026-01-02T15:34:02.181105+00:00] admob_service_verbose.INFO: saveStatistic: raw header {"header":{"dateRange":{"startDate":{"year":2026,"month":1,"day":2},"endDate":{"year":2026,"month":1,"day":2}},"localizationSettings":{"currencyCode":"TRY"}}} []
[2026-01-02T15:34:02.181171+00:00] admob_service_verbose.INFO: saveStatistic: extracted report date from header {"report_date":"2026-01-02"} []
[2026-01-02T15:34:02.181191+00:00] admob_service_verbose.INFO: saveStatistic: processing row {"key":1,"app_id_value":"ca-app-pub-3228663599583295~2522323841","app_label":"Flux VPN","report_date":"2026-01-02"} []
[2026-01-02T15:34:02.191519+00:00] admob_service_verbose.INFO: saveStatistic: upserted statistic row {"stat_id":291629,"app_id":17839083,"panel_id":13,"user_id":274,"report_date":"2026-01-02","currency":"TRY","estimated_earnings":8113877627.0,"ad_requests":346804,"impression_rpm":37.682704553409955,"clicks":9532,"impressions":215321,"impression_ctr":0.04426878938886593,"matched_requests":316374,"show_rate":0.6805900611301814,"match_rate":0.9122559140032986,"delta_earnings":349287948.0,"delta_impressions":10496,"delta_clicks":420} []
[2026-01-02T15:34:02.191590+00:00] admob_service_verbose.INFO: saveStatistic: processing row {"key":2,"app_id_value":"ca-app-pub-3228663599583295~3308873745","app_label":"فیلتر شکن قوی پرسرعت Peach Vpn","report_date":"2026-01-02"} []
[2026-01-02T15:34:02.855798+00:00] admob_service_verbose.INFO: saveStatistic: upserted statistic row {"stat_id":291630,"app_id":7059896,"panel_id":13,"user_id":99,"report_date":"2026-01-02","currency":"TRY","estimated_earnings":5133399938.0,"ad_requests":284095,"impression_rpm":31.436357138028725,"clicks":6169,"impressions":163295,"impression_ctr":0.037778254080039195,"matched_requests":268967,"show_rate":0.6071190889588686,"match_rate":0.9467502067970222,"delta_earnings":277954977.0,"delta_impressions":9165,"delta_clicks":409} []
[2026-01-02T15:34:02.855885+00:00] admob_service_verbose.INFO: saveStatistic: processing row {"key":3,"app_id_value":"ca-app-pub-3228663599583295~4114554846","app_label":"فیلتر شکن قوی پرسرعت Lemon Vpn","report_date":"2026-01-02"} []
[2026-01-02T15:34:02.863217+00:00] admob_service_verbose.INFO: saveStatistic: upserted statistic row {"stat_id":291631,"app_id":13737169,"panel_id":13,"user_id":99,"report_date":"2026-01-02","currency":"TRY","estimated_earnings":1465472492.0,"ad_requests":63501,"impression_rpm":32.60373081560059,"clicks":1829,"impressions":44948,"impression_ctr":0.04069146569369049,"matched_requests":61361,"show_rate":0.7325173970437249,"match_rate":0.966299743311129,"delta_earnings":68551389.0,"delta_impressions":2556,"delta_clicks":146} []
[2026-01-02T15:34:02.863269+00:00] admob_service_verbose.INFO: saveStatistic: processing row {"key":4,"app_id_value":"ca-app-pub-3228663599583295~4177891800","app_label":"jana vpn","report_date":"2026-01-02"} []
[2026-01-02T15:34:03.578331+00:00] admob_service_verbose.INFO: saveStatistic: upserted statistic row {"stat_id":291632,"app_id":10493626,"panel_id":13,"user_id":53,"report_date":"2026-01-02","currency":"TRY","estimated_earnings":4030957211.0,"ad_requests":107188,"impression_rpm":49.812871796484856,"clicks":1860,"impressions":80922,"impression_ctr":0.02298509675984281,"matched_requests":106880,"show_rate":0.7571294910179641,"match_rate":0.9971265440161212,"delta_earnings":180918892.0,"delta_impressions":4708,"delta_clicks":110} []
[2026-01-02T15:34:03.578400+00:00] admob_service_verbose.INFO: saveStatistic: processing row {"key":5,"app_id_value":"ca-app-pub-3228663599583295~4512104119","app_label":"فیلتر شکن قوی پرسرعت Tiger VPN","report_date":"2026-01-02"} []
[2026-01-02T15:34:03.586593+00:00] admob_service_verbose.INFO: saveStatistic: upserted statistic row {"stat_id":291633,"app_id":14044079,"panel_id":13,"user_id":89,"report_date":"2026-01-02","currency":"TRY","estimated_earnings":29413483770.0,"ad_requests":932494,"impression_rpm":52.357935213952004,"clicks":23540,"impressions":561777,"impression_ctr":0.04190274788750697,"matched_requests":921580,"show_rate":0.6095802860305128,"match_rate":0.9882959032444176,"delta_earnings":1234655138.0,"delta_impressions":29126,"delta_clicks":1479} []
[2026-01-02T15:34:03.586660+00:00] admob_service_verbose.INFO: saveStatistic: processing row {"key":6,"app_id_value":"ca-app-pub-3228663599583295~6057812006","app_label":"V2 VPN - Safe Proxy","report_date":"2026-01-02"} []
[2026-01-02T15:34:03.594911+00:00] admob_service_verbose.INFO: saveStatistic: upserted statistic row {"stat_id":291634,"app_id":15546595,"panel_id":13,"user_id":7,"report_date":"2026-01-02","currency":"TRY","estimated_earnings":4298750516.0,"ad_requests":141464,"impression_rpm":41.33135766490821,"clicks":2598,"impressions":104007,"impression_ctr":0.024979087946003634,"matched_requests":138428,"show_rate":0.7513436587973531,"match_rate":0.9785387094949952,"delta_earnings":203756559.0,"delta_impressions":5512,"delta_clicks":139} []
[2026-01-02T15:34:03.595000+00:00] admob_service_verbose.INFO: saveStatistic: processing row {"key":7,"app_id_value":"ca-app-pub-3228663599583295~6310799735","app_label":"V2 Box - Secure VPN","report_date":"2026-01-02"} []
[2026-01-02T15:34:03.602675+00:00] admob_service_verbose.INFO: saveStatistic: upserted statistic row {"stat_id":291635,"app_id":15817022,"panel_id":13,"user_id":7,"report_date":"2026-01-02","currency":"TRY","estimated_earnings":404441185.0,"ad_requests":13060,"impression_rpm":47.64858453701781,"clicks":285,"impressions":8488,"impression_ctr":0.03357681432610744,"matched_requests":12617,"show_rate":0.6727431243560276,"match_rate":0.9660796324655436,"delta_earnings":15015861.0,"delta_impressions":434,"delta_clicks":13} []
[2026-01-02T15:34:03.602754+00:00] admob_service_verbose.INFO: saveStatistic: processing row {"key":8,"app_id_value":"ca-app-pub-3228663599583295~7645820294","app_label":"فیلترشکن قوی پرسرعت Ninja Vpn","report_date":"2026-01-02"} []
[2026-01-02T15:34:03.609958+00:00] admob_service_verbose.INFO: saveStatistic: upserted statistic row {"stat_id":291636,"app_id":16435709,"panel_id":13,"user_id":99,"report_date":"2026-01-02","currency":"TRY","estimated_earnings":2074544479.0,"ad_requests":90997,"impression_rpm":30.311428518204796,"clicks":2863,"impressions":68441,"impression_ctr":0.04183165061878114,"matched_requests":89618,"show_rate":0.7636970251511973,"match_rate":0.9848456542523379,"delta_earnings":111863904.0,"delta_impressions":4134,"delta_clicks":181} []
[2026-01-02T15:34:03.610009+00:00] admob_service_verbose.INFO: saveStatistic: processing row {"key":9,"app_id_value":"ca-app-pub-3228663599583295~7871293419","app_label":"V2 Pro - v2ray VPN","report_date":"2026-01-02"} []
[2026-01-02T15:34:03.617928+00:00] admob_service_verbose.INFO: saveStatistic: upserted statistic row {"stat_id":291637,"app_id":15817023,"panel_id":13,"user_id":7,"report_date":"2026-01-02","currency":"TRY","estimated_earnings":2357944794.0,"ad_requests":84758,"impression_rpm":37.806358837913905,"clicks":1327,"impressions":62369,"impression_ctr":0.02127659574468085,"matched_requests":81762,"show_rate":0.7628115750593185,"match_rate":0.9646523042072724,"delta_earnings":109907349.0,"delta_impressions":3312,"delta_clicks":67} []
[2026-01-02T15:34:03.617987+00:00] admob_service_verbose.INFO: saveStatistic: processing row {"key":10,"app_id_value":"ca-app-pub-3228663599583295~8678101566","app_label":"Savash VPN","report_date":"2026-01-02"} []
[2026-01-02T15:34:04.250864+00:00] admob_service_verbose.INFO: saveStatistic: upserted statistic row {"stat_id":291638,"app_id":6955375,"panel_id":13,"user_id":180,"report_date":"2026-01-02","currency":"TRY","estimated_earnings":369278841.0,"ad_requests":9613,"impression_rpm":52.106510744114004,"clicks":198,"impressions":7087,"impression_ctr":0.02793847890503739,"matched_requests":9510,"show_rate":0.7452155625657203,"match_rate":0.9892853427650057,"delta_earnings":24193798.0,"delta_impressions":596,"delta_clicks":13} []
[2026-01-02T15:34:04.251074+00:00] admob_service_verbose.INFO: saveStatistic: processing row {"key":11,"app_id_value":"ca-app-pub-3228663599583295~8765157089","app_label":"Gozal VPN","report_date":"2026-01-02"} []
[2026-01-02T15:34:04.917125+00:00] admob_service_verbose.INFO: saveStatistic: upserted statistic row {"stat_id":291639,"app_id":6388759,"panel_id":13,"user_id":48,"report_date":"2026-01-02","currency":"TRY","estimated_earnings":1575845093.0,"ad_requests":54784,"impression_rpm":37.85359340625462,"clicks":1005,"impressions":41630,"impression_ctr":0.02414124429497958,"matched_requests":53300,"show_rate":0.7810506566604127,"match_rate":0.9729117990654206,"delta_earnings":17974616.0,"delta_impressions":631,"delta_clicks":10} []
[2026-01-02T15:34:04.917258+00:00] admob_service_verbose.INFO: saveStatistic: completed {"timestamp":"2026-01-02 15:34:04"} []
[2026-01-02T15:34:06.525740+00:00] admob_service_verbose.INFO: saveStatistic: entry {"items_count":15} []
[2026-01-02T15:34:06.525780+00:00] admob_service_verbose.INFO: saveStatistic: raw header {"header":{"dateRange":{"startDate":{"year":2026,"month":1,"day":2},"endDate":{"year":2026,"month":1,"day":2}},"localizationSettings":{"currencyCode":"TRY"}}} []
[2026-01-02T15:34:06.525943+00:00] admob_service_verbose.INFO: saveStatistic: extracted report date from header {"report_date":"2026-01-02"} []
[2026-01-02T15:34:06.525999+00:00] admob_service_verbose.INFO: saveStatistic: processing row {"key":1,"app_id_value":"ca-app-pub-3228663599583295~3021334487","app_label":"فیلتر شکن قوی پرسرعت Eleph VPN","report_date":"2026-01-02"} []
[2026-01-02T15:34:06.535232+00:00] admob_service_verbose.INFO: saveStatistic: upserted statistic row {"stat_id":291640,"app_id":30676480,"panel_id":13,"user_id":89,"report_date":"2026-01-02","currency":"TRY","estimated_earnings":3685564785.0,"ad_requests":117804,"impression_rpm":48.04480173021578,"clicks":3252,"impressions":76711,"impression_ctr":0.04239287716233656,"matched_requests":117621,"show_rate":0.6521879596330588,"match_rate":0.9984465722725884,"delta_earnings":147518621.0,"delta_impressions":3742,"delta_clicks":133} []
[2026-01-02T15:34:06.535314+00:00] admob_service_verbose.INFO: saveStatistic: processing row {"key":2,"app_id_value":"ca-app-pub-3228663599583295~3627613184","app_label":"فیلتر شکن قوی پرسرعت Homa Vpn","report_date":"2026-01-02"} []
[2026-01-02T15:34:06.546653+00:00] admob_service_verbose.INFO: saveStatistic: upserted statistic row {"stat_id":291641,"app_id":24152724,"panel_id":13,"user_id":99,"report_date":"2026-01-02","currency":"TRY","estimated_earnings":7772624042.0,"ad_requests":332938,"impression_rpm":34.38985926630668,"clicks":7914,"impressions":226015,"impression_ctr":0.0350153750857244,"matched_requests":328076,"show_rate":0.6889104963484071,"match_rate":0.9853966804630292,"delta_earnings":358042509.0,"delta_impressions":13830,"delta_clicks":493} []
[2026-01-02T15:34:06.546717+00:00] admob_service_verbose.INFO: saveStatistic: processing row {"key":3,"app_id_value":"ca-app-pub-3228663599583295~5620361525","app_label":"فیلتر شکن قوی پرسرعت Ghost Vpn","report_date":"2026-01-02"} []
[2026-01-02T15:34:06.558439+00:00] admob_service_verbose.INFO: saveStatistic: upserted statistic row {"stat_id":291642,"app_id":20377062,"panel_id":13,"user_id":89,"report_date":"2026-01-02","currency":"TRY","estimated_earnings":1128969282.0,"ad_requests":45707,"impression_rpm":54.16799169202071,"clicks":1097,"impressions":20842,"impression_ctr":0.05263410421264754,"matched_requests":45456,"show_rate":0.45850932770151354,"match_rate":0.9945084997921544,"delta_earnings":33415854.0,"delta_impressions":849,"delta_clicks":42} []
[2026-01-02T15:34:06.558508+00:00] admob_service_verbose.INFO: saveStatistic: processing row {"key":4,"app_id_value":"ca-app-pub-3228663599583295~5733687720","app_label":"فیلتر شکن Jet VPN","report_date":"2026-01-02"} []
[2026-01-02T15:34:06.565508+00:00] admob_service_verbose.INFO: saveStatistic: upserted statistic row {"stat_id":291643,"app_id":25331638,"panel_id":13,"user_id":89,"report_date":"2026-01-02","currency":"TRY","estimated_earnings":6651750326.0,"ad_requests":193667,"impression_rpm":57.035372573273875,"clicks":5909,"impressions":116625,"impression_ctr":0.050666666666666665,"matched_requests":192904,"show_rate":0.6045753328080289,"match_rate":0.9960602477448404,"delta_earnings":283907363.0,"delta_impressions":6005,"delta_clicks":340} []
[2026-01-02T15:34:06.565567+00:00] admob_service_verbose.INFO: saveStatistic: processing row {"key":5,"app_id_value":"ca-app-pub-3228663599583295~6713513313","app_label":"فیلتر شکن قوی پرسرعت Rabbit","report_date":"2026-01-02"} []
[2026-01-02T15:34:06.571430+00:00] admob_service_verbose.INFO: saveStatistic: upserted statistic row {"stat_id":291644,"app_id":25810549,"panel_id":13,"user_id":99,"report_date":"2026-01-02","currency":"TRY","estimated_earnings":4235325117.0,"ad_requests":85675,"impression_rpm":64.67922662166559,"clicks":2002,"impressions":65482,"impression_ctr":0.03057328731559818,"matched_requests":84873,"show_rate":0.7715292260200535,"match_rate":0.9906390428946601,"delta_earnings":203380828.0,"delta_impressions":3854,"delta_clicks":131} []
[2026-01-02T15:34:06.571488+00:00] admob_service_verbose.INFO: saveStatistic: processing row {"key":6,"app_id_value":"ca-app-pub-3228663599583295~7236742592","app_label":"فیلتر شکن قوی پرسرعت Del vpn","report_date":"2026-01-02"} []
[2026-01-02T15:34:06.579773+00:00] admob_service_verbose.INFO: saveStatistic: upserted statistic row {"stat_id":291645,"app_id":25390487,"panel_id":13,"user_id":89,"report_date":"2026-01-02","currency":"TRY","estimated_earnings":715589372.0,"ad_requests":21225,"impression_rpm":70.48752684534973,"clicks":493,"impressions":10152,"impression_ctr":0.0485618597320725,"matched_requests":21126,"show_rate":0.4805452996307867,"match_rate":0.9953356890459364,"delta_earnings":19674627.0,"delta_impressions":520,"delta_clicks":18} []
[2026-01-02T15:34:06.579909+00:00] admob_service_verbose.INFO: saveStatistic: processing row {"key":7,"app_id_value":"ca-app-pub-3228663599583295~7253387605","app_label":"فیلتر شکن قوی پرسرعت Unic vpn","report_date":"2026-01-02"} []
[2026-01-02T15:34:06.590661+00:00] admob_service_verbose.INFO: saveStatistic: upserted statistic row {"stat_id":291646,"app_id":25220062,"panel_id":13,"user_id":89,"report_date":"2026-01-02","currency":"TRY","estimated_earnings":1910638396.0,"ad_requests":52342,"impression_rpm":64.14336443505786,"clicks":1494,"impressions":29787,"impression_ctr":0.0501561083694229,"matched_requests":51852,"show_rate":0.5744619301087711,"match_rate":0.9906384929884223,"delta_earnings":75562727.0,"delta_impressions":1409,"delta_clicks":111} []
[2026-01-02T15:34:06.590753+00:00] admob_service_verbose.INFO: saveStatistic: processing row {"key":8,"app_id_value":"ca-app-pub-3228663599583295~7524010029","app_label":"Sheep VPN","report_date":"2026-01-02"} []
[2026-01-02T15:34:06.600218+00:00] admob_service_verbose.INFO: saveStatistic: upserted statistic row {"stat_id":291647,"app_id":26108477,"panel_id":13,"user_id":53,"report_date":"2026-01-02","currency":"TRY","estimated_earnings":2474293448.0,"ad_requests":85628,"impression_rpm":41.781382109230236,"clicks":1380,"impressions":59220,"impression_ctr":0.02330293819655522,"matched_requests":85221,"show_rate":0.6948991445770408,"match_rate":0.9952468818610735,"delta_earnings":109603986.0,"delta_impressions":3404,"delta_clicks":59} []
[2026-01-02T15:34:06.600280+00:00] admob_service_verbose.INFO: saveStatistic: processing row {"key":9,"app_id_value":"ca-app-pub-3228663599583295~8040893077","app_label":"فیلتر شکن قوی پرسرعت Monkey","report_date":"2026-01-02"} []
[2026-01-02T15:34:06.607144+00:00] admob_service_verbose.INFO: saveStatistic: upserted statistic row {"stat_id":291648,"app_id":26350792,"panel_id":13,"user_id":99,"report_date":"2026-01-02","currency":"TRY","estimated_earnings":1628550924.0,"ad_requests":32635,"impression_rpm":67.4599612644243,"clicks":814,"impressions":24141,"impression_ctr":0.033718570067519986,"matched_requests":32566,"show_rate":0.7412946017318676,"match_rate":0.9978857055308717,"delta_earnings":83807969.0,"delta_impressions":1409,"delta_clicks":62} []
[2026-01-02T15:34:06.607205+00:00] admob_service_verbose.INFO: saveStatistic: processing row {"key":10,"app_id_value":"ca-app-pub-3228663599583295~8266937982","app_label":"فیلتر شکن قوی پرسرعت Taxi Vpn","report_date":"2026-01-02"} []
[2026-01-02T15:34:06.614304+00:00] admob_service_verbose.INFO: saveStatistic: upserted statistic row {"stat_id":291649,"app_id":26749921,"panel_id":13,"user_id":99,"report_date":"2026-01-02","currency":"TRY","estimated_earnings":1092673429.0,"ad_requests":19451,"impression_rpm":101.26723168697707,"clicks":301,"impressions":10790,"impression_ctr":0.027896200185356813,"matched_requests":19369,"show_rate":0.5570757395838711,"match_rate":0.9957842784432677,"delta_earnings":60764675.0,"delta_impressions":698,"delta_clicks":12} []
[2026-01-02T15:34:06.614370+00:00] admob_service_verbose.INFO: saveStatistic: processing row {"key":11,"app_id_value":"ca-app-pub-3228663599583295~8494113823","app_label":"فیلتر شکن قوی پرسرعت Crystal","report_date":"2026-01-02"} []
[2026-01-02T15:34:06.623337+00:00] admob_service_verbose.INFO: saveStatistic: upserted statistic row {"stat_id":291650,"app_id":24989980,"panel_id":13,"user_id":89,"report_date":"2026-01-02","currency":"TRY","estimated_earnings":460631936.0,"ad_requests":10055,"impression_rpm":74.02088008691177,"clicks":216,"impressions":6223,"impression_ctr":0.03470994697091435,"matched_requests":10011,"show_rate":0.6216162221556288,"match_rate":0.9956240676280458,"delta_earnings":17346263.0,"delta_impressions":318,"delta_clicks":8} []
[2026-01-02T15:34:06.623425+00:00] admob_service_verbose.INFO: saveStatistic: processing row {"key":12,"app_id_value":"ca-app-pub-3228663599583295~8594622571","app_label":"فیلتر شکن قوی پرسرعت ice vpn","report_date":"2026-01-02"} []
[2026-01-02T15:34:06.632495+00:00] admob_service_verbose.INFO: saveStatistic: upserted statistic row {"stat_id":291651,"app_id":23158259,"panel_id":13,"user_id":89,"report_date":"2026-01-02","currency":"TRY","estimated_earnings":702092874.0,"ad_requests":36727,"impression_rpm":36.7145779830924,"clicks":675,"impressions":19123,"impression_ctr":0.03529780892119437,"matched_requests":36126,"show_rate":0.5293417483253059,"match_rate":0.9836360170991368,"delta_earnings":20285833.0,"delta_impressions":877,"delta_clicks":29} []
[2026-01-02T15:34:06.632557+00:00] admob_service_verbose.INFO: saveStatistic: processing row {"key":13,"app_id_value":"ca-app-pub-3228663599583295~9011457297","app_label":"فیلتر شکن قوی پرسرعت Kadu Vpn","report_date":"2026-01-02"} []
[2026-01-02T15:34:06.638880+00:00] admob_service_verbose.INFO: saveStatistic: upserted statistic row {"stat_id":291652,"app_id":26075539,"panel_id":13,"user_id":99,"report_date":"2026-01-02","currency":"TRY","estimated_earnings":4566289418.0,"ad_requests":96601,"impression_rpm":63.65497202961143,"clicks":2153,"impressions":71735,"impression_ctr":0.030013243186728933,"matched_requests":96143,"show_rate":0.7461281632568154,"match_rate":0.9952588482520884,"delta_earnings":190149092.0,"delta_impressions":4244,"delta_clicks":94} []
[2026-01-02T15:34:06.638964+00:00] admob_service_verbose.INFO: saveStatistic: completed {"timestamp":"2026-01-02 15:34:06"} []
[2026-01-02T15:34:09.867614+00:00] admob_service_verbose.INFO: saveStatistic: entry {"items_count":12} []
[2026-01-02T15:34:09.867641+00:00] admob_service_verbose.INFO: saveStatistic: raw header {"header":{"dateRange":{"startDate":{"year":2026,"month":1,"day":2},"endDate":{"year":2026,"month":1,"day":2}},"localizationSettings":{"currencyCode":"OMR"}}} []
[2026-01-02T15:34:09.867714+00:00] admob_service_verbose.INFO: saveStatistic: extracted report date from header {"report_date":"2026-01-02"} []
[2026-01-02T15:34:09.867739+00:00] admob_service_verbose.INFO: saveStatistic: processing row {"key":1,"app_id_value":"ca-app-pub-8886570797615271~2510739268","app_label":"Alan VPN","report_date":"2026-01-02"} []
[2026-01-02T15:34:09.886038+00:00] admob_service_verbose.INFO: saveStatistic: upserted statistic row {"stat_id":291653,"app_id":13307276,"panel_id":19,"user_id":42,"report_date":"2026-01-02","currency":"OMR","estimated_earnings":26884838.358,"ad_requests":88609,"impression_rpm":0.3839978095568592,"clicks":1710,"impressions":70013,"impression_ctr":0.024424035536257552,"matched_requests":88068,"show_rate":0.7949879638461189,"match_rate":0.9938945253868118,"delta_earnings":754981.2899999991,"delta_impressions":3461,"delta_clicks":74} []
[2026-01-02T15:34:09.886091+00:00] admob_service_verbose.INFO: saveStatistic: processing row {"key":2,"app_id_value":"ca-app-pub-8886570797615271~3707399691","app_label":"فیلتر شکن قوی پرسرعت Horse Vpn","report_date":"2026-01-02"} []
[2026-01-02T15:34:09.905930+00:00] admob_service_verbose.INFO: saveStatistic: upserted statistic row {"stat_id":291654,"app_id":16223920,"panel_id":19,"user_id":56,"report_date":"2026-01-02","currency":"OMR","estimated_earnings":47069364.384,"ad_requests":91498,"impression_rpm":0.7938435332531725,"clicks":1671,"impressions":59293,"impression_ctr":0.028182078828866815,"matched_requests":90988,"show_rate":0.6516573614102958,"match_rate":0.9944261076744847,"delta_earnings":2549007.0900000036,"delta_impressions":3031,"delta_clicks":86} []
[2026-01-02T15:34:09.905991+00:00] admob_service_verbose.INFO: saveStatistic: processing row {"key":3,"app_id_value":"ca-app-pub-8886570797615271~4341325444","app_label":"Nod VPN","report_date":"2026-01-02"} []
[2026-01-02T15:34:09.925599+00:00] admob_service_verbose.INFO: saveStatistic: upserted statistic row {"stat_id":291655,"app_id":22690239,"panel_id":19,"user_id":1312,"report_date":"2026-01-02","currency":"OMR","estimated_earnings":11210876.334,"ad_requests":31968,"impression_rpm":0.43596642511149797,"clicks":788,"impressions":25715,"impression_ctr":0.030643593233521293,"matched_requests":31900,"show_rate":0.8061128526645768,"match_rate":0.9978728728728729,"delta_earnings":137429.0820000004,"delta_impressions":439,"delta_clicks":12} []
[2026-01-02T15:34:09.925738+00:00] admob_service_verbose.INFO: saveStatistic: processing row {"key":4,"app_id_value":"ca-app-pub-8886570797615271~5739832984","app_label":"Air VPN","report_date":"2026-01-02"} []
[2026-01-02T15:34:09.945771+00:00] admob_service_verbose.INFO: saveStatistic: upserted statistic row {"stat_id":291656,"app_id":13822072,"panel_id":19,"user_id":8,"report_date":"2026-01-02","currency":"OMR","estimated_earnings":5107510.674,"ad_requests":17349,"impression_rpm":0.3862303931197153,"clicks":488,"impressions":13224,"impression_ctr":0.03690260133091349,"matched_requests":17151,"show_rate":0.7710337589644919,"match_rate":0.988587238457548,"delta_earnings":179763.94799999986,"delta_impressions":622,"delta_clicks":13} []
[2026-01-02T15:34:09.945873+00:00] admob_service_verbose.INFO: saveStatistic: processing row {"key":5,"app_id_value":"ca-app-pub-8886570797615271~5762591742","app_label":"Video Downloader No Watermark","report_date":"2026-01-02"} []
[2026-01-02T15:34:09.969557+00:00] admob_service_verbose.INFO: saveStatistic: upserted statistic row {"stat_id":291657,"app_id":12080157,"panel_id":19,"user_id":97,"report_date":"2026-01-02","currency":"OMR","estimated_earnings":5300011.71,"ad_requests":5460,"impression_rpm":1.2400589368067898,"clicks":306,"impressions":4274,"impression_ctr":0.07159569489939167,"matched_requests":5125,"show_rate":0.8339512195121951,"match_rate":0.9386446886446886,"delta_earnings":199749.9419999998,"delta_impressions":187,"delta_clicks":13} []
[2026-01-02T15:34:09.969658+00:00] admob_service_verbose.INFO: saveStatistic: processing row {"key":6,"app_id_value":"ca-app-pub-8886570797615271~6016592516","app_label":"Artemis Vpn","report_date":"2026-01-02"} []
[2026-01-02T15:34:09.990592+00:00] admob_service_verbose.INFO: saveStatistic: upserted statistic row {"stat_id":291658,"app_id":23211265,"panel_id":19,"user_id":1311,"report_date":"2026-01-02","currency":"OMR","estimated_earnings":6667884.846,"ad_requests":14806,"impression_rpm":0.5320262554735857,"clicks":483,"impressions":12533,"impression_ctr":0.0385382589962499,"matched_requests":14796,"show_rate":0.8470532576371993,"match_rate":0.9993245981358908,"delta_earnings":337819.7340000002,"delta_impressions":788,"delta_clicks":26} []
[2026-01-02T15:34:09.990681+00:00] admob_service_verbose.INFO: saveStatistic: processing row {"key":7,"app_id_value":"ca-app-pub-8886570797615271~6892346139","app_label":"Ultraunique VPN: Secure & Fast","report_date":"2026-01-02"} []
[2026-01-02T15:34:10.013369+00:00] admob_service_verbose.INFO: saveStatistic: upserted statistic row {"stat_id":291659,"app_id":14256914,"panel_id":19,"user_id":56,"report_date":"2026-01-02","currency":"OMR","estimated_earnings":118798.21800000001,"ad_requests":4509,"impression_rpm":0.0655258388006728,"clicks":70,"impressions":1813,"impression_ctr":0.03861003861003861,"matched_requests":3367,"show_rate":0.5384615384615384,"match_rate":0.7467287646928366,"delta_earnings":7102.62000000001,"delta_impressions":100,"delta_clicks":4} []
[2026-01-02T15:34:10.013436+00:00] admob_service_verbose.INFO: saveStatistic: processing row {"key":8,"app_id_value":"ca-app-pub-8886570797615271~7554459914","app_label":"Zar VPN","report_date":"2026-01-02"} []
[2026-01-02T15:34:10.040972+00:00] admob_service_verbose.INFO: saveStatistic: upserted statistic row {"stat_id":291660,"app_id":23623877,"panel_id":19,"user_id":86,"report_date":"2026-01-02","currency":"OMR","estimated_earnings":530999.658,"ad_requests":4678,"impression_rpm":0.14628097886539826,"clicks":128,"impressions":3630,"impression_ctr":0.03526170798898071,"matched_requests":4257,"show_rate":0.8527131782945736,"match_rate":0.9100042753313382,"delta_earnings":20809.656000000075,"delta_impressions":160,"delta_clicks":3} []
[2026-01-02T15:34:10.041046+00:00] admob_service_verbose.INFO: saveStatistic: processing row {"key":9,"app_id_value":"ca-app-pub-8886570797615271~7889568732","app_label":"Golden VPN - وی پی ان پر قدرت","report_date":"2026-01-02"} []
[2026-01-02T15:34:10.056408+00:00] admob_service_verbose.INFO: saveStatistic: upserted statistic row {"stat_id":291661,"app_id":15707353,"panel_id":19,"user_id":1204,"report_date":"2026-01-02","currency":"OMR","estimated_earnings":25011370.566,"ad_requests":68518,"impression_rpm":0.4306439630827541,"clicks":2653,"impressions":58079,"impression_ctr":0.04567916114258166,"matched_requests":68443,"show_rate":0.8485747264146808,"match_rate":0.9989053971219242,"delta_earnings":1546266.4560000002,"delta_impressions":3675,"delta_clicks":183} []
[2026-01-02T15:34:10.056465+00:00] admob_service_verbose.INFO: saveStatistic: processing row {"key":10,"app_id_value":"ca-app-pub-8886570797615271~7938437446","app_label":"Nero VPN","report_date":"2026-01-02"} []
[2026-01-02T15:34:10.069545+00:00] admob_service_verbose.INFO: saveStatistic: upserted statistic row {"stat_id":291662,"app_id":23627557,"panel_id":19,"user_id":53,"report_date":"2026-01-02","currency":"OMR","estimated_earnings":8864856.756000001,"ad_requests":27813,"impression_rpm":0.41591710180037705,"clicks":522,"impressions":21314,"impression_ctr":0.02449094491883269,"matched_requests":27698,"show_rate":0.7695140443353311,"match_rate":0.9958652428720383,"delta_earnings":428298.19200000167,"delta_impressions":1163,"delta_clicks":35} []
[2026-01-02T15:34:10.069628+00:00] admob_service_verbose.INFO: saveStatistic: completed {"timestamp":"2026-01-02 15:34:10"} []
[2026-01-02T15:34:14.175222+00:00] admob_service_verbose.INFO: saveStatistic: entry {"items_count":18} []
[2026-01-02T15:34:14.175244+00:00] admob_service_verbose.INFO: saveStatistic: raw header {"header":{"dateRange":{"startDate":{"year":2026,"month":1,"day":2},"endDate":{"year":2026,"month":1,"day":2}},"localizationSettings":{"currencyCode":"OMR"}}} []
[2026-01-02T15:34:14.175310+00:00] admob_service_verbose.INFO: saveStatistic: extracted report date from header {"report_date":"2026-01-02"} []
[2026-01-02T15:34:14.175330+00:00] admob_service_verbose.INFO: saveStatistic: processing row {"key":1,"app_id_value":"ca-app-pub-8886570797615271~1090725314","app_label":"Zaal VPN – Secure Connection","report_date":"2026-01-02"} []
[2026-01-02T15:34:14.190092+00:00] admob_service_verbose.INFO: saveStatistic: upserted statistic row {"stat_id":291663,"app_id":28930463,"panel_id":19,"user_id":197,"report_date":"2026-01-02","currency":"OMR","estimated_earnings":107944796.61,"ad_requests":271574,"impression_rpm":0.4645564314320383,"clicks":5391,"impressions":232361,"impression_ctr":0.02320096746011594,"matched_requests":271089,"show_rate":0.8571391683174161,"match_rate":0.9982141147532533,"delta_earnings":4549445.459999993,"delta_impressions":12475,"delta_clicks":307} []
[2026-01-02T15:34:14.190150+00:00] admob_service_verbose.INFO: saveStatistic: processing row {"key":2,"app_id_value":"ca-app-pub-8886570797615271~1111217327","app_label":"bear VPN Fast & Secure","report_date":"2026-01-02"} []
[2026-01-02T15:34:14.196023+00:00] admob_service_verbose.INFO: saveStatistic: upserted statistic row {"stat_id":291664,"app_id":32037515,"panel_id":19,"user_id":358,"report_date":"2026-01-02","currency":"OMR","estimated_earnings":1760123.358,"ad_requests":2450,"impression_rpm":0.9357381971193579,"clicks":111,"impressions":1881,"impression_ctr":0.05901116427432217,"matched_requests":2449,"show_rate":0.768068599428338,"match_rate":0.9995918367346939,"delta_earnings":44263.80000000005,"delta_impressions":81,"delta_clicks":2} []
[2026-01-02T15:34:14.196075+00:00] admob_service_verbose.INFO: saveStatistic: processing row {"key":3,"app_id_value":"ca-app-pub-8886570797615271~3301633250","app_label":"Soor VPN","report_date":"2026-01-02"} []
[2026-01-02T15:34:14.209296+00:00] admob_service_verbose.INFO: saveStatistic: upserted statistic row {"stat_id":291665,"app_id":29139592,"panel_id":19,"user_id":103,"report_date":"2026-01-02","currency":"OMR","estimated_earnings":1233173.97,"ad_requests":1648,"impression_rpm":0.9413543872995833,"clicks":100,"impressions":1310,"impression_ctr":0.07633587786259542,"matched_requests":1646,"show_rate":0.795868772782503,"match_rate":0.9987864077669902,"delta_earnings":34044.570000000065,"delta_impressions":66,"delta_clicks":3} []
[2026-01-02T15:34:14.209385+00:00] admob_service_verbose.INFO: saveStatistic: processing row {"key":4,"app_id_value":"ca-app-pub-8886570797615271~3372933752","app_label":"Asal VPN","report_date":"2026-01-02"} []
[2026-01-02T15:34:14.217993+00:00] admob_service_verbose.INFO: saveStatistic: upserted statistic row {"stat_id":291666,"app_id":30027110,"panel_id":19,"user_id":79,"report_date":"2026-01-02","currency":"OMR","estimated_earnings":0.0,"ad_requests":3,"impression_rpm":null,"clicks":0,"impressions":0,"impression_ctr":null,"matched_requests":3,"show_rate":0.0,"match_rate":1.0,"delta_earnings":0.0,"delta_impressions":0,"delta_clicks":0} []
[2026-01-02T15:34:14.218041+00:00] admob_service_verbose.INFO: saveStatistic: processing row {"key":5,"app_id_value":"ca-app-pub-8886570797615271~3656312931","app_label":"Zeno VPN","report_date":"2026-01-02"} []
[2026-01-02T15:34:14.229769+00:00] admob_service_verbose.INFO: saveStatistic: upserted statistic row {"stat_id":291667,"app_id":28550760,"panel_id":19,"user_id":647,"report_date":"2026-01-02","currency":"OMR","estimated_earnings":25834647.384,"ad_requests":56714,"impression_rpm":0.5609398927850884,"clicks":1066,"impressions":46056,"impression_ctr":0.023145735626194198,"matched_requests":56477,"show_rate":0.8154824087681711,"match_rate":0.995821137637973,"delta_earnings":1093334.3819999993,"delta_impressions":2515,"delta_clicks":70} []
[2026-01-02T15:34:14.229832+00:00] admob_service_verbose.INFO: saveStatistic: processing row {"key":6,"app_id_value":"ca-app-pub-8886570797615271~3763806913","app_label":"Chance VPN","report_date":"2026-01-02"} []
[2026-01-02T15:34:14.241635+00:00] admob_service_verbose.INFO: saveStatistic: upserted statistic row {"stat_id":291668,"app_id":28495760,"panel_id":19,"user_id":167,"report_date":"2026-01-02","currency":"OMR","estimated_earnings":66475982.664,"ad_requests":150143,"impression_rpm":0.5310601315792821,"clicks":2692,"impressions":125176,"impression_ctr":0.021505719946315588,"matched_requests":149245,"show_rate":0.8387282656035379,"match_rate":0.9940190351864556,"delta_earnings":3961103.579999998,"delta_impressions":8112,"delta_clicks":198} []
[2026-01-02T15:34:14.241689+00:00] admob_service_verbose.INFO: saveStatistic: processing row {"key":7,"app_id_value":"ca-app-pub-8886570797615271~4118038829","app_label":"Kanka VPN","report_date":"2026-01-02"} []
[2026-01-02T15:34:14.253022+00:00] admob_service_verbose.INFO: saveStatistic: upserted statistic row {"stat_id":291669,"app_id":29266401,"panel_id":19,"user_id":676,"report_date":"2026-01-02","currency":"OMR","estimated_earnings":20539782.144,"ad_requests":43238,"impression_rpm":0.5617948706716545,"clicks":784,"impressions":36561,"impression_ctr":0.02144361478077733,"matched_requests":43157,"show_rate":0.8471626850800565,"match_rate":0.9981266478560525,"delta_earnings":1107618.246000003,"delta_impressions":2145,"delta_clicks":44} []
[2026-01-02T15:34:14.253075+00:00] admob_service_verbose.INFO: saveStatistic: processing row {"key":8,"app_id_value":"ca-app-pub-8886570797615271~4482444489","app_label":"Shah VPN | اتصال سریع","report_date":"2026-01-02"} []
[2026-01-02T15:34:14.258324+00:00] admob_service_verbose.INFO: saveStatistic: upserted statistic row {"stat_id":291670,"app_id":32442617,"panel_id":19,"user_id":77,"report_date":"2026-01-02","currency":"OMR","estimated_earnings":41948053.686,"ad_requests":36024,"impression_rpm":1.9619313282413682,"clicks":1660,"impressions":21381,"impression_ctr":0.07763902530283896,"matched_requests":36007,"show_rate":0.5938012053211875,"match_rate":0.9995280923828559,"delta_earnings":1362563.747999996,"delta_impressions":894,"delta_clicks":73} []
[2026-01-02T15:34:14.258407+00:00] admob_service_verbose.INFO: saveStatistic: processing row {"key":9,"app_id_value":"ca-app-pub-8886570797615271~4640632678","app_label":"Sakine VPN","report_date":"2026-01-02"} []
[2026-01-02T15:34:14.275819+00:00] admob_service_verbose.INFO: saveStatistic: upserted statistic row {"stat_id":291671,"app_id":28776063,"panel_id":19,"user_id":651,"report_date":"2026-01-02","currency":"OMR","estimated_earnings":1003658.796,"ad_requests":803,"impression_rpm":1.4913207366924872,"clicks":38,"impressions":673,"impression_ctr":0.05646359583952452,"matched_requests":802,"show_rate":0.8391521197007481,"match_rate":0.9987546699875467,"delta_earnings":66661.81199999992,"delta_impressions":43,"delta_clicks":2} []
[2026-01-02T15:34:14.275941+00:00] admob_service_verbose.INFO: saveStatistic: processing row {"key":10,"app_id_value":"ca-app-pub-8886570797615271~4723657723","app_label":"Live VPN","report_date":"2026-01-02"} []
[2026-01-02T15:34:14.291576+00:00] admob_service_verbose.INFO: saveStatistic: upserted statistic row {"stat_id":291672,"app_id":23832893,"panel_id":19,"user_id":23,"report_date":"2026-01-02","currency":"OMR","estimated_earnings":9316569.402,"ad_requests":63532,"impression_rpm":0.18941507130760776,"clicks":1713,"impressions":49186,"impression_ctr":0.03482698328792746,"matched_requests":62078,"show_rate":0.7923257836914849,"match_rate":0.9771138953598186,"delta_earnings":3403.5120000001043,"delta_impressions":38,"delta_clicks":1} []
[2026-01-02T15:34:14.291648+00:00] admob_service_verbose.INFO: saveStatistic: processing row {"key":11,"app_id_value":"ca-app-pub-8886570797615271~6282669791","app_label":"Axel VPN","report_date":"2026-01-02"} []
[2026-01-02T15:34:14.306759+00:00] admob_service_verbose.INFO: saveStatistic: upserted statistic row {"stat_id":291673,"app_id":28776064,"panel_id":19,"user_id":387,"report_date":"2026-01-02","currency":"OMR","estimated_earnings":441493.416,"ad_requests":1296,"impression_rpm":0.4676838104914654,"clicks":27,"impressions":944,"impression_ctr":0.028601694915254237,"matched_requests":1291,"show_rate":0.7312161115414407,"match_rate":0.996141975308642,"delta_earnings":11068.218000000052,"delta_impressions":33,"delta_clicks":1} []
[2026-01-02T15:34:14.306821+00:00] admob_service_verbose.INFO: saveStatistic: processing row {"key":12,"app_id_value":"ca-app-pub-8886570797615271~6554919615","app_label":"Me VPN Fast VPN","report_date":"2026-01-02"} []
[2026-01-02T15:34:14.325996+00:00] admob_service_verbose.INFO: saveStatistic: upserted statistic row {"stat_id":291674,"app_id":23979113,"panel_id":19,"user_id":8,"report_date":"2026-01-02","currency":"OMR","estimated_earnings":5220800.676,"ad_requests":23049,"impression_rpm":0.282068228009643,"clicks":533,"impressions":18509,"impression_ctr":0.028796801555999785,"matched_requests":22877,"show_rate":0.8090658740219434,"match_rate":0.992537637207688,"delta_earnings":213204.4740000004,"delta_impressions":1011,"delta_clicks":18} []
[2026-01-02T15:34:14.326065+00:00] admob_service_verbose.INFO: saveStatistic: processing row {"key":13,"app_id_value":"ca-app-pub-8886570797615271~6619181298","app_label":"Giraffe VPN","report_date":"2026-01-02"} []
[2026-01-02T15:34:14.340205+00:00] admob_service_verbose.INFO: saveStatistic: upserted statistic row {"stat_id":291675,"app_id":29139593,"panel_id":19,"user_id":53,"report_date":"2026-01-02","currency":"OMR","estimated_earnings":416988.81,"ad_requests":852,"impression_rpm":0.5634986264131854,"clicks":20,"impressions":740,"impression_ctr":0.02702702702702703,"matched_requests":850,"show_rate":0.8705882352941177,"match_rate":0.9976525821596244,"delta_earnings":21609.504000000015,"delta_impressions":50,"delta_clicks":4} []
[2026-01-02T15:34:14.340259+00:00] admob_service_verbose.INFO: saveStatistic: processing row {"key":14,"app_id_value":"ca-app-pub-8886570797615271~7581788144","app_label":"Aysoo VPN","report_date":"2026-01-02"} []
[2026-01-02T15:34:14.354549+00:00] admob_service_verbose.INFO: saveStatistic: upserted statistic row {"stat_id":291676,"app_id":25502160,"panel_id":19,"user_id":549,"report_date":"2026-01-02","currency":"OMR","estimated_earnings":1061979.2820000001,"ad_requests":4851,"impression_rpm":0.2937702453773629,"clicks":270,"impressions":3615,"impression_ctr":0.07468879668049792,"matched_requests":4737,"show_rate":0.7631412286257124,"match_rate":0.9764996907854051,"delta_earnings":63896.364000000176,"delta_impressions":263,"delta_clicks":15} []
[2026-01-02T15:34:14.354622+00:00] admob_service_verbose.INFO: saveStatistic: processing row {"key":15,"app_id_value":"ca-app-pub-8886570797615271~8239592217","app_label":"Anniya VPN","report_date":"2026-01-02"} []
[2026-01-02T15:34:14.368889+00:00] admob_service_verbose.INFO: saveStatistic: upserted statistic row {"stat_id":291677,"app_id":27383487,"panel_id":19,"user_id":53,"report_date":"2026-01-02","currency":"OMR","estimated_earnings":859594.302,"ad_requests":2310,"impression_rpm":0.4383449811644699,"clicks":62,"impressions":1961,"impression_ctr":0.03161652218255992,"matched_requests":2309,"show_rate":0.8492854049372023,"match_rate":0.9995670995670995,"delta_earnings":54251.31599999999,"delta_impressions":111,"delta_clicks":4} []
[2026-01-02T15:34:14.368948+00:00] admob_service_verbose.INFO: saveStatistic: processing row {"key":16,"app_id_value":"ca-app-pub-8886570797615271~8339457071","app_label":"Laki VPN","report_date":"2026-01-02"} []
[2026-01-02T15:34:14.382114+00:00] admob_service_verbose.INFO: saveStatistic: upserted statistic row {"stat_id":291678,"app_id":29139594,"panel_id":19,"user_id":53,"report_date":"2026-01-02","currency":"OMR","estimated_earnings":1025688.258,"ad_requests":2043,"impression_rpm":0.5949469574325159,"clicks":49,"impressions":1724,"impression_ctr":0.02842227378190255,"matched_requests":2039,"show_rate":0.8455125061304561,"match_rate":0.9980420949583945,"delta_earnings":47246.22000000009,"delta_impressions":84,"delta_clicks":1} []
[2026-01-02T15:34:14.382208+00:00] admob_service_verbose.INFO: saveStatistic: completed {"timestamp":"2026-01-02 15:34:14"} []
[2026-01-02T15:34:18.582888+00:00] admob_service_verbose.INFO: saveStatistic: entry {"items_count":0} []
[2026-01-02T15:41:05.961500+00:00] admob_service_verbose.INFO: saveStatistic: entry {"items_count":4} []
[2026-01-02T15:41:05.961574+00:00] admob_service_verbose.INFO: saveStatistic: raw header {"header":{"dateRange":{"startDate":{"year":2026,"month":1,"day":2},"endDate":{"year":2026,"month":1,"day":2}},"localizationSettings":{"currencyCode":"TRY"}}} []
[2026-01-02T15:41:05.962123+00:00] admob_service_verbose.INFO: saveStatistic: extracted report date from header {"report_date":"2026-01-02"} []
[2026-01-02T15:41:05.962154+00:00] admob_service_verbose.INFO: saveStatistic: processing row {"key":1,"app_id_value":"ca-app-pub-3228663599583295~1034952593","app_label":"فیلتر شکن قوی پرسرعت Maple VPN","report_date":"2026-01-02"} []
[2026-01-02T15:41:06.677350+00:00] admob_service_verbose.INFO: saveStatistic: upserted statistic row {"stat_id":291586,"app_id":12135,"panel_id":13,"user_id":99,"report_date":"2026-01-02","currency":"TRY","estimated_earnings":41869730215.0,"ad_requests":2128057,"impression_rpm":31.502080501929925,"clicks":60843,"impressions":1329110,"impression_ctr":0.04577724943759358,"matched_requests":2066716,"show_rate":0.6431023904590665,"match_rate":0.9711751142004185,"delta_earnings":173528435.0,"delta_impressions":5963,"delta_clicks":358} []
[2026-01-02T15:41:06.677434+00:00] admob_service_verbose.INFO: saveStatistic: processing row {"key":2,"app_id_value":"ca-app-pub-3228663599583295~1170555096","app_label":"Ringtones and sms for IPhone","report_date":"2026-01-02"} []
[2026-01-02T15:41:07.315474+00:00] admob_service_verbose.INFO: saveStatistic: upserted statistic row {"stat_id":291587,"app_id":12140,"panel_id":13,"user_id":33,"report_date":"2026-01-02","currency":"TRY","estimated_earnings":6193779.0,"ad_requests":466,"impression_rpm":18.544248606099256,"clicks":9,"impressions":334,"impression_ctr":0.02694610778443114,"matched_requests":436,"show_rate":0.7660550458715596,"match_rate":0.9356223175965666,"delta_earnings":0.0,"delta_impressions":0,"delta_clicks":0} []
[2026-01-02T15:41:07.315609+00:00] admob_service_verbose.INFO: saveStatistic: completed {"timestamp":"2026-01-02 15:41:07"} []
[2026-01-02T15:41:08.995497+00:00] admob_service_verbose.INFO: saveStatistic: entry {"items_count":2} []
[2026-01-02T15:41:08.995535+00:00] admob_service_verbose.INFO: saveStatistic: raw header {"header":{"dateRange":{"startDate":{"year":2026,"month":1,"day":2},"endDate":{"year":2026,"month":1,"day":2}},"localizationSettings":{"currencyCode":"TRY"}}} []
[2026-01-02T15:41:08.995632+00:00] admob_service_verbose.INFO: saveStatistic: extracted report date from header {"report_date":"2026-01-02"} []
[2026-01-02T15:41:08.995707+00:00] admob_service_verbose.INFO: saveStatistic: completed {"timestamp":"2026-01-02 15:41:08"} []
[2026-01-02T15:41:10.642690+00:00] admob_service_verbose.INFO: saveStatistic: entry {"items_count":4} []
[2026-01-02T15:41:10.642728+00:00] admob_service_verbose.INFO: saveStatistic: raw header {"header":{"dateRange":{"startDate":{"year":2026,"month":1,"day":2},"endDate":{"year":2026,"month":1,"day":2}},"localizationSettings":{"currencyCode":"TRY"}}} []
[2026-01-02T15:41:10.642815+00:00] admob_service_verbose.INFO: saveStatistic: extracted report date from header {"report_date":"2026-01-02"} []
[2026-01-02T15:41:10.642848+00:00] admob_service_verbose.INFO: saveStatistic: processing row {"key":1,"app_id_value":"ca-app-pub-3228663599583295~1764327320","app_label":"RaySafe VPN","report_date":"2026-01-02"} []
[2026-01-02T15:41:11.266367+00:00] admob_service_verbose.INFO: saveStatistic: upserted statistic row {"stat_id":291588,"app_id":12200,"panel_id":13,"user_id":191,"report_date":"2026-01-02","currency":"TRY","estimated_earnings":100001825.0,"ad_requests":2593,"impression_rpm":55.127797912670474,"clicks":47,"impressions":1814,"impression_ctr":0.025909592061742006,"matched_requests":2572,"show_rate":0.7052877138413686,"match_rate":0.9919012726571539,"delta_earnings":604743.0,"delta_impressions":11,"delta_clicks":0} []
[2026-01-02T15:41:11.266433+00:00] admob_service_verbose.INFO: saveStatistic: processing row {"key":2,"app_id_value":"ca-app-pub-3228663599583295~1939344304","app_label":"Laugh Ringtone","report_date":"2026-01-02"} []
[2026-01-02T15:41:11.851078+00:00] admob_service_verbose.INFO: saveStatistic: upserted statistic row {"stat_id":291589,"app_id":12223,"panel_id":13,"user_id":33,"report_date":"2026-01-02","currency":"TRY","estimated_earnings":158191.0,"ad_requests":6,"impression_rpm":52.73035812595311,"clicks":0,"impressions":3,"impression_ctr":0.0,"matched_requests":6,"show_rate":0.5,"match_rate":1.0,"delta_earnings":0.0,"delta_impressions":0,"delta_clicks":0} []
[2026-01-02T15:41:11.851199+00:00] admob_service_verbose.INFO: saveStatistic: completed {"timestamp":"2026-01-02 15:41:11"} []
[2026-01-02T15:41:13.531208+00:00] admob_service_verbose.INFO: saveStatistic: entry {"items_count":5} []
[2026-01-02T15:41:13.531258+00:00] admob_service_verbose.INFO: saveStatistic: raw header {"header":{"dateRange":{"startDate":{"year":2026,"month":1,"day":2},"endDate":{"year":2026,"month":1,"day":2}},"localizationSettings":{"currencyCode":"TRY"}}} []
[2026-01-02T15:41:13.531335+00:00] admob_service_verbose.INFO: saveStatistic: extracted report date from header {"report_date":"2026-01-02"} []
[2026-01-02T15:41:13.531357+00:00] admob_service_verbose.INFO: saveStatistic: processing row {"key":1,"app_id_value":"ca-app-pub-3228663599583295~1971381318","app_label":"Bird Sound And Ringtones","report_date":"2026-01-02"} []
[2026-01-02T15:41:14.202283+00:00] admob_service_verbose.INFO: saveStatistic: upserted statistic row {"stat_id":291590,"app_id":12226,"panel_id":13,"user_id":33,"report_date":"2026-01-02","currency":"TRY","estimated_earnings":37854.0,"ad_requests":15,"impression_rpm":7.570948453684859,"clicks":1,"impressions":5,"impression_ctr":0.2,"matched_requests":8,"show_rate":0.625,"match_rate":0.5333333333333333,"delta_earnings":0.0,"delta_impressions":0,"delta_clicks":0} []
[2026-01-02T15:41:14.202357+00:00] admob_service_verbose.INFO: saveStatistic: processing row {"key":2,"app_id_value":"ca-app-pub-3228663599583295~2130915995","app_label":"Cry Ringtone - baby sounds","report_date":"2026-01-02"} []
[2026-01-02T15:41:14.884594+00:00] admob_service_verbose.INFO: saveStatistic: upserted statistic row {"stat_id":291591,"app_id":12238,"panel_id":13,"user_id":33,"report_date":"2026-01-02","currency":"TRY","estimated_earnings":900721.0,"ad_requests":15,"impression_rpm":90.07210691816155,"clicks":1,"impressions":10,"impression_ctr":0.1,"matched_requests":14,"show_rate":0.7142857142857143,"match_rate":0.9333333333333333,"delta_earnings":0.0,"delta_impressions":0,"delta_clicks":0} []
[2026-01-02T15:41:14.884705+00:00] admob_service_verbose.INFO: saveStatistic: processing row {"key":3,"app_id_value":"ca-app-pub-3228663599583295~2220800936","app_label":"Fart sounds Prank app","report_date":"2026-01-02"} []
[2026-01-02T15:41:15.546954+00:00] admob_service_verbose.INFO: saveStatistic: upserted statistic row {"stat_id":291592,"app_id":12249,"panel_id":13,"user_id":33,"report_date":"2026-01-02","currency":"TRY","estimated_earnings":908290.0,"ad_requests":12,"impression_rpm":90.82901166274429,"clicks":0,"impressions":10,"impression_ctr":0.0,"matched_requests":12,"show_rate":0.8333333333333334,"match_rate":1.0,"delta_earnings":0.0,"delta_impressions":0,"delta_clicks":0} []
[2026-01-02T15:41:15.547133+00:00] admob_service_verbose.INFO: saveStatistic: completed {"timestamp":"2026-01-02 15:41:15"} []
[2026-01-02T15:41:17.342444+00:00] admob_service_verbose.INFO: saveStatistic: entry {"items_count":5} []
[2026-01-02T15:41:17.342479+00:00] admob_service_verbose.INFO: saveStatistic: raw header {"header":{"dateRange":{"startDate":{"year":2026,"month":1,"day":2},"endDate":{"year":2026,"month":1,"day":2}},"localizationSettings":{"currencyCode":"TRY"}}} []
[2026-01-02T15:41:17.342567+00:00] admob_service_verbose.INFO: saveStatistic: extracted report date from header {"report_date":"2026-01-02"} []
[2026-01-02T15:41:17.342603+00:00] admob_service_verbose.INFO: saveStatistic: processing row {"key":1,"app_id_value":"ca-app-pub-3228663599583295~2370127093","app_label":"Ringtone For Galaxy S22 Ultra","report_date":"2026-01-02"} []
[2026-01-02T15:41:17.990650+00:00] admob_service_verbose.INFO: saveStatistic: upserted statistic row {"stat_id":291593,"app_id":12269,"panel_id":13,"user_id":33,"report_date":"2026-01-02","currency":"TRY","estimated_earnings":8451028.0,"ad_requests":113,"impression_rpm":100.60748133352863,"clicks":2,"impressions":84,"impression_ctr":0.023809523809523808,"matched_requests":104,"show_rate":0.8076923076923077,"match_rate":0.9203539823008849,"delta_earnings":228454.0,"delta_impressions":3,"delta_clicks":0} []
[2026-01-02T15:41:17.990719+00:00] admob_service_verbose.INFO: saveStatistic: processing row {"key":2,"app_id_value":"ca-app-pub-3228663599583295~2412372623","app_label":"Ringtones and sms for sony","report_date":"2026-01-02"} []
[2026-01-02T15:41:18.664414+00:00] admob_service_verbose.INFO: saveStatistic: upserted statistic row {"stat_id":291594,"app_id":12276,"panel_id":13,"user_id":33,"report_date":"2026-01-02","currency":"TRY","estimated_earnings":28061237.0,"ad_requests":380,"impression_rpm":103.16631435858464,"clicks":8,"impressions":272,"impression_ctr":0.029411764705882353,"matched_requests":320,"show_rate":0.85,"match_rate":0.8421052631578947,"delta_earnings":0.0,"delta_impressions":0,"delta_clicks":0} []
[2026-01-02T15:41:18.664496+00:00] admob_service_verbose.INFO: saveStatistic: processing row {"key":3,"app_id_value":"ca-app-pub-3228663599583295~2484729660","app_label":"V2 nitro VPN","report_date":"2026-01-02"} []
[2026-01-02T15:41:19.318674+00:00] admob_service_verbose.INFO: saveStatistic: upserted statistic row {"stat_id":291595,"app_id":12281,"panel_id":13,"user_id":6,"report_date":"2026-01-02","currency":"TRY","estimated_earnings":2853093738.0,"ad_requests":92806,"impression_rpm":39.03802063940518,"clicks":1532,"impressions":73085,"impression_ctr":0.020961893685434767,"matched_requests":88325,"show_rate":0.8274554203226719,"match_rate":0.9517164838480271,"delta_earnings":14493978.0,"delta_impressions":452,"delta_clicks":22} []
[2026-01-02T15:41:19.318785+00:00] admob_service_verbose.INFO: saveStatistic: completed {"timestamp":"2026-01-02 15:41:19"} []
[2026-01-02T15:41:21.295593+00:00] admob_service_verbose.INFO: saveStatistic: entry {"items_count":2} []
[2026-01-02T15:41:21.295615+00:00] admob_service_verbose.INFO: saveStatistic: raw header {"header":{"dateRange":{"startDate":{"year":2026,"month":1,"day":2},"endDate":{"year":2026,"month":1,"day":2}},"localizationSettings":{"currencyCode":"TRY"}}} []
[2026-01-02T15:41:21.295678+00:00] admob_service_verbose.INFO: saveStatistic: extracted report date from header {"report_date":"2026-01-02"} []
[2026-01-02T15:41:21.295728+00:00] admob_service_verbose.INFO: saveStatistic: completed {"timestamp":"2026-01-02 15:41:21"} []
[2026-01-02T15:41:22.960955+00:00] admob_service_verbose.INFO: saveStatistic: entry {"items_count":4} []
[2026-01-02T15:41:22.960980+00:00] admob_service_verbose.INFO: saveStatistic: raw header {"header":{"dateRange":{"startDate":{"year":2026,"month":1,"day":2},"endDate":{"year":2026,"month":1,"day":2}},"localizationSettings":{"currencyCode":"TRY"}}} []
[2026-01-02T15:41:22.961043+00:00] admob_service_verbose.INFO: saveStatistic: extracted report date from header {"report_date":"2026-01-02"} []
[2026-01-02T15:41:22.961063+00:00] admob_service_verbose.INFO: saveStatistic: processing row {"key":1,"app_id_value":"ca-app-pub-3228663599583295~3033219530","app_label":"Gun sounds ringtones sms","report_date":"2026-01-02"} []
[2026-01-02T15:41:23.642857+00:00] admob_service_verbose.INFO: saveStatistic: upserted statistic row {"stat_id":291596,"app_id":12332,"panel_id":13,"user_id":33,"report_date":"2026-01-02","currency":"TRY","estimated_earnings":4676019.0,"ad_requests":77,"impression_rpm":91.6866522179871,"clicks":5,"impressions":51,"impression_ctr":0.09803921568627451,"matched_requests":77,"show_rate":0.6623376623376623,"match_rate":1.0,"delta_earnings":0.0,"delta_impressions":0,"delta_clicks":0} []
[2026-01-02T15:41:23.642931+00:00] admob_service_verbose.INFO: saveStatistic: processing row {"key":2,"app_id_value":"ca-app-pub-3228663599583295~3177830081","app_label":"Wolf Sound And Ringtones","report_date":"2026-01-02"} []
[2026-01-02T15:41:24.285063+00:00] admob_service_verbose.INFO: saveStatistic: upserted statistic row {"stat_id":291597,"app_id":12341,"panel_id":13,"user_id":33,"report_date":"2026-01-02","currency":"TRY","estimated_earnings":8731424.0,"ad_requests":123,"impression_rpm":113.39512738394107,"clicks":1,"impressions":77,"impression_ctr":0.012987012987012988,"matched_requests":114,"show_rate":0.6754385964912281,"match_rate":0.926829268292683,"delta_earnings":116153.0,"delta_impressions":3,"delta_clicks":0} []
[2026-01-02T15:41:24.285161+00:00] admob_service_verbose.INFO: saveStatistic: completed {"timestamp":"2026-01-02 15:41:24"} []
[2026-01-02T15:41:26.190597+00:00] admob_service_verbose.INFO: saveStatistic: entry {"items_count":3} []
[2026-01-02T15:41:26.190620+00:00] admob_service_verbose.INFO: saveStatistic: raw header {"header":{"dateRange":{"startDate":{"year":2026,"month":1,"day":2},"endDate":{"year":2026,"month":1,"day":2}},"localizationSettings":{"currencyCode":"TRY"}}} []
[2026-01-02T15:41:26.190682+00:00] admob_service_verbose.INFO: saveStatistic: extracted report date from header {"report_date":"2026-01-02"} []
[2026-01-02T15:41:26.190702+00:00] admob_service_verbose.INFO: saveStatistic: processing row {"key":1,"app_id_value":"ca-app-pub-3228663599583295~3426071399","app_label":"sms Sounds Notification","report_date":"2026-01-02"} []
[2026-01-02T15:41:26.838228+00:00] admob_service_verbose.INFO: saveStatistic: upserted statistic row {"stat_id":291598,"app_id":12368,"panel_id":13,"user_id":33,"report_date":"2026-01-02","currency":"TRY","estimated_earnings":2699033.0,"ad_requests":131,"impression_rpm":27.82509257340409,"clicks":1,"impressions":97,"impression_ctr":0.010309278350515464,"matched_requests":119,"show_rate":0.8151260504201681,"match_rate":0.9083969465648855,"delta_earnings":0.0,"delta_impressions":0,"delta_clicks":0} []
[2026-01-02T15:41:26.838369+00:00] admob_service_verbose.INFO: saveStatistic: completed {"timestamp":"2026-01-02 15:41:26"} []
[2026-01-02T15:41:28.510045+00:00] admob_service_verbose.INFO: saveStatistic: entry {"items_count":5} []
[2026-01-02T15:41:28.510085+00:00] admob_service_verbose.INFO: saveStatistic: raw header {"header":{"dateRange":{"startDate":{"year":2026,"month":1,"day":2},"endDate":{"year":2026,"month":1,"day":2}},"localizationSettings":{"currencyCode":"TRY"}}} []
[2026-01-02T15:41:28.510177+00:00] admob_service_verbose.INFO: saveStatistic: extracted report date from header {"report_date":"2026-01-02"} []
[2026-01-02T15:41:28.510238+00:00] admob_service_verbose.INFO: saveStatistic: processing row {"key":1,"app_id_value":"ca-app-pub-3228663599583295~3667358949","app_label":"Alien Ringtone","report_date":"2026-01-02"} []
[2026-01-02T15:41:29.190762+00:00] admob_service_verbose.INFO: saveStatistic: upserted statistic row {"stat_id":291599,"app_id":12391,"panel_id":13,"user_id":33,"report_date":"2026-01-02","currency":"TRY","estimated_earnings":20564455.0,"ad_requests":51,"impression_rpm":514.1113838844802,"clicks":2,"impressions":40,"impression_ctr":0.05,"matched_requests":50,"show_rate":0.8,"match_rate":0.9803921568627451,"delta_earnings":0.0,"delta_impressions":0,"delta_clicks":0} []
[2026-01-02T15:41:29.190872+00:00] admob_service_verbose.INFO: saveStatistic: processing row {"key":2,"app_id_value":"ca-app-pub-3228663599583295~3725416305","app_label":"Ringtones and sms for Htc","report_date":"2026-01-02"} []
[2026-01-02T15:41:29.854262+00:00] admob_service_verbose.INFO: saveStatistic: upserted statistic row {"stat_id":291600,"app_id":12399,"panel_id":13,"user_id":33,"report_date":"2026-01-02","currency":"TRY","estimated_earnings":3774205.0,"ad_requests":28,"impression_rpm":222.01211742822898,"clicks":2,"impressions":17,"impression_ctr":0.11764705882352941,"matched_requests":25,"show_rate":0.68,"match_rate":0.8928571428571429,"delta_earnings":0.0,"delta_impressions":0,"delta_clicks":0} []
[2026-01-02T15:41:29.854385+00:00] admob_service_verbose.INFO: saveStatistic: processing row {"key":3,"app_id_value":"ca-app-pub-3228663599583295~3771300720","app_label":"Water Sounds Ringtones sms","report_date":"2026-01-02"} []
[2026-01-02T15:41:30.507092+00:00] admob_service_verbose.INFO: saveStatistic: upserted statistic row {"stat_id":291601,"app_id":12405,"panel_id":13,"user_id":33,"report_date":"2026-01-02","currency":"TRY","estimated_earnings":993332.0,"ad_requests":66,"impression_rpm":28.380932892104713,"clicks":3,"impressions":35,"impression_ctr":0.08571428571428572,"matched_requests":61,"show_rate":0.5737704918032787,"match_rate":0.9242424242424242,"delta_earnings":0.0,"delta_impressions":0,"delta_clicks":0} []
[2026-01-02T15:41:30.507296+00:00] admob_service_verbose.INFO: saveStatistic: completed {"timestamp":"2026-01-02 15:41:30"} []
[2026-01-02T15:41:32.087645+00:00] admob_service_verbose.INFO: saveStatistic: entry {"items_count":3} []
[2026-01-02T15:41:32.087684+00:00] admob_service_verbose.INFO: saveStatistic: raw header {"header":{"dateRange":{"startDate":{"year":2026,"month":1,"day":2},"endDate":{"year":2026,"month":1,"day":2}},"localizationSettings":{"currencyCode":"TRY"}}} []
[2026-01-02T15:41:32.087775+00:00] admob_service_verbose.INFO: saveStatistic: extracted report date from header {"report_date":"2026-01-02"} []
[2026-01-02T15:41:32.087810+00:00] admob_service_verbose.INFO: saveStatistic: processing row {"key":1,"app_id_value":"ca-app-pub-3228663599583295~3831257896","app_label":"Dog Sounds-Barking-Wallpaper","report_date":"2026-01-02"} []
[2026-01-02T15:41:32.791838+00:00] admob_service_verbose.INFO: saveStatistic: upserted statistic row {"stat_id":291602,"app_id":12414,"panel_id":13,"user_id":33,"report_date":"2026-01-02","currency":"TRY","estimated_earnings":91900.0,"ad_requests":24,"impression_rpm":11.487598715277297,"clicks":0,"impressions":8,"impression_ctr":0.0,"matched_requests":16,"show_rate":0.5,"match_rate":0.6666666666666666,"delta_earnings":0.0,"delta_impressions":0,"delta_clicks":0} []
[2026-01-02T15:41:32.791960+00:00] admob_service_verbose.INFO: saveStatistic: completed {"timestamp":"2026-01-02 15:41:32"} []
[2026-01-02T15:41:34.377541+00:00] admob_service_verbose.INFO: saveStatistic: entry {"items_count":3} []
[2026-01-02T15:41:34.377578+00:00] admob_service_verbose.INFO: saveStatistic: raw header {"header":{"dateRange":{"startDate":{"year":2026,"month":1,"day":2},"endDate":{"year":2026,"month":1,"day":2}},"localizationSettings":{"currencyCode":"TRY"}}} []
[2026-01-02T15:41:34.377670+00:00] admob_service_verbose.INFO: saveStatistic: extracted report date from header {"report_date":"2026-01-02"} []
[2026-01-02T15:41:34.377705+00:00] admob_service_verbose.INFO: saveStatistic: processing row {"key":1,"app_id_value":"ca-app-pub-3228663599583295~4096703973","app_label":"Ringtones and sms for Motorola","report_date":"2026-01-02"} []
[2026-01-02T15:41:35.074862+00:00] admob_service_verbose.INFO: saveStatistic: upserted statistic row {"stat_id":291603,"app_id":12439,"panel_id":13,"user_id":33,"report_date":"2026-01-02","currency":"TRY","estimated_earnings":14962380.0,"ad_requests":436,"impression_rpm":47.49962181136134,"clicks":14,"impressions":315,"impression_ctr":0.044444444444444446,"matched_requests":376,"show_rate":0.8377659574468085,"match_rate":0.8623853211009175,"delta_earnings":3497.0,"delta_impressions":1,"delta_clicks":0} []
[2026-01-02T15:41:35.074941+00:00] admob_service_verbose.INFO: saveStatistic: completed {"timestamp":"2026-01-02 15:41:35"} []
[2026-01-02T15:41:37.305166+00:00] admob_service_verbose.INFO: saveStatistic: entry {"items_count":4} []
[2026-01-02T15:41:37.305205+00:00] admob_service_verbose.INFO: saveStatistic: raw header {"header":{"dateRange":{"startDate":{"year":2026,"month":1,"day":2},"endDate":{"year":2026,"month":1,"day":2}},"localizationSettings":{"currencyCode":"TRY"}}} []
[2026-01-02T15:41:37.305272+00:00] admob_service_verbose.INFO: saveStatistic: extracted report date from header {"report_date":"2026-01-02"} []
[2026-01-02T15:41:37.305292+00:00] admob_service_verbose.INFO: saveStatistic: processing row {"key":1,"app_id_value":"ca-app-pub-3228663599583295~4597582643","app_label":"Very Loud Ringtone","report_date":"2026-01-02"} []
[2026-01-02T15:41:38.078517+00:00] admob_service_verbose.INFO: saveStatistic: upserted statistic row {"stat_id":291604,"app_id":12487,"panel_id":13,"user_id":33,"report_date":"2026-01-02","currency":"TRY","estimated_earnings":267215.0,"ad_requests":4,"impression_rpm":66.80379525824856,"clicks":0,"impressions":4,"impression_ctr":0.0,"matched_requests":4,"show_rate":1.0,"match_rate":1.0,"delta_earnings":0.0,"delta_impressions":0,"delta_clicks":0} []
[2026-01-02T15:41:38.078591+00:00] admob_service_verbose.INFO: saveStatistic: processing row {"key":2,"app_id_value":"ca-app-pub-3228663599583295~4711232904","app_label":"Ringtones and sms for LG","report_date":"2026-01-02"} []
[2026-01-02T15:41:38.738905+00:00] admob_service_verbose.INFO: saveStatistic: upserted statistic row {"stat_id":291605,"app_id":12495,"panel_id":13,"user_id":33,"report_date":"2026-01-02","currency":"TRY","estimated_earnings":15884371.0,"ad_requests":198,"impression_rpm":105.89580704914047,"clicks":7,"impressions":150,"impression_ctr":0.04666666666666667,"matched_requests":182,"show_rate":0.8241758241758241,"match_rate":0.9191919191919192,"delta_earnings":0.0,"delta_impressions":0,"delta_clicks":0} []
[2026-01-02T15:41:38.739039+00:00] admob_service_verbose.INFO: saveStatistic: completed {"timestamp":"2026-01-02 15:41:38"} []
[2026-01-02T15:41:40.573697+00:00] admob_service_verbose.INFO: saveStatistic: entry {"items_count":4} []
[2026-01-02T15:41:40.573721+00:00] admob_service_verbose.INFO: saveStatistic: raw header {"header":{"dateRange":{"startDate":{"year":2026,"month":1,"day":2},"endDate":{"year":2026,"month":1,"day":2}},"localizationSettings":{"currencyCode":"TRY"}}} []
[2026-01-02T15:41:40.573779+00:00] admob_service_verbose.INFO: saveStatistic: extracted report date from header {"report_date":"2026-01-02"} []
[2026-01-02T15:41:40.573809+00:00] admob_service_verbose.INFO: saveStatistic: processing row {"key":1,"app_id_value":"ca-app-pub-3228663599583295~4909136236","app_label":"Charbarg (Pasur 11)","report_date":"2026-01-02"} []
[2026-01-02T15:41:41.240675+00:00] admob_service_verbose.INFO: saveStatistic: upserted statistic row {"stat_id":291606,"app_id":12507,"panel_id":13,"user_id":43,"report_date":"2026-01-02","currency":"TRY","estimated_earnings":341163568.0,"ad_requests":14796,"impression_rpm":51.73848475772292,"clicks":718,"impressions":6594,"impression_ctr":0.10888686684865029,"matched_requests":9809,"show_rate":0.6722397797940667,"match_rate":0.6629494457961611,"delta_earnings":2047837.0,"delta_impressions":53,"delta_clicks":10} []
[2026-01-02T15:41:41.240747+00:00] admob_service_verbose.INFO: saveStatistic: processing row {"key":2,"app_id_value":"ca-app-pub-3228663599583295~4998722104","app_label":"Ringtones and sms for Xiaomi","report_date":"2026-01-02"} []
[2026-01-02T15:41:41.907837+00:00] admob_service_verbose.INFO: saveStatistic: upserted statistic row {"stat_id":291607,"app_id":12512,"panel_id":13,"user_id":33,"report_date":"2026-01-02","currency":"TRY","estimated_earnings":22413233.0,"ad_requests":836,"impression_rpm":39.73977499746853,"clicks":22,"impressions":564,"impression_ctr":0.03900709219858156,"matched_requests":737,"show_rate":0.7652645861601085,"match_rate":0.881578947368421,"delta_earnings":182271.0,"delta_impressions":3,"delta_clicks":3} []
[2026-01-02T15:41:41.907918+00:00] admob_service_verbose.INFO: saveStatistic: completed {"timestamp":"2026-01-02 15:41:41"} []
[2026-01-02T15:41:44.024260+00:00] admob_service_verbose.INFO: saveStatistic: entry {"items_count":3} []
[2026-01-02T15:41:44.024284+00:00] admob_service_verbose.INFO: saveStatistic: raw header {"header":{"dateRange":{"startDate":{"year":2026,"month":1,"day":2},"endDate":{"year":2026,"month":1,"day":2}},"localizationSettings":{"currencyCode":"TRY"}}} []
[2026-01-02T15:41:44.024367+00:00] admob_service_verbose.INFO: saveStatistic: extracted report date from header {"report_date":"2026-01-02"} []
[2026-01-02T15:41:44.024397+00:00] admob_service_verbose.INFO: saveStatistic: processing row {"key":1,"app_id_value":"ca-app-pub-3228663599583295~5240653193","app_label":"Giti VPN","report_date":"2026-01-02"} []
[2026-01-02T15:41:44.678906+00:00] admob_service_verbose.INFO: saveStatistic: upserted statistic row {"stat_id":291608,"app_id":12536,"panel_id":13,"user_id":35,"report_date":"2026-01-02","currency":"TRY","estimated_earnings":3939233119.0,"ad_requests":138054,"impression_rpm":43.44247295007691,"clicks":2256,"impressions":90677,"impression_ctr":0.02487951740794248,"matched_requests":137243,"show_rate":0.6607040067617292,"match_rate":0.9941254871282252,"delta_earnings":5702853.0,"delta_impressions":335,"delta_clicks":17} []
[2026-01-02T15:41:44.679005+00:00] admob_service_verbose.INFO: saveStatistic: completed {"timestamp":"2026-01-02 15:41:44"} []
[2026-01-02T15:41:46.402390+00:00] admob_service_verbose.INFO: saveStatistic: entry {"items_count":2} []
[2026-01-02T15:41:46.402414+00:00] admob_service_verbose.INFO: saveStatistic: raw header {"header":{"dateRange":{"startDate":{"year":2026,"month":1,"day":2},"endDate":{"year":2026,"month":1,"day":2}},"localizationSettings":{"currencyCode":"TRY"}}} []
[2026-01-02T15:41:46.402477+00:00] admob_service_verbose.INFO: saveStatistic: extracted report date from header {"report_date":"2026-01-02"} []
[2026-01-02T15:41:46.402528+00:00] admob_service_verbose.INFO: saveStatistic: completed {"timestamp":"2026-01-02 15:41:46"} []
[2026-01-02T15:41:48.045782+00:00] admob_service_verbose.INFO: saveStatistic: entry {"items_count":3} []
[2026-01-02T15:41:48.045849+00:00] admob_service_verbose.INFO: saveStatistic: raw header {"header":{"dateRange":{"startDate":{"year":2026,"month":1,"day":2},"endDate":{"year":2026,"month":1,"day":2}},"localizationSettings":{"currencyCode":"TRY"}}} []
[2026-01-02T15:41:48.045987+00:00] admob_service_verbose.INFO: saveStatistic: extracted report date from header {"report_date":"2026-01-02"} []
[2026-01-02T15:41:48.046072+00:00] admob_service_verbose.INFO: saveStatistic: processing row {"key":1,"app_id_value":"ca-app-pub-3228663599583295~5906509479","app_label":"Ringtones and sms for Oppo","report_date":"2026-01-02"} []
[2026-01-02T15:41:48.774673+00:00] admob_service_verbose.INFO: saveStatistic: upserted statistic row {"stat_id":291609,"app_id":12600,"panel_id":13,"user_id":33,"report_date":"2026-01-02","currency":"TRY","estimated_earnings":18178228.0,"ad_requests":994,"impression_rpm":25.247539904564917,"clicks":49,"impressions":720,"impression_ctr":0.06805555555555555,"matched_requests":915,"show_rate":0.7868852459016393,"match_rate":0.920523138832998,"delta_earnings":45673.0,"delta_impressions":3,"delta_clicks":0} []
[2026-01-02T15:41:48.774750+00:00] admob_service_verbose.INFO: saveStatistic: completed {"timestamp":"2026-01-02 15:41:48"} []
[2026-01-02T15:41:50.444718+00:00] admob_service_verbose.INFO: saveStatistic: entry {"items_count":3} []
[2026-01-02T15:41:50.444756+00:00] admob_service_verbose.INFO: saveStatistic: raw header {"header":{"dateRange":{"startDate":{"year":2026,"month":1,"day":2},"endDate":{"year":2026,"month":1,"day":2}},"localizationSettings":{"currencyCode":"TRY"}}} []
[2026-01-02T15:41:50.444850+00:00] admob_service_verbose.INFO: saveStatistic: extracted report date from header {"report_date":"2026-01-02"} []
[2026-01-02T15:41:50.444884+00:00] admob_service_verbose.INFO: saveStatistic: processing row {"key":1,"app_id_value":"ca-app-pub-3228663599583295~6154206893","app_label":"Cat Sounds wallpapers,sms","report_date":"2026-01-02"} []
[2026-01-02T15:41:51.098824+00:00] admob_service_verbose.INFO: saveStatistic: upserted statistic row {"stat_id":291610,"app_id":12623,"panel_id":13,"user_id":33,"report_date":"2026-01-02","currency":"TRY","estimated_earnings":24795672.0,"ad_requests":18,"impression_rpm":1907.3594219729857,"clicks":2,"impressions":13,"impression_ctr":0.15384615384615385,"matched_requests":17,"show_rate":0.7647058823529411,"match_rate":0.9444444444444444,"delta_earnings":0.0,"delta_impressions":0,"delta_clicks":0} []
[2026-01-02T15:41:51.099021+00:00] admob_service_verbose.INFO: saveStatistic: completed {"timestamp":"2026-01-02 15:41:51"} []
[2026-01-02T15:41:52.699756+00:00] admob_service_verbose.INFO: saveStatistic: entry {"items_count":4} []
[2026-01-02T15:41:52.699793+00:00] admob_service_verbose.INFO: saveStatistic: raw header {"header":{"dateRange":{"startDate":{"year":2026,"month":1,"day":2},"endDate":{"year":2026,"month":1,"day":2}},"localizationSettings":{"currencyCode":"TRY"}}} []
[2026-01-02T15:41:52.699883+00:00] admob_service_verbose.INFO: saveStatistic: extracted report date from header {"report_date":"2026-01-02"} []
[2026-01-02T15:41:52.699917+00:00] admob_service_verbose.INFO: saveStatistic: processing row {"key":1,"app_id_value":"ca-app-pub-3228663599583295~6508014394","app_label":"Rock Climber 3D","report_date":"2026-01-02"} []
[2026-01-02T15:41:53.356155+00:00] admob_service_verbose.INFO: saveStatistic: upserted statistic row {"stat_id":291611,"app_id":12652,"panel_id":13,"user_id":7,"report_date":"2026-01-02","currency":"TRY","estimated_earnings":1572474.0,"ad_requests":32,"impression_rpm":56.15981576406649,"clicks":1,"impressions":28,"impression_ctr":0.03571428571428571,"matched_requests":32,"show_rate":0.875,"match_rate":1.0,"delta_earnings":0.0,"delta_impressions":0,"delta_clicks":0} []
[2026-01-02T15:41:53.356245+00:00] admob_service_verbose.INFO: saveStatistic: processing row {"key":2,"app_id_value":"ca-app-pub-3228663599583295~6676913081","app_label":"Animals Ringtone","report_date":"2026-01-02"} []
[2026-01-02T15:41:53.980599+00:00] admob_service_verbose.INFO: saveStatistic: upserted statistic row {"stat_id":291612,"app_id":12673,"panel_id":13,"user_id":33,"report_date":"2026-01-02","currency":"TRY","estimated_earnings":246356.0,"ad_requests":22,"impression_rpm":17.596909640716497,"clicks":2,"impressions":14,"impression_ctr":0.14285714285714285,"matched_requests":19,"show_rate":0.7368421052631579,"match_rate":0.8636363636363636,"delta_earnings":0.0,"delta_impressions":0,"delta_clicks":0} []
[2026-01-02T15:41:53.980779+00:00] admob_service_verbose.INFO: saveStatistic: completed {"timestamp":"2026-01-02 15:41:53"} []
[2026-01-02T15:41:55.735605+00:00] admob_service_verbose.INFO: saveStatistic: entry {"items_count":4} []
[2026-01-02T15:41:55.735640+00:00] admob_service_verbose.INFO: saveStatistic: raw header {"header":{"dateRange":{"startDate":{"year":2026,"month":1,"day":2},"endDate":{"year":2026,"month":1,"day":2}},"localizationSettings":{"currencyCode":"TRY"}}} []
[2026-01-02T15:41:55.735708+00:00] admob_service_verbose.INFO: saveStatistic: extracted report date from header {"report_date":"2026-01-02"} []
[2026-01-02T15:41:55.735730+00:00] admob_service_verbose.INFO: saveStatistic: processing row {"key":1,"app_id_value":"ca-app-pub-3228663599583295~6780607444","app_label":"beep sound Ringtone","report_date":"2026-01-02"} []
[2026-01-02T15:41:56.388957+00:00] admob_service_verbose.INFO: saveStatistic: upserted statistic row {"stat_id":291613,"app_id":12684,"panel_id":13,"user_id":33,"report_date":"2026-01-02","currency":"TRY","estimated_earnings":6070264.0,"ad_requests":7,"impression_rpm":3035.1322224174924,"clicks":0,"impressions":2,"impression_ctr":0.0,"matched_requests":6,"show_rate":0.3333333333333333,"match_rate":0.8571428571428571,"delta_earnings":0.0,"delta_impressions":0,"delta_clicks":0} []
[2026-01-02T15:41:56.389031+00:00] admob_service_verbose.INFO: saveStatistic: processing row {"key":2,"app_id_value":"ca-app-pub-3228663599583295~6898374557","app_label":"Ringtones and sms for Huawei","report_date":"2026-01-02"} []
[2026-01-02T15:41:56.998729+00:00] admob_service_verbose.INFO: saveStatistic: upserted statistic row {"stat_id":291614,"app_id":12702,"panel_id":13,"user_id":33,"report_date":"2026-01-02","currency":"TRY","estimated_earnings":16872798.0,"ad_requests":671,"impression_rpm":41.15316785450027,"clicks":23,"impressions":410,"impression_ctr":0.05609756097560976,"matched_requests":562,"show_rate":0.7295373665480427,"match_rate":0.8375558867362146,"delta_earnings":28786.0,"delta_impressions":4,"delta_clicks":1} []
[2026-01-02T15:41:56.998830+00:00] admob_service_verbose.INFO: saveStatistic: completed {"timestamp":"2026-01-02 15:41:56"} []
[2026-01-02T15:41:58.597162+00:00] admob_service_verbose.INFO: saveStatistic: entry {"items_count":2} []
[2026-01-02T15:41:58.597197+00:00] admob_service_verbose.INFO: saveStatistic: raw header {"header":{"dateRange":{"startDate":{"year":2026,"month":1,"day":2},"endDate":{"year":2026,"month":1,"day":2}},"localizationSettings":{"currencyCode":"TRY"}}} []
[2026-01-02T15:41:58.597308+00:00] admob_service_verbose.INFO: saveStatistic: extracted report date from header {"report_date":"2026-01-02"} []
[2026-01-02T15:41:58.597379+00:00] admob_service_verbose.INFO: saveStatistic: completed {"timestamp":"2026-01-02 15:41:58"} []
[2026-01-02T15:42:00.287433+00:00] admob_service_verbose.INFO: saveStatistic: entry {"items_count":4} []
[2026-01-02T15:42:00.287471+00:00] admob_service_verbose.INFO: saveStatistic: raw header {"header":{"dateRange":{"startDate":{"year":2026,"month":1,"day":2},"endDate":{"year":2026,"month":1,"day":2}},"localizationSettings":{"currencyCode":"TRY"}}} []
[2026-01-02T15:42:00.287567+00:00] admob_service_verbose.INFO: saveStatistic: extracted report date from header {"report_date":"2026-01-02"} []
[2026-01-02T15:42:00.287600+00:00] admob_service_verbose.INFO: saveStatistic: processing row {"key":1,"app_id_value":"ca-app-pub-3228663599583295~7493556335","app_label":"Siren Ringtone","report_date":"2026-01-02"} []
[2026-01-02T15:42:00.976371+00:00] admob_service_verbose.INFO: saveStatistic: upserted statistic row {"stat_id":291615,"app_id":12751,"panel_id":13,"user_id":33,"report_date":"2026-01-02","currency":"TRY","estimated_earnings":112200.0,"ad_requests":14,"impression_rpm":18.700007302516354,"clicks":0,"impressions":6,"impression_ctr":0.0,"matched_requests":9,"show_rate":0.6666666666666666,"match_rate":0.6428571428571429,"delta_earnings":0.0,"delta_impressions":0,"delta_clicks":0} []
[2026-01-02T15:42:00.976447+00:00] admob_service_verbose.INFO: saveStatistic: processing row {"key":2,"app_id_value":"ca-app-pub-3228663599583295~7606889364","app_label":"Ringtones and sms for samsung","report_date":"2026-01-02"} []
[2026-01-02T15:42:01.661875+00:00] admob_service_verbose.INFO: saveStatistic: upserted statistic row {"stat_id":291616,"app_id":12767,"panel_id":13,"user_id":33,"report_date":"2026-01-02","currency":"TRY","estimated_earnings":58802944.0,"ad_requests":2270,"impression_rpm":33.931301190147494,"clicks":99,"impressions":1733,"impression_ctr":0.0571263704558569,"matched_requests":2131,"show_rate":0.8132332238385734,"match_rate":0.9387665198237886,"delta_earnings":191577.0,"delta_impressions":15,"delta_clicks":0} []
[2026-01-02T15:42:01.661964+00:00] admob_service_verbose.INFO: saveStatistic: completed {"timestamp":"2026-01-02 15:42:01"} []
[2026-01-02T15:42:03.382230+00:00] admob_service_verbose.INFO: saveStatistic: entry {"items_count":2} []
[2026-01-02T15:42:03.382284+00:00] admob_service_verbose.INFO: saveStatistic: raw header {"header":{"dateRange":{"startDate":{"year":2026,"month":1,"day":2},"endDate":{"year":2026,"month":1,"day":2}},"localizationSettings":{"currencyCode":"TRY"}}} []
[2026-01-02T15:42:03.382348+00:00] admob_service_verbose.INFO: saveStatistic: extracted report date from header {"report_date":"2026-01-02"} []
[2026-01-02T15:42:03.382397+00:00] admob_service_verbose.INFO: saveStatistic: completed {"timestamp":"2026-01-02 15:42:03"} []
[2026-01-02T15:42:05.079721+00:00] admob_service_verbose.INFO: saveStatistic: entry {"items_count":4} []
[2026-01-02T15:42:05.079745+00:00] admob_service_verbose.INFO: saveStatistic: raw header {"header":{"dateRange":{"startDate":{"year":2026,"month":1,"day":2},"endDate":{"year":2026,"month":1,"day":2}},"localizationSettings":{"currencyCode":"TRY"}}} []
[2026-01-02T15:42:05.079807+00:00] admob_service_verbose.INFO: saveStatistic: extracted report date from header {"report_date":"2026-01-02"} []
[2026-01-02T15:42:05.079827+00:00] admob_service_verbose.INFO: saveStatistic: processing row {"key":1,"app_id_value":"ca-app-pub-3228663599583295~8087299077","app_label":"Hokm","report_date":"2026-01-02"} []
[2026-01-02T15:42:05.735417+00:00] admob_service_verbose.INFO: saveStatistic: upserted statistic row {"stat_id":291617,"app_id":12805,"panel_id":13,"user_id":43,"report_date":"2026-01-02","currency":"TRY","estimated_earnings":306041041.0,"ad_requests":9309,"impression_rpm":52.994119764743196,"clicks":363,"impressions":5775,"impression_ctr":0.06285714285714286,"matched_requests":8733,"show_rate":0.6612847818619031,"match_rate":0.9381243957460522,"delta_earnings":1927664.0,"delta_impressions":51,"delta_clicks":5} []
[2026-01-02T15:42:05.735484+00:00] admob_service_verbose.INFO: saveStatistic: processing row {"key":2,"app_id_value":"ca-app-pub-3228663599583295~8267334539","app_label":"Ringtones and sms for Nokia","report_date":"2026-01-02"} []
[2026-01-02T15:42:06.416169+00:00] admob_service_verbose.INFO: saveStatistic: upserted statistic row {"stat_id":291618,"app_id":12827,"panel_id":13,"user_id":33,"report_date":"2026-01-02","currency":"TRY","estimated_earnings":16845014.0,"ad_requests":386,"impression_rpm":58.89865350561492,"clicks":19,"impressions":286,"impression_ctr":0.06643356643356643,"matched_requests":342,"show_rate":0.8362573099415205,"match_rate":0.8860103626943006,"delta_earnings":8712.0,"delta_impressions":1,"delta_clicks":0} []
[2026-01-02T15:42:06.416303+00:00] admob_service_verbose.INFO: saveStatistic: completed {"timestamp":"2026-01-02 15:42:06"} []
[2026-01-02T15:42:07.685462+00:00] admob_service_verbose.INFO: saveStatistic: entry {"items_count":4} []
[2026-01-02T15:42:07.685505+00:00] admob_service_verbose.INFO: saveStatistic: raw header {"header":{"dateRange":{"startDate":{"year":2026,"month":1,"day":2},"endDate":{"year":2026,"month":1,"day":2}},"localizationSettings":{"currencyCode":"TRY"}}} []
[2026-01-02T15:42:07.685611+00:00] admob_service_verbose.INFO: saveStatistic: extracted report date from header {"report_date":"2026-01-02"} []
[2026-01-02T15:42:07.685686+00:00] admob_service_verbose.INFO: saveStatistic: processing row {"key":1,"app_id_value":"ca-app-pub-3228663599583295~8528379329","app_label":"Ringtone For IPhone 14 Pro Max","report_date":"2026-01-02"} []
[2026-01-02T15:42:08.432956+00:00] admob_service_verbose.INFO: saveStatistic: upserted statistic row {"stat_id":291619,"app_id":12855,"panel_id":13,"user_id":33,"report_date":"2026-01-02","currency":"TRY","estimated_earnings":13075512.0,"ad_requests":250,"impression_rpm":89.55830183827912,"clicks":5,"impressions":146,"impression_ctr":0.03424657534246575,"matched_requests":201,"show_rate":0.7263681592039801,"match_rate":0.804,"delta_earnings":0.0,"delta_impressions":0,"delta_clicks":0} []
[2026-01-02T15:42:08.433042+00:00] admob_service_verbose.INFO: saveStatistic: processing row {"key":2,"app_id_value":"ca-app-pub-3228663599583295~8532920239","app_label":"Police Ringtones","report_date":"2026-01-02"} []
[2026-01-02T15:42:09.179693+00:00] admob_service_verbose.INFO: saveStatistic: upserted statistic row {"stat_id":291620,"app_id":12857,"panel_id":13,"user_id":33,"report_date":"2026-01-02","currency":"TRY","estimated_earnings":36271860.0,"ad_requests":358,"impression_rpm":146.8496372381845,"clicks":18,"impressions":247,"impression_ctr":0.0728744939271255,"matched_requests":322,"show_rate":0.7670807453416149,"match_rate":0.8994413407821229,"delta_earnings":3442.0,"delta_impressions":1,"delta_clicks":0} []
[2026-01-02T15:42:09.179854+00:00] admob_service_verbose.INFO: saveStatistic: completed {"timestamp":"2026-01-02 15:42:09"} []
[2026-01-02T15:42:10.878252+00:00] admob_service_verbose.INFO: saveStatistic: entry {"items_count":3} []
[2026-01-02T15:42:10.878297+00:00] admob_service_verbose.INFO: saveStatistic: raw header {"header":{"dateRange":{"startDate":{"year":2026,"month":1,"day":2},"endDate":{"year":2026,"month":1,"day":2}},"localizationSettings":{"currencyCode":"TRY"}}} []
[2026-01-02T15:42:10.878373+00:00] admob_service_verbose.INFO: saveStatistic: extracted report date from header {"report_date":"2026-01-02"} []
[2026-01-02T15:42:10.878401+00:00] admob_service_verbose.INFO: saveStatistic: processing row {"key":1,"app_id_value":"ca-app-pub-3228663599583295~8764218087","app_label":"Yara VPN","report_date":"2026-01-02"} []
[2026-01-02T15:42:11.571460+00:00] admob_service_verbose.INFO: saveStatistic: upserted statistic row {"stat_id":291621,"app_id":12875,"panel_id":13,"user_id":10,"report_date":"2026-01-02","currency":"TRY","estimated_earnings":152729833.0,"ad_requests":6477,"impression_rpm":48.05847506195727,"clicks":89,"impressions":3178,"impression_ctr":0.02800503461296413,"matched_requests":6353,"show_rate":0.5002361089249173,"match_rate":0.9808553342596881,"delta_earnings":1712304.0,"delta_impressions":16,"delta_clicks":0} []
[2026-01-02T15:42:11.571547+00:00] admob_service_verbose.INFO: saveStatistic: completed {"timestamp":"2026-01-02 15:42:11"} []
[2026-01-02T15:42:13.214472+00:00] admob_service_verbose.INFO: saveStatistic: entry {"items_count":4} []
[2026-01-02T15:42:13.214501+00:00] admob_service_verbose.INFO: saveStatistic: raw header {"header":{"dateRange":{"startDate":{"year":2026,"month":1,"day":2},"endDate":{"year":2026,"month":1,"day":2}},"localizationSettings":{"currencyCode":"TRY"}}} []
[2026-01-02T15:42:13.214582+00:00] admob_service_verbose.INFO: saveStatistic: extracted report date from header {"report_date":"2026-01-02"} []
[2026-01-02T15:42:13.214607+00:00] admob_service_verbose.INFO: saveStatistic: processing row {"key":1,"app_id_value":"ca-app-pub-3228663599583295~9051174456","app_label":"Asgar VPN","report_date":"2026-01-02"} []
[2026-01-02T15:42:13.971646+00:00] admob_service_verbose.INFO: saveStatistic: upserted statistic row {"stat_id":291622,"app_id":12902,"panel_id":13,"user_id":80,"report_date":"2026-01-02","currency":"TRY","estimated_earnings":898410207.0,"ad_requests":26250,"impression_rpm":41.152957155379546,"clicks":495,"impressions":21831,"impression_ctr":0.022674178919884568,"matched_requests":26133,"show_rate":0.8353805533233842,"match_rate":0.9955428571428572,"delta_earnings":1703626.0,"delta_impressions":82,"delta_clicks":2} []
[2026-01-02T15:42:13.971736+00:00] admob_service_verbose.INFO: saveStatistic: processing row {"key":2,"app_id_value":"ca-app-pub-3228663599583295~9229568580","app_label":"Raytunnel فیلترشکن قوی امن","report_date":"2026-01-02"} []
[2026-01-02T15:42:14.691149+00:00] admob_service_verbose.INFO: saveStatistic: upserted statistic row {"stat_id":291623,"app_id":12916,"panel_id":13,"user_id":53,"report_date":"2026-01-02","currency":"TRY","estimated_earnings":12074018045.0,"ad_requests":336829,"impression_rpm":48.61361632202481,"clicks":6901,"impressions":248367,"impression_ctr":0.02778549485237572,"matched_requests":335385,"show_rate":0.740542958092938,"match_rate":0.9957129582072802,"delta_earnings":34346671.0,"delta_impressions":990,"delta_clicks":24} []
[2026-01-02T15:42:14.691234+00:00] admob_service_verbose.INFO: saveStatistic: completed {"timestamp":"2026-01-02 15:42:14"} []
[2026-01-02T15:42:16.346536+00:00] admob_service_verbose.INFO: saveStatistic: entry {"items_count":2} []
[2026-01-02T15:42:16.346559+00:00] admob_service_verbose.INFO: saveStatistic: raw header {"header":{"dateRange":{"startDate":{"year":2026,"month":1,"day":2},"endDate":{"year":2026,"month":1,"day":2}},"localizationSettings":{"currencyCode":"TRY"}}} []
[2026-01-02T15:42:16.346626+00:00] admob_service_verbose.INFO: saveStatistic: extracted report date from header {"report_date":"2026-01-02"} []
[2026-01-02T15:42:16.346678+00:00] admob_service_verbose.INFO: saveStatistic: completed {"timestamp":"2026-01-02 15:42:16"} []
[2026-01-02T15:42:18.087600+00:00] admob_service_verbose.INFO: saveStatistic: entry {"items_count":3} []
[2026-01-02T15:42:18.087624+00:00] admob_service_verbose.INFO: saveStatistic: raw header {"header":{"dateRange":{"startDate":{"year":2026,"month":1,"day":2},"endDate":{"year":2026,"month":1,"day":2}},"localizationSettings":{"currencyCode":"TRY"}}} []
[2026-01-02T15:42:18.087687+00:00] admob_service_verbose.INFO: saveStatistic: extracted report date from header {"report_date":"2026-01-02"} []
[2026-01-02T15:42:18.087708+00:00] admob_service_verbose.INFO: saveStatistic: processing row {"key":1,"app_id_value":"ca-app-pub-3228663599583295~9745661642","app_label":"فیلتر شکن قوی پرسرعت Mouse VPN","report_date":"2026-01-02"} []
[2026-01-02T15:42:18.785361+00:00] admob_service_verbose.INFO: saveStatistic: upserted statistic row {"stat_id":291624,"app_id":12969,"panel_id":13,"user_id":56,"report_date":"2026-01-02","currency":"TRY","estimated_earnings":2112397980.0,"ad_requests":254445,"impression_rpm":19.786232620352543,"clicks":3694,"impressions":106761,"impression_ctr":0.03460065005011193,"matched_requests":213366,"show_rate":0.5003655690222435,"match_rate":0.8385545009727053,"delta_earnings":7904063.0,"delta_impressions":390,"delta_clicks":19} []
[2026-01-02T15:42:18.785453+00:00] admob_service_verbose.INFO: saveStatistic: completed {"timestamp":"2026-01-02 15:42:18"} []
[2026-01-02T15:42:20.481571+00:00] admob_service_verbose.INFO: saveStatistic: entry {"items_count":2} []
[2026-01-02T15:42:20.481594+00:00] admob_service_verbose.INFO: saveStatistic: raw header {"header":{"dateRange":{"startDate":{"year":2026,"month":1,"day":2},"endDate":{"year":2026,"month":1,"day":2}},"localizationSettings":{"currencyCode":"TRY"}}} []
[2026-01-02T15:42:20.481663+00:00] admob_service_verbose.INFO: saveStatistic: extracted report date from header {"report_date":"2026-01-02"} []
[2026-01-02T15:42:20.481715+00:00] admob_service_verbose.INFO: saveStatistic: completed {"timestamp":"2026-01-02 15:42:20"} []
[2026-01-02T15:42:23.012933+00:00] admob_service_verbose.INFO: saveStatistic: entry {"items_count":4} []
[2026-01-02T15:42:23.012960+00:00] admob_service_verbose.INFO: saveStatistic: raw header {"header":{"dateRange":{"startDate":{"year":2026,"month":1,"day":2},"endDate":{"year":2026,"month":1,"day":2}},"localizationSettings":{"currencyCode":"TRY"}}} []
[2026-01-02T15:42:23.013024+00:00] admob_service_verbose.INFO: saveStatistic: extracted report date from header {"report_date":"2026-01-02"} []
[2026-01-02T15:42:23.013050+00:00] admob_service_verbose.INFO: saveStatistic: processing row {"key":1,"app_id_value":"ca-app-pub-3228663599583295~1541193321","app_label":"Shine VPN","report_date":"2026-01-02"} []
[2026-01-02T15:42:23.689988+00:00] admob_service_verbose.INFO: saveStatistic: upserted statistic row {"stat_id":291625,"app_id":31655,"panel_id":13,"user_id":129,"report_date":"2026-01-02","currency":"TRY","estimated_earnings":3541225527.0,"ad_requests":111033,"impression_rpm":50.231574331499026,"clicks":2291,"impressions":70498,"impression_ctr":0.03249737581207977,"matched_requests":100369,"show_rate":0.702388187587801,"match_rate":0.9039564814064287,"delta_earnings":21526775.0,"delta_impressions":522,"delta_clicks":19} []
[2026-01-02T15:42:23.690057+00:00] admob_service_verbose.INFO: saveStatistic: processing row {"key":2,"app_id_value":"ca-app-pub-3228663599583295~2837233202","app_label":"Video Downloader & Story Saver","report_date":"2026-01-02"} []
[2026-01-02T15:42:24.362808+00:00] admob_service_verbose.INFO: saveStatistic: upserted statistic row {"stat_id":291626,"app_id":19392,"panel_id":13,"user_id":97,"report_date":"2026-01-02","currency":"TRY","estimated_earnings":430563780.0,"ad_requests":8171,"impression_rpm":76.7356585747658,"clicks":272,"impressions":5611,"impression_ctr":0.04847620744965247,"matched_requests":7322,"show_rate":0.7663206774105435,"match_rate":0.8960959490882389,"delta_earnings":7836259.0,"delta_impressions":68,"delta_clicks":0} []
[2026-01-02T15:42:24.362915+00:00] admob_service_verbose.INFO: saveStatistic: completed {"timestamp":"2026-01-02 15:42:24"} []
[2026-01-02T15:42:25.987969+00:00] admob_service_verbose.INFO: saveStatistic: entry {"items_count":3} []
[2026-01-02T15:42:25.987992+00:00] admob_service_verbose.INFO: saveStatistic: raw header {"header":{"dateRange":{"startDate":{"year":2026,"month":1,"day":2},"endDate":{"year":2026,"month":1,"day":2}},"localizationSettings":{"currencyCode":"TRY"}}} []
[2026-01-02T15:42:25.988057+00:00] admob_service_verbose.INFO: saveStatistic: extracted report date from header {"report_date":"2026-01-02"} []
[2026-01-02T15:42:25.988077+00:00] admob_service_verbose.INFO: saveStatistic: processing row {"key":1,"app_id_value":"ca-app-pub-3228663599583295~3079250678","app_label":"تل فارسی طلایی","report_date":"2026-01-02"} []
[2026-01-02T15:42:26.689045+00:00] admob_service_verbose.INFO: saveStatistic: upserted statistic row {"stat_id":291627,"app_id":31665,"panel_id":13,"user_id":143,"report_date":"2026-01-02","currency":"TRY","estimated_earnings":323827515.0,"ad_requests":36129,"impression_rpm":20.158585380828743,"clicks":542,"impressions":16064,"impression_ctr":0.03374003984063745,"matched_requests":22507,"show_rate":0.7137335051317368,"match_rate":0.6229621633590744,"delta_earnings":1471581.0,"delta_impressions":61,"delta_clicks":-1} []
[2026-01-02T15:42:26.689175+00:00] admob_service_verbose.INFO: saveStatistic: completed {"timestamp":"2026-01-02 15:42:26"} []
[2026-01-02T15:42:28.312634+00:00] admob_service_verbose.INFO: saveStatistic: entry {"items_count":3} []
[2026-01-02T15:42:28.312659+00:00] admob_service_verbose.INFO: saveStatistic: raw header {"header":{"dateRange":{"startDate":{"year":2026,"month":1,"day":2},"endDate":{"year":2026,"month":1,"day":2}},"localizationSettings":{"currencyCode":"TRY"}}} []
[2026-01-02T15:42:28.312724+00:00] admob_service_verbose.INFO: saveStatistic: extracted report date from header {"report_date":"2026-01-02"} []
[2026-01-02T15:42:28.312745+00:00] admob_service_verbose.INFO: saveStatistic: processing row {"key":1,"app_id_value":"ca-app-pub-3228663599583295~7807093432","app_label":"فیلتر شکن پرسرعت قوی Dragon","report_date":"2026-01-02"} []
[2026-01-02T15:42:29.067006+00:00] admob_service_verbose.INFO: saveStatistic: upserted statistic row {"stat_id":291628,"app_id":1498930,"panel_id":13,"user_id":89,"report_date":"2026-01-02","currency":"TRY","estimated_earnings":669630582.0,"ad_requests":30834,"impression_rpm":46.149592201515134,"clicks":571,"impressions":14510,"impression_ctr":0.03935217091660923,"matched_requests":29592,"show_rate":0.4903352257366856,"match_rate":0.9597197898423818,"delta_earnings":5647803.0,"delta_impressions":111,"delta_clicks":2} []
[2026-01-02T15:42:29.067140+00:00] admob_service_verbose.INFO: saveStatistic: completed {"timestamp":"2026-01-02 15:42:29"} []
[2026-01-02T15:42:30.700207+00:00] admob_service_verbose.INFO: saveStatistic: entry {"items_count":13} []
[2026-01-02T15:42:30.700231+00:00] admob_service_verbose.INFO: saveStatistic: raw header {"header":{"dateRange":{"startDate":{"year":2026,"month":1,"day":2},"endDate":{"year":2026,"month":1,"day":2}},"localizationSettings":{"currencyCode":"TRY"}}} []
[2026-01-02T15:42:30.700294+00:00] admob_service_verbose.INFO: saveStatistic: extracted report date from header {"report_date":"2026-01-02"} []
[2026-01-02T15:42:30.700316+00:00] admob_service_verbose.INFO: saveStatistic: processing row {"key":1,"app_id_value":"ca-app-pub-3228663599583295~2522323841","app_label":"Flux VPN","report_date":"2026-01-02"} []
[2026-01-02T15:42:30.710956+00:00] admob_service_verbose.INFO: saveStatistic: upserted statistic row {"stat_id":291629,"app_id":17839083,"panel_id":13,"user_id":274,"report_date":"2026-01-02","currency":"TRY","estimated_earnings":8170393967.0,"ad_requests":350020,"impression_rpm":37.6722440743595,"clicks":9585,"impressions":216881,"impression_ctr":0.04419474273910578,"matched_requests":319140,"show_rate":0.6795794948925237,"match_rate":0.9117764699160048,"delta_earnings":56516340.0,"delta_impressions":1560,"delta_clicks":53} []
[2026-01-02T15:42:30.711028+00:00] admob_service_verbose.INFO: saveStatistic: processing row {"key":2,"app_id_value":"ca-app-pub-3228663599583295~3308873745","app_label":"فیلتر شکن قوی پرسرعت Peach Vpn","report_date":"2026-01-02"} []
[2026-01-02T15:42:31.370069+00:00] admob_service_verbose.INFO: saveStatistic: upserted statistic row {"stat_id":291630,"app_id":7059896,"panel_id":13,"user_id":99,"report_date":"2026-01-02","currency":"TRY","estimated_earnings":5155494728.0,"ad_requests":287558,"impression_rpm":31.28903761842374,"clicks":6248,"impressions":164770,"impression_ctr":0.03791952418522789,"matched_requests":272348,"show_rate":0.6049980172426455,"match_rate":0.9471063228983371,"delta_earnings":22094790.0,"delta_impressions":1475,"delta_clicks":79} []
[2026-01-02T15:42:31.370127+00:00] admob_service_verbose.INFO: saveStatistic: processing row {"key":3,"app_id_value":"ca-app-pub-3228663599583295~4114554846","app_label":"فیلتر شکن قوی پرسرعت Lemon Vpn","report_date":"2026-01-02"} []
[2026-01-02T15:42:31.378705+00:00] admob_service_verbose.INFO: saveStatistic: upserted statistic row {"stat_id":291631,"app_id":13737169,"panel_id":13,"user_id":99,"report_date":"2026-01-02","currency":"TRY","estimated_earnings":1477172419.0,"ad_requests":64207,"impression_rpm":32.611542299468034,"clicks":1843,"impressions":45296,"impression_ctr":0.040687919463087245,"matched_requests":62050,"show_rate":0.7299919419822724,"match_rate":0.9664055321070911,"delta_earnings":11699927.0,"delta_impressions":348,"delta_clicks":14} []
[2026-01-02T15:42:31.378775+00:00] admob_service_verbose.INFO: saveStatistic: processing row {"key":4,"app_id_value":"ca-app-pub-3228663599583295~4177891800","app_label":"jana vpn","report_date":"2026-01-02"} []
[2026-01-02T15:42:32.021579+00:00] admob_service_verbose.INFO: saveStatistic: upserted statistic row {"stat_id":291632,"app_id":10493626,"panel_id":13,"user_id":53,"report_date":"2026-01-02","currency":"TRY","estimated_earnings":4060235557.0,"ad_requests":108499,"impression_rpm":49.712706092105805,"clicks":1877,"impressions":81674,"impression_ctr":0.022981609814628892,"matched_requests":108187,"show_rate":0.75493358721473,"match_rate":0.9971243974598845,"delta_earnings":29278346.0,"delta_impressions":752,"delta_clicks":17} []
[2026-01-02T15:42:32.021671+00:00] admob_service_verbose.INFO: saveStatistic: processing row {"key":5,"app_id_value":"ca-app-pub-3228663599583295~4512104119","app_label":"فیلتر شکن قوی پرسرعت Tiger VPN","report_date":"2026-01-02"} []
[2026-01-02T15:42:32.028915+00:00] admob_service_verbose.INFO: saveStatistic: upserted statistic row {"stat_id":291633,"app_id":14044079,"panel_id":13,"user_id":89,"report_date":"2026-01-02","currency":"TRY","estimated_earnings":29539823290.0,"ad_requests":942323,"impression_rpm":52.200737760239065,"clicks":23720,"impressions":565889,"impression_ctr":0.04191634755225848,"matched_requests":931348,"show_rate":0.6076020993227021,"match_rate":0.9883532504247482,"delta_earnings":126339520.0,"delta_impressions":4112,"delta_clicks":180} []
[2026-01-02T15:42:32.028966+00:00] admob_service_verbose.INFO: saveStatistic: processing row {"key":6,"app_id_value":"ca-app-pub-3228663599583295~6057812006","app_label":"V2 VPN - Safe Proxy","report_date":"2026-01-02"} []
[2026-01-02T15:42:32.035741+00:00] admob_service_verbose.INFO: saveStatistic: upserted statistic row {"stat_id":291634,"app_id":15546595,"panel_id":13,"user_id":7,"report_date":"2026-01-02","currency":"TRY","estimated_earnings":4317821895.0,"ad_requests":142869,"impression_rpm":41.21278141211115,"clicks":2609,"impressions":104769,"impression_ctr":0.024902404337160802,"matched_requests":139805,"show_rate":0.7493937985050606,"match_rate":0.978553780036257,"delta_earnings":19071379.0,"delta_impressions":762,"delta_clicks":11} []
[2026-01-02T15:42:32.035791+00:00] admob_service_verbose.INFO: saveStatistic: processing row {"key":7,"app_id_value":"ca-app-pub-3228663599583295~6310799735","app_label":"V2 Box - Secure VPN","report_date":"2026-01-02"} []
[2026-01-02T15:42:32.042838+00:00] admob_service_verbose.INFO: saveStatistic: upserted statistic row {"stat_id":291635,"app_id":15817022,"panel_id":13,"user_id":7,"report_date":"2026-01-02","currency":"TRY","estimated_earnings":408144725.0,"ad_requests":13199,"impression_rpm":47.73064267033976,"clicks":288,"impressions":8551,"impression_ctr":0.03368027131329669,"matched_requests":12750,"show_rate":0.6706666666666666,"match_rate":0.9659822713841958,"delta_earnings":3703540.0,"delta_impressions":63,"delta_clicks":3} []
[2026-01-02T15:42:32.042888+00:00] admob_service_verbose.INFO: saveStatistic: processing row {"key":8,"app_id_value":"ca-app-pub-3228663599583295~7645820294","app_label":"فیلترشکن قوی پرسرعت Ninja Vpn","report_date":"2026-01-02"} []
[2026-01-02T15:42:32.049507+00:00] admob_service_verbose.INFO: saveStatistic: upserted statistic row {"stat_id":291636,"app_id":16435709,"panel_id":13,"user_id":99,"report_date":"2026-01-02","currency":"TRY","estimated_earnings":2089597263.0,"ad_requests":92064,"impression_rpm":30.2371288511281,"clicks":2888,"impressions":69107,"impression_ctr":0.04179026726670236,"matched_requests":90679,"show_rate":0.7621058900076093,"match_rate":0.9849561174834898,"delta_earnings":15052784.0,"delta_impressions":666,"delta_clicks":25} []
[2026-01-02T15:42:32.049558+00:00] admob_service_verbose.INFO: saveStatistic: processing row {"key":9,"app_id_value":"ca-app-pub-3228663599583295~7871293419","app_label":"V2 Pro - v2ray VPN","report_date":"2026-01-02"} []
[2026-01-02T15:42:32.059030+00:00] admob_service_verbose.INFO: saveStatistic: upserted statistic row {"stat_id":291637,"app_id":15817023,"panel_id":13,"user_id":7,"report_date":"2026-01-02","currency":"TRY","estimated_earnings":2372347304.0,"ad_requests":85628,"impression_rpm":37.75338656413161,"clicks":1333,"impressions":62838,"impression_ctr":0.021213278589388585,"matched_requests":82602,"show_rate":0.7607321856613641,"match_rate":0.9646610921661138,"delta_earnings":14402510.0,"delta_impressions":469,"delta_clicks":6} []
[2026-01-02T15:42:32.059089+00:00] admob_service_verbose.INFO: saveStatistic: processing row {"key":10,"app_id_value":"ca-app-pub-3228663599583295~8678101566","app_label":"Savash VPN","report_date":"2026-01-02"} []
[2026-01-02T15:42:32.725988+00:00] admob_service_verbose.INFO: saveStatistic: upserted statistic row {"stat_id":291638,"app_id":6955375,"panel_id":13,"user_id":180,"report_date":"2026-01-02","currency":"TRY","estimated_earnings":371926226.0,"ad_requests":9753,"impression_rpm":51.945003710402055,"clicks":199,"impressions":7160,"impression_ctr":0.027793296089385473,"matched_requests":9650,"show_rate":0.7419689119170985,"match_rate":0.98943914692915,"delta_earnings":2647385.0,"delta_impressions":73,"delta_clicks":1} []
[2026-01-02T15:42:32.726069+00:00] admob_service_verbose.INFO: saveStatistic: processing row {"key":11,"app_id_value":"ca-app-pub-3228663599583295~8765157089","app_label":"Gozal VPN","report_date":"2026-01-02"} []
[2026-01-02T15:42:33.367842+00:00] admob_service_verbose.INFO: saveStatistic: upserted statistic row {"stat_id":291639,"app_id":6388759,"panel_id":13,"user_id":48,"report_date":"2026-01-02","currency":"TRY","estimated_earnings":1577997904.0,"ad_requests":54969,"impression_rpm":37.81990950800497,"clicks":1006,"impressions":41724,"impression_ctr":0.02411082350685457,"matched_requests":53478,"show_rate":0.7802086839447997,"match_rate":0.9728756208044534,"delta_earnings":2152811.0,"delta_impressions":94,"delta_clicks":1} []
[2026-01-02T15:42:33.367926+00:00] admob_service_verbose.INFO: saveStatistic: completed {"timestamp":"2026-01-02 15:42:33"} []
[2026-01-02T15:42:35.105494+00:00] admob_service_verbose.INFO: saveStatistic: entry {"items_count":15} []
[2026-01-02T15:42:35.105528+00:00] admob_service_verbose.INFO: saveStatistic: raw header {"header":{"dateRange":{"startDate":{"year":2026,"month":1,"day":2},"endDate":{"year":2026,"month":1,"day":2}},"localizationSettings":{"currencyCode":"TRY"}}} []
[2026-01-02T15:42:35.105611+00:00] admob_service_verbose.INFO: saveStatistic: extracted report date from header {"report_date":"2026-01-02"} []
[2026-01-02T15:42:35.105635+00:00] admob_service_verbose.INFO: saveStatistic: processing row {"key":1,"app_id_value":"ca-app-pub-3228663599583295~3021334487","app_label":"فیلتر شکن قوی پرسرعت Eleph VPN","report_date":"2026-01-02"} []
[2026-01-02T15:42:35.112383+00:00] admob_service_verbose.INFO: saveStatistic: upserted statistic row {"stat_id":291640,"app_id":30676480,"panel_id":13,"user_id":89,"report_date":"2026-01-02","currency":"TRY","estimated_earnings":3709619944.0,"ad_requests":119063,"impression_rpm":47.987425543701306,"clicks":3273,"impressions":77304,"impression_ctr":0.04233933561005899,"matched_requests":118877,"show_rate":0.6502855893065942,"match_rate":0.9984378018360028,"delta_earnings":24055159.0,"delta_impressions":593,"delta_clicks":21} []
[2026-01-02T15:42:35.112443+00:00] admob_service_verbose.INFO: saveStatistic: processing row {"key":2,"app_id_value":"ca-app-pub-3228663599583295~3627613184","app_label":"فیلتر شکن قوی پرسرعت Homa Vpn","report_date":"2026-01-02"} []
[2026-01-02T15:42:35.119660+00:00] admob_service_verbose.INFO: saveStatistic: upserted statistic row {"stat_id":291641,"app_id":24152724,"panel_id":13,"user_id":99,"report_date":"2026-01-02","currency":"TRY","estimated_earnings":7844133389.0,"ad_requests":337062,"impression_rpm":34.363400314762224,"clicks":7967,"impressions":228270,"impression_ctr":0.034901651552985496,"matched_requests":332156,"show_rate":0.6872373222220884,"match_rate":0.9854448143071601,"delta_earnings":71509347.0,"delta_impressions":2255,"delta_clicks":53} []
[2026-01-02T15:42:35.119729+00:00] admob_service_verbose.INFO: saveStatistic: processing row {"key":3,"app_id_value":"ca-app-pub-3228663599583295~5620361525","app_label":"فیلتر شکن قوی پرسرعت Ghost Vpn","report_date":"2026-01-02"} []
[2026-01-02T15:42:35.127098+00:00] admob_service_verbose.INFO: saveStatistic: upserted statistic row {"stat_id":291642,"app_id":20377062,"panel_id":13,"user_id":89,"report_date":"2026-01-02","currency":"TRY","estimated_earnings":1133365374.0,"ad_requests":46109,"impression_rpm":54.08567759805546,"clicks":1105,"impressions":20955,"impression_ctr":0.05273204485802911,"matched_requests":45856,"show_rate":0.45697400558269363,"match_rate":0.9945130018000824,"delta_earnings":4396092.0,"delta_impressions":113,"delta_clicks":8} []
[2026-01-02T15:42:35.127152+00:00] admob_service_verbose.INFO: saveStatistic: processing row {"key":4,"app_id_value":"ca-app-pub-3228663599583295~5733687720","app_label":"فیلتر شکن Jet VPN","report_date":"2026-01-02"} []
[2026-01-02T15:42:35.134312+00:00] admob_service_verbose.INFO: saveStatistic: upserted statistic row {"stat_id":291643,"app_id":25331638,"panel_id":13,"user_id":89,"report_date":"2026-01-02","currency":"TRY","estimated_earnings":6699848923.0,"ad_requests":195821,"impression_rpm":57.055438047347394,"clicks":5938,"impressions":117427,"impression_ctr":0.05056758667086786,"matched_requests":195054,"show_rate":0.6020230295200304,"match_rate":0.9960831575775836,"delta_earnings":48098597.0,"delta_impressions":802,"delta_clicks":29} []
[2026-01-02T15:42:35.134385+00:00] admob_service_verbose.INFO: saveStatistic: processing row {"key":5,"app_id_value":"ca-app-pub-3228663599583295~6713513313","app_label":"فیلتر شکن قوی پرسرعت Rabbit","report_date":"2026-01-02"} []
[2026-01-02T15:42:35.141282+00:00] admob_service_verbose.INFO: saveStatistic: upserted statistic row {"stat_id":291644,"app_id":25810549,"panel_id":13,"user_id":99,"report_date":"2026-01-02","currency":"TRY","estimated_earnings":4259810014.0,"ad_requests":86550,"impression_rpm":64.57290567534822,"clicks":2031,"impressions":65969,"impression_ctr":0.03078718792159954,"matched_requests":85744,"show_rate":0.7693716178391491,"match_rate":0.9906874638937031,"delta_earnings":24484897.0,"delta_impressions":487,"delta_clicks":29} []
[2026-01-02T15:42:35.141338+00:00] admob_service_verbose.INFO: saveStatistic: processing row {"key":6,"app_id_value":"ca-app-pub-3228663599583295~7236742592","app_label":"فیلتر شکن قوی پرسرعت Del vpn","report_date":"2026-01-02"} []
[2026-01-02T15:42:35.148474+00:00] admob_service_verbose.INFO: saveStatistic: upserted statistic row {"stat_id":291645,"app_id":25390487,"panel_id":13,"user_id":89,"report_date":"2026-01-02","currency":"TRY","estimated_earnings":717911122.0,"ad_requests":21464,"impression_rpm":70.0332769981323,"clicks":516,"impressions":10251,"impression_ctr":0.05033655253146035,"matched_requests":21363,"show_rate":0.4798483359078781,"match_rate":0.995294446515095,"delta_earnings":2321750.0,"delta_impressions":99,"delta_clicks":23} []
[2026-01-02T15:42:35.148526+00:00] admob_service_verbose.INFO: saveStatistic: processing row {"key":7,"app_id_value":"ca-app-pub-3228663599583295~7253387605","app_label":"فیلتر شکن قوی پرسرعت Unic vpn","report_date":"2026-01-02"} []
[2026-01-02T15:42:35.154921+00:00] admob_service_verbose.INFO: saveStatistic: upserted statistic row {"stat_id":291646,"app_id":25220062,"panel_id":13,"user_id":89,"report_date":"2026-01-02","currency":"TRY","estimated_earnings":1921583843.0,"ad_requests":52897,"impression_rpm":64.06774392194619,"clicks":1507,"impressions":29993,"impression_ctr":0.05024505718000867,"matched_requests":52407,"show_rate":0.5723090426851375,"match_rate":0.9907367147475282,"delta_earnings":10945447.0,"delta_impressions":206,"delta_clicks":13} []
[2026-01-02T15:42:35.155008+00:00] admob_service_verbose.INFO: saveStatistic: processing row {"key":8,"app_id_value":"ca-app-pub-3228663599583295~7524010029","app_label":"Sheep VPN","report_date":"2026-01-02"} []
[2026-01-02T15:42:35.161014+00:00] admob_service_verbose.INFO: saveStatistic: upserted statistic row {"stat_id":291647,"app_id":26108477,"panel_id":13,"user_id":53,"report_date":"2026-01-02","currency":"TRY","estimated_earnings":2491467121.0,"ad_requests":86691,"impression_rpm":41.733117608418844,"clicks":1389,"impressions":59700,"impression_ctr":0.023266331658291457,"matched_requests":86280,"show_rate":0.691933240611961,"match_rate":0.9952590234280375,"delta_earnings":17173673.0,"delta_impressions":480,"delta_clicks":9} []
[2026-01-02T15:42:35.161084+00:00] admob_service_verbose.INFO: saveStatistic: processing row {"key":9,"app_id_value":"ca-app-pub-3228663599583295~8040893077","app_label":"فیلتر شکن قوی پرسرعت Monkey","report_date":"2026-01-02"} []
[2026-01-02T15:42:35.166607+00:00] admob_service_verbose.INFO: saveStatistic: upserted statistic row {"stat_id":291648,"app_id":26350792,"panel_id":13,"user_id":99,"report_date":"2026-01-02","currency":"TRY","estimated_earnings":1641691889.0,"ad_requests":33032,"impression_rpm":67.3791048533898,"clicks":820,"impressions":24365,"impression_ctr":0.03365483275189821,"matched_requests":32963,"show_rate":0.7391620908291114,"match_rate":0.9979111164930976,"delta_earnings":13140965.0,"delta_impressions":224,"delta_clicks":6} []
[2026-01-02T15:42:35.166671+00:00] admob_service_verbose.INFO: saveStatistic: processing row {"key":10,"app_id_value":"ca-app-pub-3228663599583295~8266937982","app_label":"فیلتر شکن قوی پرسرعت Taxi Vpn","report_date":"2026-01-02"} []
[2026-01-02T15:42:35.172801+00:00] admob_service_verbose.INFO: saveStatistic: upserted statistic row {"stat_id":291649,"app_id":26749921,"panel_id":13,"user_id":99,"report_date":"2026-01-02","currency":"TRY","estimated_earnings":1097667672.0,"ad_requests":19656,"impression_rpm":101.07437134245997,"clicks":301,"impressions":10860,"impression_ctr":0.027716390423572743,"matched_requests":19573,"show_rate":0.5548459612731824,"match_rate":0.9957773707773708,"delta_earnings":4994243.0,"delta_impressions":70,"delta_clicks":0} []
[2026-01-02T15:42:35.172859+00:00] admob_service_verbose.INFO: saveStatistic: processing row {"key":11,"app_id_value":"ca-app-pub-3228663599583295~8494113823","app_label":"فیلتر شکن قوی پرسرعت Crystal","report_date":"2026-01-02"} []
[2026-01-02T15:42:35.179481+00:00] admob_service_verbose.INFO: saveStatistic: upserted statistic row {"stat_id":291650,"app_id":24989980,"panel_id":13,"user_id":89,"report_date":"2026-01-02","currency":"TRY","estimated_earnings":464165684.0,"ad_requests":10181,"impression_rpm":74.0296147626492,"clicks":216,"impressions":6270,"impression_ctr":0.03444976076555024,"matched_requests":10136,"show_rate":0.6185872138910813,"match_rate":0.9955800019644435,"delta_earnings":3533748.0,"delta_impressions":47,"delta_clicks":0} []
[2026-01-02T15:42:35.179535+00:00] admob_service_verbose.INFO: saveStatistic: processing row {"key":12,"app_id_value":"ca-app-pub-3228663599583295~8594622571","app_label":"فیلتر شکن قوی پرسرعت ice vpn","report_date":"2026-01-02"} []
[2026-01-02T15:42:35.186458+00:00] admob_service_verbose.INFO: saveStatistic: upserted statistic row {"stat_id":291651,"app_id":23158259,"panel_id":13,"user_id":89,"report_date":"2026-01-02","currency":"TRY","estimated_earnings":706400160.0,"ad_requests":37130,"impression_rpm":36.73236753665723,"clicks":677,"impressions":19231,"impression_ctr":0.035203577557069314,"matched_requests":36523,"show_rate":0.5265449169016784,"match_rate":0.9836520333961756,"delta_earnings":4307286.0,"delta_impressions":108,"delta_clicks":2} []
[2026-01-02T15:42:35.186512+00:00] admob_service_verbose.INFO: saveStatistic: processing row {"key":13,"app_id_value":"ca-app-pub-3228663599583295~9011457297","app_label":"فیلتر شکن قوی پرسرعت Kadu Vpn","report_date":"2026-01-02"} []
[2026-01-02T15:42:35.192368+00:00] admob_service_verbose.INFO: saveStatistic: upserted statistic row {"stat_id":291652,"app_id":26075539,"panel_id":13,"user_id":99,"report_date":"2026-01-02","currency":"TRY","estimated_earnings":4601903825.0,"ad_requests":97711,"impression_rpm":63.65012206395505,"clicks":2161,"impressions":72300,"impression_ctr":0.029889349930843707,"matched_requests":97249,"show_rate":0.7434523748316179,"match_rate":0.9952717708343994,"delta_earnings":35614407.0,"delta_impressions":565,"delta_clicks":8} []
[2026-01-02T15:42:35.192437+00:00] admob_service_verbose.INFO: saveStatistic: completed {"timestamp":"2026-01-02 15:42:35"} []
[2026-01-02T15:42:42.366056+00:00] admob_service_verbose.INFO: saveStatistic: entry {"items_count":12} []
[2026-01-02T15:42:42.366079+00:00] admob_service_verbose.INFO: saveStatistic: raw header {"header":{"dateRange":{"startDate":{"year":2026,"month":1,"day":2},"endDate":{"year":2026,"month":1,"day":2}},"localizationSettings":{"currencyCode":"OMR"}}} []
[2026-01-02T15:42:42.366143+00:00] admob_service_verbose.INFO: saveStatistic: extracted report date from header {"report_date":"2026-01-02"} []
[2026-01-02T15:42:42.366172+00:00] admob_service_verbose.INFO: saveStatistic: processing row {"key":1,"app_id_value":"ca-app-pub-8886570797615271~2510739268","app_label":"Alan VPN","report_date":"2026-01-02"} []
[2026-01-02T15:42:42.382220+00:00] admob_service_verbose.INFO: saveStatistic: upserted statistic row {"stat_id":291653,"app_id":13307276,"panel_id":19,"user_id":42,"report_date":"2026-01-02","currency":"OMR","estimated_earnings":27136530.792,"ad_requests":89562,"impression_rpm":0.384898952257639,"clicks":1714,"impressions":70503,"impression_ctr":0.024311022226004567,"matched_requests":89016,"show_rate":0.7920261526017794,"match_rate":0.9939036645005694,"delta_earnings":251692.43400000036,"delta_impressions":490,"delta_clicks":4} []
[2026-01-02T15:42:42.382282+00:00] admob_service_verbose.INFO: saveStatistic: processing row {"key":2,"app_id_value":"ca-app-pub-8886570797615271~3707399691","app_label":"فیلتر شکن قوی پرسرعت Horse Vpn","report_date":"2026-01-02"} []
[2026-01-02T15:42:42.398108+00:00] admob_service_verbose.INFO: saveStatistic: upserted statistic row {"stat_id":291654,"app_id":16223920,"panel_id":19,"user_id":56,"report_date":"2026-01-02","currency":"OMR","estimated_earnings":47404262.934,"ad_requests":92515,"impression_rpm":0.7939082767212721,"clicks":1691,"impressions":59710,"impression_ctr":0.028320214369452354,"matched_requests":91999,"show_rate":0.6490287937912369,"match_rate":0.9944225260768524,"delta_earnings":334898.549999997,"delta_impressions":417,"delta_clicks":20} []
[2026-01-02T15:42:42.398168+00:00] admob_service_verbose.INFO: saveStatistic: processing row {"key":3,"app_id_value":"ca-app-pub-8886570797615271~4341325444","app_label":"Nod VPN","report_date":"2026-01-02"} []
[2026-01-02T15:42:42.412652+00:00] admob_service_verbose.INFO: saveStatistic: upserted statistic row {"stat_id":291655,"app_id":22690239,"panel_id":19,"user_id":1312,"report_date":"2026-01-02","currency":"OMR","estimated_earnings":11229579.396,"ad_requests":32084,"impression_rpm":0.435660294066523,"clicks":792,"impressions":25776,"impression_ctr":0.030726256983240222,"matched_requests":32016,"show_rate":0.8050974512743628,"match_rate":0.997880563520758,"delta_earnings":18703.061999998987,"delta_impressions":61,"delta_clicks":4} []
[2026-01-02T15:42:42.412709+00:00] admob_service_verbose.INFO: saveStatistic: processing row {"key":4,"app_id_value":"ca-app-pub-8886570797615271~5739832984","app_label":"Air VPN","report_date":"2026-01-02"} []
[2026-01-02T15:42:42.428498+00:00] admob_service_verbose.INFO: saveStatistic: upserted statistic row {"stat_id":291656,"app_id":13822072,"panel_id":19,"user_id":8,"report_date":"2026-01-02","currency":"OMR","estimated_earnings":5195016.54,"ad_requests":17541,"impression_rpm":0.38995772863326145,"clicks":496,"impressions":13322,"impression_ctr":0.037231646899864884,"matched_requests":17342,"show_rate":0.7681928266635912,"match_rate":0.9886551507895787,"delta_earnings":87505.86600000039,"delta_impressions":98,"delta_clicks":8} []
[2026-01-02T15:42:42.428556+00:00] admob_service_verbose.INFO: saveStatistic: processing row {"key":5,"app_id_value":"ca-app-pub-8886570797615271~5762591742","app_label":"Video Downloader No Watermark","report_date":"2026-01-02"} []
[2026-01-02T15:42:42.445023+00:00] admob_service_verbose.INFO: saveStatistic: upserted statistic row {"stat_id":291657,"app_id":12080157,"panel_id":19,"user_id":97,"report_date":"2026-01-02","currency":"OMR","estimated_earnings":5332053.636,"ad_requests":5507,"impression_rpm":1.2403009727028744,"clicks":309,"impressions":4299,"impression_ctr":0.0718771807397069,"matched_requests":5172,"show_rate":0.8312064965197216,"match_rate":0.9391683312148175,"delta_earnings":32041.925999999978,"delta_impressions":25,"delta_clicks":3} []
[2026-01-02T15:42:42.445083+00:00] admob_service_verbose.INFO: saveStatistic: processing row {"key":6,"app_id_value":"ca-app-pub-8886570797615271~6016592516","app_label":"Artemis Vpn","report_date":"2026-01-02"} []
[2026-01-02T15:42:42.459179+00:00] admob_service_verbose.INFO: saveStatistic: upserted statistic row {"stat_id":291658,"app_id":23211265,"panel_id":19,"user_id":1311,"report_date":"2026-01-02","currency":"OMR","estimated_earnings":6707983.842,"ad_requests":14977,"impression_rpm":0.5313254769684956,"clicks":485,"impressions":12625,"impression_ctr":0.038415841584158415,"matched_requests":14967,"show_rate":0.8435224159818266,"match_rate":0.9993323095412967,"delta_earnings":40098.996000000276,"delta_impressions":92,"delta_clicks":2} []
[2026-01-02T15:42:42.459251+00:00] admob_service_verbose.INFO: saveStatistic: processing row {"key":7,"app_id_value":"ca-app-pub-8886570797615271~6892346139","app_label":"Ultraunique VPN: Secure & Fast","report_date":"2026-01-02"} []
[2026-01-02T15:42:42.474758+00:00] admob_service_verbose.INFO: saveStatistic: upserted statistic row {"stat_id":291659,"app_id":14256914,"panel_id":19,"user_id":56,"report_date":"2026-01-02","currency":"OMR","estimated_earnings":119748.51,"ad_requests":4539,"impression_rpm":0.06568761632832232,"clicks":71,"impressions":1823,"impression_ctr":0.038946791003839826,"matched_requests":3395,"show_rate":0.5369661266568483,"match_rate":0.747962106190791,"delta_earnings":950.2920000000013,"delta_impressions":10,"delta_clicks":1} []
[2026-01-02T15:42:42.474829+00:00] admob_service_verbose.INFO: saveStatistic: processing row {"key":8,"app_id_value":"ca-app-pub-8886570797615271~7554459914","app_label":"Zar VPN","report_date":"2026-01-02"} []
[2026-01-02T15:42:42.488857+00:00] admob_service_verbose.INFO: saveStatistic: upserted statistic row {"stat_id":291660,"app_id":23623877,"panel_id":19,"user_id":86,"report_date":"2026-01-02","currency":"OMR","estimated_earnings":533798.37,"ad_requests":4733,"impression_rpm":0.14592632372155817,"clicks":129,"impressions":3658,"impression_ctr":0.035265172225259704,"matched_requests":4310,"show_rate":0.8487238979118329,"match_rate":0.9106275089795056,"delta_earnings":2798.7119999999413,"delta_impressions":28,"delta_clicks":1} []
[2026-01-02T15:42:42.488933+00:00] admob_service_verbose.INFO: saveStatistic: processing row {"key":9,"app_id_value":"ca-app-pub-8886570797615271~7889568732","app_label":"Golden VPN - وی پی ان پر قدرت","report_date":"2026-01-02"} []
[2026-01-02T15:42:42.506971+00:00] admob_service_verbose.INFO: saveStatistic: upserted statistic row {"stat_id":291661,"app_id":15707353,"panel_id":19,"user_id":1204,"report_date":"2026-01-02","currency":"OMR","estimated_earnings":25236074.178,"ad_requests":69329,"impression_rpm":0.43031928208760084,"clicks":2696,"impressions":58645,"impression_ctr":0.045971523574047234,"matched_requests":69253,"show_rate":0.8468225203240293,"match_rate":0.9989037776399486,"delta_earnings":224703.61199999973,"delta_impressions":566,"delta_clicks":43} []
[2026-01-02T15:42:42.507057+00:00] admob_service_verbose.INFO: saveStatistic: processing row {"key":10,"app_id_value":"ca-app-pub-8886570797615271~7938437446","app_label":"Nero VPN","report_date":"2026-01-02"} []
[2026-01-02T15:42:42.520478+00:00] admob_service_verbose.INFO: saveStatistic: upserted statistic row {"stat_id":291662,"app_id":23627557,"panel_id":19,"user_id":53,"report_date":"2026-01-02","currency":"OMR","estimated_earnings":8908572.834,"ad_requests":28060,"impression_rpm":0.4152406524820815,"clicks":572,"impressions":21454,"impression_ctr":0.026661694788850564,"matched_requests":27944,"show_rate":0.7677497852848554,"match_rate":0.9958660014255167,"delta_earnings":43716.07800000161,"delta_impressions":140,"delta_clicks":50} []
[2026-01-02T15:42:42.520558+00:00] admob_service_verbose.INFO: saveStatistic: completed {"timestamp":"2026-01-02 15:42:42"} []
[2026-01-02T15:42:49.633537+00:00] admob_service_verbose.INFO: saveStatistic: entry {"items_count":18} []
[2026-01-02T15:42:49.633576+00:00] admob_service_verbose.INFO: saveStatistic: raw header {"header":{"dateRange":{"startDate":{"year":2026,"month":1,"day":2},"endDate":{"year":2026,"month":1,"day":2}},"localizationSettings":{"currencyCode":"OMR"}}} []
[2026-01-02T15:42:49.633668+00:00] admob_service_verbose.INFO: saveStatistic: extracted report date from header {"report_date":"2026-01-02"} []
[2026-01-02T15:42:49.633719+00:00] admob_service_verbose.INFO: saveStatistic: processing row {"key":1,"app_id_value":"ca-app-pub-8886570797615271~1090725314","app_label":"Zaal VPN – Secure Connection","report_date":"2026-01-02"} []
[2026-01-02T15:42:49.648053+00:00] admob_service_verbose.INFO: saveStatistic: upserted statistic row {"stat_id":291663,"app_id":28930463,"panel_id":19,"user_id":197,"report_date":"2026-01-02","currency":"OMR","estimated_earnings":108636422.454,"ad_requests":274366,"impression_rpm":0.4638478895945326,"clicks":5410,"impressions":234207,"impression_ctr":0.023099224190566463,"matched_requests":273875,"show_rate":0.8551602008215426,"match_rate":0.9982104196584125,"delta_earnings":691625.8439999968,"delta_impressions":1846,"delta_clicks":19} []
[2026-01-02T15:42:49.648105+00:00] admob_service_verbose.INFO: saveStatistic: processing row {"key":2,"app_id_value":"ca-app-pub-8886570797615271~1111217327","app_label":"bear VPN Fast & Secure","report_date":"2026-01-02"} []
[2026-01-02T15:42:49.653843+00:00] admob_service_verbose.INFO: saveStatistic: upserted statistic row {"stat_id":291664,"app_id":32037515,"panel_id":19,"user_id":358,"report_date":"2026-01-02","currency":"OMR","estimated_earnings":1767634.596,"ad_requests":2466,"impression_rpm":0.9347619426680253,"clicks":111,"impressions":1891,"impression_ctr":0.058699101004759384,"matched_requests":2465,"show_rate":0.7671399594320487,"match_rate":0.9995944849959448,"delta_earnings":7511.237999999896,"delta_impressions":10,"delta_clicks":0} []
[2026-01-02T15:42:49.653894+00:00] admob_service_verbose.INFO: saveStatistic: processing row {"key":3,"app_id_value":"ca-app-pub-8886570797615271~3301633250","app_label":"Soor VPN","report_date":"2026-01-02"} []
[2026-01-02T15:42:49.666853+00:00] admob_service_verbose.INFO: saveStatistic: upserted statistic row {"stat_id":291665,"app_id":29139592,"panel_id":19,"user_id":103,"report_date":"2026-01-02","currency":"OMR","estimated_earnings":1234912.77,"ad_requests":1668,"impression_rpm":0.9398120125637814,"clicks":101,"impressions":1314,"impression_ctr":0.07686453576864535,"matched_requests":1666,"show_rate":0.7887154861944778,"match_rate":0.9988009592326139,"delta_earnings":1738.8000000000466,"delta_impressions":4,"delta_clicks":1} []
[2026-01-02T15:42:49.666923+00:00] admob_service_verbose.INFO: saveStatistic: processing row {"key":4,"app_id_value":"ca-app-pub-8886570797615271~3372933752","app_label":"Asal VPN","report_date":"2026-01-02"} []
[2026-01-02T15:42:49.676893+00:00] admob_service_verbose.INFO: saveStatistic: upserted statistic row {"stat_id":291666,"app_id":30027110,"panel_id":19,"user_id":79,"report_date":"2026-01-02","currency":"OMR","estimated_earnings":0.0,"ad_requests":3,"impression_rpm":null,"clicks":0,"impressions":0,"impression_ctr":null,"matched_requests":3,"show_rate":0.0,"match_rate":1.0,"delta_earnings":0.0,"delta_impressions":0,"delta_clicks":0} []
[2026-01-02T15:42:49.676942+00:00] admob_service_verbose.INFO: saveStatistic: processing row {"key":5,"app_id_value":"ca-app-pub-8886570797615271~3656312931","app_label":"Zeno VPN","report_date":"2026-01-02"} []
[2026-01-02T15:42:49.690744+00:00] admob_service_verbose.INFO: saveStatistic: upserted statistic row {"stat_id":291667,"app_id":28550760,"panel_id":19,"user_id":647,"report_date":"2026-01-02","currency":"OMR","estimated_earnings":25982963.622,"ad_requests":57318,"impression_rpm":0.5597484619789505,"clicks":1084,"impressions":46419,"impression_ctr":0.023352506516728065,"matched_requests":57079,"show_rate":0.8132412971495646,"match_rate":0.9958302801912139,"delta_earnings":148316.23800000176,"delta_impressions":363,"delta_clicks":18} []
[2026-01-02T15:42:49.690801+00:00] admob_service_verbose.INFO: saveStatistic: processing row {"key":6,"app_id_value":"ca-app-pub-8886570797615271~3763806913","app_label":"Chance VPN","report_date":"2026-01-02"} []
[2026-01-02T15:42:49.708247+00:00] admob_service_verbose.INFO: saveStatistic: upserted statistic row {"stat_id":291668,"app_id":28495760,"panel_id":19,"user_id":167,"report_date":"2026-01-02","currency":"OMR","estimated_earnings":67028096.268,"ad_requests":152039,"impression_rpm":0.5307348505825692,"clicks":2726,"impressions":126293,"impression_ctr":0.02158472757793385,"matched_requests":151135,"show_rate":0.8356303966652331,"match_rate":0.9940541571570453,"delta_earnings":552113.6040000021,"delta_impressions":1117,"delta_clicks":34} []
[2026-01-02T15:42:49.708329+00:00] admob_service_verbose.INFO: saveStatistic: processing row {"key":7,"app_id_value":"ca-app-pub-8886570797615271~4118038829","app_label":"Kanka VPN","report_date":"2026-01-02"} []
[2026-01-02T15:42:49.724278+00:00] admob_service_verbose.INFO: saveStatistic: upserted statistic row {"stat_id":291669,"app_id":29266401,"panel_id":19,"user_id":676,"report_date":"2026-01-02","currency":"OMR","estimated_earnings":20656233.738,"ad_requests":43736,"impression_rpm":0.5605642985352408,"clicks":791,"impressions":36849,"impression_ctr":0.02146598279464843,"matched_requests":43654,"show_rate":0.8441150868190773,"match_rate":0.9981251143222974,"delta_earnings":116451.5940000005,"delta_impressions":288,"delta_clicks":7} []
[2026-01-02T15:42:49.724342+00:00] admob_service_verbose.INFO: saveStatistic: processing row {"key":8,"app_id_value":"ca-app-pub-8886570797615271~4482444489","app_label":"Shah VPN | اتصال سریع","report_date":"2026-01-02"} []
[2026-01-02T15:42:49.730384+00:00] admob_service_verbose.INFO: saveStatistic: upserted statistic row {"stat_id":291670,"app_id":32442617,"panel_id":19,"user_id":77,"report_date":"2026-01-02","currency":"OMR","estimated_earnings":42094821.258,"ad_requests":36438,"impression_rpm":1.9575344882693695,"clicks":1676,"impressions":21504,"impression_ctr":0.0779389880952381,"matched_requests":36421,"show_rate":0.5904285988852586,"match_rate":0.9995334540863934,"delta_earnings":146767.57200000435,"delta_impressions":123,"delta_clicks":16} []
[2026-01-02T15:42:49.730452+00:00] admob_service_verbose.INFO: saveStatistic: processing row {"key":9,"app_id_value":"ca-app-pub-8886570797615271~4640632678","app_label":"Sakine VPN","report_date":"2026-01-02"} []
[2026-01-02T15:42:49.747201+00:00] admob_service_verbose.INFO: saveStatistic: upserted statistic row {"stat_id":291671,"app_id":28776063,"panel_id":19,"user_id":651,"report_date":"2026-01-02","currency":"OMR","estimated_earnings":1015708.68,"ad_requests":814,"impression_rpm":1.4893090087927123,"clicks":38,"impressions":682,"impression_ctr":0.05571847507331378,"matched_requests":813,"show_rate":0.8388683886838868,"match_rate":0.9987714987714987,"delta_earnings":12049.884000000078,"delta_impressions":9,"delta_clicks":0} []
[2026-01-02T15:42:49.747254+00:00] admob_service_verbose.INFO: saveStatistic: processing row {"key":10,"app_id_value":"ca-app-pub-8886570797615271~4723657723","app_label":"Live VPN","report_date":"2026-01-02"} []
[2026-01-02T15:42:49.761317+00:00] admob_service_verbose.INFO: saveStatistic: upserted statistic row {"stat_id":291672,"app_id":23832893,"panel_id":19,"user_id":23,"report_date":"2026-01-02","currency":"OMR","estimated_earnings":9317147.742,"ad_requests":63556,"impression_rpm":0.18940371965104108,"clicks":1714,"impressions":49192,"impression_ctr":0.03484306391283135,"matched_requests":62102,"show_rate":0.7921161959357187,"match_rate":0.9771225376046322,"delta_earnings":578.339999999851,"delta_impressions":6,"delta_clicks":1} []
[2026-01-02T15:42:49.761418+00:00] admob_service_verbose.INFO: saveStatistic: processing row {"key":11,"app_id_value":"ca-app-pub-8886570797615271~6282669791","app_label":"Axel VPN","report_date":"2026-01-02"} []
[2026-01-02T15:42:49.775022+00:00] admob_service_verbose.INFO: saveStatistic: upserted statistic row {"stat_id":291673,"app_id":28776064,"panel_id":19,"user_id":387,"report_date":"2026-01-02","currency":"OMR","estimated_earnings":446195.358,"ad_requests":1308,"impression_rpm":0.4696797171047399,"clicks":28,"impressions":950,"impression_ctr":0.029473684210526315,"matched_requests":1303,"show_rate":0.7290867229470452,"match_rate":0.996177370030581,"delta_earnings":4701.941999999981,"delta_impressions":6,"delta_clicks":1} []
[2026-01-02T15:42:49.775091+00:00] admob_service_verbose.INFO: saveStatistic: processing row {"key":12,"app_id_value":"ca-app-pub-8886570797615271~6554919615","app_label":"Me VPN Fast VPN","report_date":"2026-01-02"} []
[2026-01-02T15:42:49.789156+00:00] admob_service_verbose.INFO: saveStatistic: upserted statistic row {"stat_id":291674,"app_id":23979113,"panel_id":19,"user_id":8,"report_date":"2026-01-02","currency":"OMR","estimated_earnings":5259060.324,"ad_requests":23320,"impression_rpm":0.28160967181806995,"clicks":540,"impressions":18675,"impression_ctr":0.02891566265060241,"matched_requests":23147,"show_rate":0.8068000172808572,"match_rate":0.9925814751286449,"delta_earnings":38259.648000000045,"delta_impressions":166,"delta_clicks":7} []
[2026-01-02T15:42:49.789224+00:00] admob_service_verbose.INFO: saveStatistic: processing row {"key":13,"app_id_value":"ca-app-pub-8886570797615271~6619181298","app_label":"Giraffe VPN","report_date":"2026-01-02"} []
[2026-01-02T15:42:49.803211+00:00] admob_service_verbose.INFO: saveStatistic: upserted statistic row {"stat_id":291675,"app_id":29139593,"panel_id":19,"user_id":53,"report_date":"2026-01-02","currency":"OMR","estimated_earnings":419747.076,"ad_requests":863,"impression_rpm":0.5619106610674677,"clicks":21,"impressions":747,"impression_ctr":0.028112449799196786,"matched_requests":861,"show_rate":0.867595818815331,"match_rate":0.9976825028968713,"delta_earnings":2758.2660000000033,"delta_impressions":7,"delta_clicks":1} []
[2026-01-02T15:42:49.803283+00:00] admob_service_verbose.INFO: saveStatistic: processing row {"key":14,"app_id_value":"ca-app-pub-8886570797615271~7581788144","app_label":"Aysoo VPN","report_date":"2026-01-02"} []
[2026-01-02T15:42:49.818352+00:00] admob_service_verbose.INFO: saveStatistic: upserted statistic row {"stat_id":291676,"app_id":25502160,"panel_id":19,"user_id":549,"report_date":"2026-01-02","currency":"OMR","estimated_earnings":1071649.278,"ad_requests":4921,"impression_rpm":0.2937635132775443,"clicks":269,"impressions":3648,"impression_ctr":0.0737390350877193,"matched_requests":4805,"show_rate":0.7592091571279916,"match_rate":0.9764275553749238,"delta_earnings":9669.996000000043,"delta_impressions":33,"delta_clicks":-1} []
[2026-01-02T15:42:49.818442+00:00] admob_service_verbose.INFO: saveStatistic: processing row {"key":15,"app_id_value":"ca-app-pub-8886570797615271~8239592217","app_label":"Anniya VPN","report_date":"2026-01-02"} []
[2026-01-02T15:42:49.833344+00:00] admob_service_verbose.INFO: saveStatistic: upserted statistic row {"stat_id":291677,"app_id":27383487,"panel_id":19,"user_id":53,"report_date":"2026-01-02","currency":"OMR","estimated_earnings":866494.692,"ad_requests":2338,"impression_rpm":0.43828772492591933,"clicks":62,"impressions":1977,"impression_ctr":0.03136064744562468,"matched_requests":2337,"show_rate":0.8459563543003851,"match_rate":0.9995722840034217,"delta_earnings":6900.390000000014,"delta_impressions":16,"delta_clicks":0} []
[2026-01-02T15:42:49.833430+00:00] admob_service_verbose.INFO: saveStatistic: processing row {"key":16,"app_id_value":"ca-app-pub-8886570797615271~8339457071","app_label":"Laki VPN","report_date":"2026-01-02"} []
[2026-01-02T15:42:49.849194+00:00] admob_service_verbose.INFO: saveStatistic: upserted statistic row {"stat_id":291678,"app_id":29139594,"panel_id":19,"user_id":53,"report_date":"2026-01-02","currency":"OMR","estimated_earnings":1032742.116,"ad_requests":2062,"impression_rpm":0.5931892387428016,"clicks":49,"impressions":1741,"impression_ctr":0.028144744399770247,"matched_requests":2057,"show_rate":0.8463782207097715,"match_rate":0.9975751697381183,"delta_earnings":7053.858000000007,"delta_impressions":17,"delta_clicks":0} []
[2026-01-02T15:42:49.849281+00:00] admob_service_verbose.INFO: saveStatistic: completed {"timestamp":"2026-01-02 15:42:49"} []
[2026-01-02T15:43:06.205309+00:00] admob_service_verbose.INFO: saveStatistic: entry {"items_count":22} []
[2026-01-02T15:43:06.205346+00:00] admob_service_verbose.INFO: saveStatistic: raw header {"header":{"dateRange":{"startDate":{"year":2026,"month":1,"day":2},"endDate":{"year":2026,"month":1,"day":2}},"localizationSettings":{"currencyCode":"OMR"}}} []
[2026-01-02T15:43:06.205425+00:00] admob_service_verbose.INFO: saveStatistic: extracted report date from header {"report_date":"2026-01-02"} []
[2026-01-02T15:43:06.205460+00:00] admob_service_verbose.INFO: saveStatistic: processing row {"key":1,"app_id_value":"ca-app-pub-4827212684254602~1051776767","app_label":"Nila VPN – Fast & Secure VPN","report_date":"2026-01-02"} []
[2026-01-02T15:43:06.215563+00:00] admob_service_verbose.INFO: saveStatistic: upserted statistic row {"stat_id":291679,"app_id":30327421,"panel_id":22,"user_id":494,"report_date":"2026-01-02","currency":"OMR","estimated_earnings":22793725.836,"ad_requests":26472,"impression_rpm":1.1555168913546296,"clicks":714,"impressions":19726,"impression_ctr":0.0361958836053939,"matched_requests":26447,"show_rate":0.7458690966839339,"match_rate":0.9990556059232396,"delta_earnings":974443.932,"delta_impressions":1068,"delta_clicks":31} []
[2026-01-02T15:43:06.215626+00:00] admob_service_verbose.INFO: saveStatistic: processing row {"key":2,"app_id_value":"ca-app-pub-4827212684254602~1710551384","app_label":"فیلتر شکن قوی پرسرعت Tara VPN","report_date":"2026-01-02"} []
[2026-01-02T15:43:06.227047+00:00] admob_service_verbose.INFO: saveStatistic: upserted statistic row {"stat_id":291680,"app_id":23920942,"panel_id":22,"user_id":304,"report_date":"2026-01-02","currency":"OMR","estimated_earnings":1144643.724,"ad_requests":3622,"impression_rpm":0.4077819504042814,"clicks":80,"impressions":2807,"impression_ctr":0.028500178126113287,"matched_requests":3597,"show_rate":0.7803725326661106,"match_rate":0.9930977360574268,"delta_earnings":28983.527999999933,"delta_impressions":114,"delta_clicks":7} []
[2026-01-02T15:43:06.227122+00:00] admob_service_verbose.INFO: saveStatistic: processing row {"key":3,"app_id_value":"ca-app-pub-4827212684254602~2328037324","app_label":"DolphinX VPN","report_date":"2026-01-02"} []
[2026-01-02T15:43:06.240061+00:00] admob_service_verbose.INFO: saveStatistic: upserted statistic row {"stat_id":291681,"app_id":29473793,"panel_id":22,"user_id":53,"report_date":"2026-01-02","currency":"OMR","estimated_earnings":22404.06,"ad_requests":41,"impression_rpm":0.800151765927158,"clicks":1,"impressions":28,"impression_ctr":0.03571428571428571,"matched_requests":41,"show_rate":0.6829268292682927,"match_rate":1.0,"delta_earnings":214.70400000000154,"delta_impressions":3,"delta_clicks":0} []
[2026-01-02T15:43:06.240129+00:00] admob_service_verbose.INFO: saveStatistic: processing row {"key":4,"app_id_value":"ca-app-pub-4827212684254602~2353022555","app_label":"V2-DARK VPN Hotspot Proxy","report_date":"2026-01-02"} []
[2026-01-02T15:43:06.251687+00:00] admob_service_verbose.INFO: saveStatistic: upserted statistic row {"stat_id":291682,"app_id":23979258,"panel_id":22,"user_id":85,"report_date":"2026-01-02","currency":"OMR","estimated_earnings":12531127.896,"ad_requests":30846,"impression_rpm":0.5962093467461222,"clicks":1027,"impressions":21018,"impression_ctr":0.04886287943667333,"matched_requests":30746,"show_rate":0.6836011188447277,"match_rate":0.9967580885690203,"delta_earnings":498715.05599999987,"delta_impressions":1036,"delta_clicks":57} []
[2026-01-02T15:43:06.251758+00:00] admob_service_verbose.INFO: saveStatistic: processing row {"key":5,"app_id_value":"ca-app-pub-4827212684254602~3023633051","app_label":"Mona VPN - Private Connections","report_date":"2026-01-02"} []
[2026-01-02T15:43:06.262251+00:00] admob_service_verbose.INFO: saveStatistic: upserted statistic row {"stat_id":291683,"app_id":23920943,"panel_id":22,"user_id":212,"report_date":"2026-01-02","currency":"OMR","estimated_earnings":19844707.428,"ad_requests":67748,"impression_rpm":0.36150959536454447,"clicks":1616,"impressions":54894,"impression_ctr":0.02943855430465989,"matched_requests":67338,"show_rate":0.8152009266684487,"match_rate":0.9939481608313161,"delta_earnings":1089867.3660000004,"delta_impressions":3309,"delta_clicks":104} []
[2026-01-02T15:43:06.262334+00:00] admob_service_verbose.INFO: saveStatistic: processing row {"key":6,"app_id_value":"ca-app-pub-4827212684254602~3054556676","app_label":"CR VPN","report_date":"2026-01-02"} []
[2026-01-02T15:43:06.273771+00:00] admob_service_verbose.INFO: saveStatistic: upserted statistic row {"stat_id":291684,"app_id":23920944,"panel_id":22,"user_id":168,"report_date":"2026-01-02","currency":"OMR","estimated_earnings":543659.256,"ad_requests":923,"impression_rpm":0.7733421826949781,"clicks":20,"impressions":703,"impression_ctr":0.02844950213371266,"matched_requests":914,"show_rate":0.7691466083150985,"match_rate":0.9902491874322861,"delta_earnings":15537.312000000034,"delta_impressions":39,"delta_clicks":0} []
[2026-01-02T15:43:06.273839+00:00] admob_service_verbose.INFO: saveStatistic: processing row {"key":7,"app_id_value":"ca-app-pub-4827212684254602~3327551009","app_label":"فیلترشکن سریع PasNet VPN","report_date":"2026-01-02"} []
[2026-01-02T15:43:06.283608+00:00] admob_service_verbose.INFO: saveStatistic: upserted statistic row {"stat_id":291685,"app_id":28776221,"panel_id":22,"user_id":27,"report_date":"2026-01-02","currency":"OMR","estimated_earnings":10481318.946,"ad_requests":16360,"impression_rpm":0.779454082004627,"clicks":512,"impressions":13447,"impression_ctr":0.038075407154012045,"matched_requests":16324,"show_rate":0.8237564322469982,"match_rate":0.997799511002445,"delta_earnings":546860.1600000001,"delta_impressions":846,"delta_clicks":28} []
[2026-01-02T15:43:06.283681+00:00] admob_service_verbose.INFO: saveStatistic: processing row {"key":8,"app_id_value":"ca-app-pub-4827212684254602~4875062279","app_label":"Luma VPN","report_date":"2026-01-02"} []
[2026-01-02T15:43:06.294261+00:00] admob_service_verbose.INFO: saveStatistic: upserted statistic row {"stat_id":291686,"app_id":27382404,"panel_id":22,"user_id":53,"report_date":"2026-01-02","currency":"OMR","estimated_earnings":1459936.926,"ad_requests":2702,"impression_rpm":0.6383634575345342,"clicks":76,"impressions":2287,"impression_ctr":0.03323130738959335,"matched_requests":2683,"show_rate":0.8524040253447633,"match_rate":0.9929681717246485,"delta_earnings":64889.747999999905,"delta_impressions":133,"delta_clicks":7} []
[2026-01-02T15:43:06.294335+00:00] admob_service_verbose.INFO: saveStatistic: processing row {"key":9,"app_id_value":"ca-app-pub-4827212684254602~4992403389","app_label":"Kidi VPN","report_date":"2026-01-02"} []
[2026-01-02T15:43:06.304008+00:00] admob_service_verbose.INFO: saveStatistic: upserted statistic row {"stat_id":291687,"app_id":25802921,"panel_id":22,"user_id":1204,"report_date":"2026-01-02","currency":"OMR","estimated_earnings":32187728.538,"ad_requests":82863,"impression_rpm":0.4531695794297613,"clicks":2652,"impressions":71028,"impression_ctr":0.03733738807230951,"matched_requests":82664,"show_rate":0.8592373947546695,"match_rate":0.9975984456271194,"delta_earnings":1444099.1039999984,"delta_impressions":4340,"delta_clicks":170} []
[2026-01-02T15:43:06.304090+00:00] admob_service_verbose.INFO: saveStatistic: processing row {"key":10,"app_id_value":"ca-app-pub-4827212684254602~5351389201","app_label":"Hoop VPN","report_date":"2026-01-02"} []
[2026-01-02T15:43:06.312199+00:00] admob_service_verbose.INFO: saveStatistic: upserted statistic row {"stat_id":291688,"app_id":27659064,"panel_id":22,"user_id":86,"report_date":"2026-01-02","currency":"OMR","estimated_earnings":243396.468,"ad_requests":3007,"impression_rpm":0.11129246204216474,"clicks":64,"impressions":2187,"impression_ctr":0.029263831732967534,"matched_requests":2800,"show_rate":0.7810714285714285,"match_rate":0.9311606252078484,"delta_earnings":10778.669999999984,"delta_impressions":116,"delta_clicks":1} []
[2026-01-02T15:43:06.312253+00:00] admob_service_verbose.INFO: saveStatistic: processing row {"key":11,"app_id_value":"ca-app-pub-4827212684254602~5501748238","app_label":"Camel VPN","report_date":"2026-01-02"} []
[2026-01-02T15:43:06.320944+00:00] admob_service_verbose.INFO: saveStatistic: upserted statistic row {"stat_id":291689,"app_id":27382405,"panel_id":22,"user_id":53,"report_date":"2026-01-02","currency":"OMR","estimated_earnings":4048452.954,"ad_requests":8284,"impression_rpm":0.6440428054860722,"clicks":149,"impressions":6286,"impression_ctr":0.02370346802418072,"matched_requests":8278,"show_rate":0.7593621647741,"match_rate":0.9992757122163206,"delta_earnings":252534.61799999978,"delta_impressions":428,"delta_clicks":10} []
[2026-01-02T15:43:06.321050+00:00] admob_service_verbose.INFO: saveStatistic: processing row {"key":12,"app_id_value":"ca-app-pub-4827212684254602~6683596254","app_label":"فیلتر شکن قوی پرسرعت Oxygen","report_date":"2026-01-02"} []
[2026-01-02T15:43:06.330377+00:00] admob_service_verbose.INFO: saveStatistic: upserted statistic row {"stat_id":291690,"app_id":27948511,"panel_id":22,"user_id":494,"report_date":"2026-01-02","currency":"OMR","estimated_earnings":46964215.368,"ad_requests":64321,"impression_rpm":1.1545076229447302,"clicks":1153,"impressions":40679,"impression_ctr":0.028343862926817277,"matched_requests":64165,"show_rate":0.6339749084391803,"match_rate":0.997574664573001,"delta_earnings":2277263.645999998,"delta_impressions":2295,"delta_clicks":82} []
[2026-01-02T15:43:06.330462+00:00] admob_service_verbose.INFO: saveStatistic: processing row {"key":13,"app_id_value":"ca-app-pub-4827212684254602~6778316590","app_label":"Xperss VPN","report_date":"2026-01-02"} []
[2026-01-02T15:43:06.339122+00:00] admob_service_verbose.INFO: saveStatistic: upserted statistic row {"stat_id":291691,"app_id":29322446,"panel_id":22,"user_id":8,"report_date":"2026-01-02","currency":"OMR","estimated_earnings":5939531.01,"ad_requests":7694,"impression_rpm":0.9230040592799166,"clicks":221,"impressions":6435,"impression_ctr":0.03434343434343434,"matched_requests":7682,"show_rate":0.8376724811247072,"match_rate":0.9984403431245126,"delta_earnings":299363.5259999996,"delta_impressions":398,"delta_clicks":5} []
[2026-01-02T15:43:06.339198+00:00] admob_service_verbose.INFO: saveStatistic: processing row {"key":14,"app_id_value":"ca-app-pub-4827212684254602~6930500116","app_label":"Baba VPN فیلترشکن پرسرعت قوی","report_date":"2026-01-02"} []
[2026-01-02T15:43:06.347422+00:00] admob_service_verbose.INFO: saveStatistic: upserted statistic row {"stat_id":291692,"app_id":26655550,"panel_id":22,"user_id":77,"report_date":"2026-01-02","currency":"OMR","estimated_earnings":75577974.696,"ad_requests":222157,"impression_rpm":0.46467773511066274,"clicks":6372,"impressions":162646,"impression_ctr":0.039177108567072044,"matched_requests":221262,"show_rate":0.7350832949173378,"match_rate":0.9959713175817102,"delta_earnings":3018573.8099999875,"delta_impressions":8065,"delta_clicks":367} []
[2026-01-02T15:43:06.347500+00:00] admob_service_verbose.INFO: saveStatistic: processing row {"key":15,"app_id_value":"ca-app-pub-4827212684254602~7114051766","app_label":"V2xMe VPN","report_date":"2026-01-02"} []
[2026-01-02T15:43:06.356847+00:00] admob_service_verbose.INFO: saveStatistic: upserted statistic row {"stat_id":291693,"app_id":23211396,"panel_id":22,"user_id":57,"report_date":"2026-01-02","currency":"OMR","estimated_earnings":34330870.602,"ad_requests":88278,"impression_rpm":0.5040725743997347,"clicks":1800,"impressions":68107,"impression_ctr":0.02642900142422952,"matched_requests":87914,"show_rate":0.7747002752690129,"match_rate":0.9958766623620834,"delta_earnings":1263624.1379999965,"delta_impressions":3424,"delta_clicks":85} []
[2026-01-02T15:43:06.356914+00:00] admob_service_verbose.INFO: saveStatistic: processing row {"key":16,"app_id_value":"ca-app-pub-4827212684254602~7718591341","app_label":"Shieldify","report_date":"2026-01-02"} []
[2026-01-02T15:43:06.365599+00:00] admob_service_verbose.INFO: saveStatistic: upserted statistic row {"stat_id":291694,"app_id":25421125,"panel_id":22,"user_id":404,"report_date":"2026-01-02","currency":"OMR","estimated_earnings":165680557.812,"ad_requests":197025,"impression_rpm":1.117017865667474,"clicks":4129,"impressions":148324,"impression_ctr":0.02783770664221569,"matched_requests":196415,"show_rate":0.7551561744265968,"match_rate":0.9969039461997209,"delta_earnings":9385577.838,"delta_impressions":8911,"delta_clicks":267} []
[2026-01-02T15:43:06.365673+00:00] admob_service_verbose.INFO: saveStatistic: processing row {"key":17,"app_id_value":"ca-app-pub-4827212684254602~7928393535","app_label":"Slime VPN","report_date":"2026-01-02"} []
[2026-01-02T15:43:06.375373+00:00] admob_service_verbose.INFO: saveStatistic: upserted statistic row {"stat_id":291695,"app_id":29139755,"panel_id":22,"user_id":53,"report_date":"2026-01-02","currency":"OMR","estimated_earnings":634891.824,"ad_requests":841,"impression_rpm":0.8721046527325532,"clicks":24,"impressions":728,"impression_ctr":0.03296703296703297,"matched_requests":840,"show_rate":0.8666666666666667,"match_rate":0.9988109393579072,"delta_earnings":25386.47999999998,"delta_impressions":47,"delta_clicks":2} []
[2026-01-02T15:43:06.375477+00:00] admob_service_verbose.INFO: saveStatistic: processing row {"key":18,"app_id_value":"ca-app-pub-4827212684254602~8610446085","app_label":"فیلتر شکن قوی پرسرعت Taron VPN","report_date":"2026-01-02"} []
[2026-01-02T15:43:06.385295+00:00] admob_service_verbose.INFO: saveStatistic: upserted statistic row {"stat_id":291696,"app_id":28628475,"panel_id":22,"user_id":77,"report_date":"2026-01-02","currency":"OMR","estimated_earnings":50685194.07,"ad_requests":141435,"impression_rpm":0.4777475620083169,"clicks":3028,"impressions":106092,"impression_ctr":0.02854126607095728,"matched_requests":141049,"show_rate":0.752164141539465,"match_rate":0.9972708311238379,"delta_earnings":1903338.4860000014,"delta_impressions":5281,"delta_clicks":171} []
[2026-01-02T15:43:06.385387+00:00] admob_service_verbose.INFO: saveStatistic: processing row {"key":19,"app_id_value":"ca-app-pub-4827212684254602~9095477538","app_label":"V7 Pro VPN - Fast V2ray","report_date":"2026-01-02"} []
[2026-01-02T15:43:06.395527+00:00] admob_service_verbose.INFO: saveStatistic: upserted statistic row {"stat_id":291697,"app_id":25421126,"panel_id":22,"user_id":236,"report_date":"2026-01-02","currency":"OMR","estimated_earnings":232823657.556,"ad_requests":758559,"impression_rpm":0.41608345413914977,"clicks":18125,"impressions":559560,"impression_ctr":0.0323915219100722,"matched_requests":753676,"show_rate":0.7424410489388013,"match_rate":0.9935627947199889,"delta_earnings":9022221.180000007,"delta_impressions":30151,"delta_clicks":1003} []
[2026-01-02T15:43:06.395772+00:00] admob_service_verbose.INFO: saveStatistic: processing row {"key":20,"app_id_value":"ca-app-pub-4827212684254602~9489803203","app_label":"Armiti VPN - Connections","report_date":"2026-01-02"} []
[2026-01-02T15:43:06.405576+00:00] admob_service_verbose.INFO: saveStatistic: upserted statistic row {"stat_id":291698,"app_id":23920945,"panel_id":22,"user_id":212,"report_date":"2026-01-02","currency":"OMR","estimated_earnings":29979035.604,"ad_requests":112229,"impression_rpm":0.3560328711843571,"clicks":2687,"impressions":84203,"impression_ctr":0.03191097704357327,"matched_requests":111556,"show_rate":0.754804761734017,"match_rate":0.9940033324719992,"delta_earnings":1493047.8359999992,"delta_impressions":5280,"delta_clicks":187} []
[2026-01-02T15:43:06.405657+00:00] admob_service_verbose.INFO: saveStatistic: completed {"timestamp":"2026-01-02 15:43:06"} []
[2026-01-02T15:43:08.576972+00:00] admob_service_verbose.INFO: saveStatistic: entry {"items_count":27} []
[2026-01-02T15:43:08.577003+00:00] admob_service_verbose.INFO: saveStatistic: raw header {"header":{"dateRange":{"startDate":{"year":2026,"month":1,"day":2},"endDate":{"year":2026,"month":1,"day":2}},"localizationSettings":{"currencyCode":"TRY"}}} []
[2026-01-02T15:43:08.577084+00:00] admob_service_verbose.INFO: saveStatistic: extracted report date from header {"report_date":"2026-01-02"} []
[2026-01-02T15:43:08.577109+00:00] admob_service_verbose.INFO: saveStatistic: processing row {"key":1,"app_id_value":"ca-app-pub-6500972529394006~1168423039","app_label":"Mexico VPN","report_date":"2026-01-02"} []
[2026-01-02T15:43:08.590339+00:00] admob_service_verbose.INFO: saveStatistic: upserted statistic row {"stat_id":291699,"app_id":25503559,"panel_id":24,"user_id":45,"report_date":"2026-01-02","currency":"TRY","estimated_earnings":55351222.0,"ad_requests":1361,"impression_rpm":101.00588132785953,"clicks":34,"impressions":548,"impression_ctr":0.06204379562043796,"matched_requests":1270,"show_rate":0.431496062992126,"match_rate":0.9331373989713446,"delta_earnings":4328651.0,"delta_impressions":27,"delta_clicks":4} []
[2026-01-02T15:43:08.590418+00:00] admob_service_verbose.INFO: saveStatistic: processing row {"key":2,"app_id_value":"ca-app-pub-6500972529394006~1415609707","app_label":"Sing VPN","report_date":"2026-01-02"} []
[2026-01-02T15:43:08.603233+00:00] admob_service_verbose.INFO: saveStatistic: upserted statistic row {"stat_id":291700,"app_id":25503560,"panel_id":24,"user_id":45,"report_date":"2026-01-02","currency":"TRY","estimated_earnings":28323599.0,"ad_requests":1178,"impression_rpm":56.08633491898408,"clicks":23,"impressions":505,"impression_ctr":0.04554455445544554,"matched_requests":1119,"show_rate":0.451295799821269,"match_rate":0.9499151103565365,"delta_earnings":1767995.0,"delta_impressions":36,"delta_clicks":3} []
[2026-01-02T15:43:08.603297+00:00] admob_service_verbose.INFO: saveStatistic: processing row {"key":3,"app_id_value":"ca-app-pub-6500972529394006~1444941002","app_label":"Corn VPN","report_date":"2026-01-02"} []
[2026-01-02T15:43:08.616246+00:00] admob_service_verbose.INFO: saveStatistic: upserted statistic row {"stat_id":291701,"app_id":25185767,"panel_id":24,"user_id":426,"report_date":"2026-01-02","currency":"TRY","estimated_earnings":391361240.0,"ad_requests":11581,"impression_rpm":42.78574838643158,"clicks":241,"impressions":9147,"impression_ctr":0.026347436317918443,"matched_requests":11491,"show_rate":0.796014272038987,"match_rate":0.9922286503756153,"delta_earnings":15744230.0,"delta_impressions":477,"delta_clicks":19} []
[2026-01-02T15:43:08.616337+00:00] admob_service_verbose.INFO: saveStatistic: processing row {"key":4,"app_id_value":"ca-app-pub-6500972529394006~2088970079","app_label":"Profile Picture Downloader HD","report_date":"2026-01-02"} []
[2026-01-02T15:43:08.630612+00:00] admob_service_verbose.INFO: saveStatistic: upserted statistic row {"stat_id":291702,"app_id":25503561,"panel_id":24,"user_id":45,"report_date":"2026-01-02","currency":"TRY","estimated_earnings":225962825.0,"ad_requests":2453,"impression_rpm":159.80397811711313,"clicks":204,"impressions":1414,"impression_ctr":0.14427157001414428,"matched_requests":2416,"show_rate":0.5852649006622517,"match_rate":0.9849164288626172,"delta_earnings":5560973.0,"delta_impressions":59,"delta_clicks":3} []
[2026-01-02T15:43:08.630689+00:00] admob_service_verbose.INFO: saveStatistic: processing row {"key":5,"app_id_value":"ca-app-pub-6500972529394006~2472113453","app_label":"USA VPN - Fast & Secure","report_date":"2026-01-02"} []
[2026-01-02T15:43:08.643905+00:00] admob_service_verbose.INFO: saveStatistic: upserted statistic row {"stat_id":291703,"app_id":25503562,"panel_id":24,"user_id":45,"report_date":"2026-01-02","currency":"TRY","estimated_earnings":227195246.0,"ad_requests":10824,"impression_rpm":55.305561586209464,"clicks":200,"impressions":4108,"impression_ctr":0.04868549172346641,"matched_requests":10386,"show_rate":0.39553244752551514,"match_rate":0.9595343680709535,"delta_earnings":11976856.0,"delta_impressions":224,"delta_clicks":9} []
[2026-01-02T15:43:08.643966+00:00] admob_service_verbose.INFO: saveStatistic: processing row {"key":6,"app_id_value":"ca-app-pub-6500972529394006~3632317733","app_label":"Blue Speed VPN","report_date":"2026-01-02"} []
[2026-01-02T15:43:08.658617+00:00] admob_service_verbose.INFO: saveStatistic: upserted statistic row {"stat_id":291704,"app_id":25503563,"panel_id":24,"user_id":45,"report_date":"2026-01-02","currency":"TRY","estimated_earnings":720280421.0,"ad_requests":27852,"impression_rpm":62.13599221535851,"clicks":633,"impressions":11592,"impression_ctr":0.05460662525879917,"matched_requests":27185,"show_rate":0.4264116240573846,"match_rate":0.9760519890851644,"delta_earnings":59747836.0,"delta_impressions":673,"delta_clicks":24} []
[2026-01-02T15:43:08.658694+00:00] admob_service_verbose.INFO: saveStatistic: processing row {"key":7,"app_id_value":"ca-app-pub-6500972529394006~3781325697","app_label":"Turkey VPN - Fast & Secure","report_date":"2026-01-02"} []
[2026-01-02T15:43:08.675487+00:00] admob_service_verbose.INFO: saveStatistic: upserted statistic row {"stat_id":291705,"app_id":25503564,"panel_id":24,"user_id":45,"report_date":"2026-01-02","currency":"TRY","estimated_earnings":24588298.0,"ad_requests":613,"impression_rpm":87.81535196511912,"clicks":18,"impressions":280,"impression_ctr":0.06428571428571428,"matched_requests":587,"show_rate":0.47700170357751276,"match_rate":0.9575856443719413,"delta_earnings":808546.0,"delta_impressions":18,"delta_clicks":2} []
[2026-01-02T15:43:08.675578+00:00] admob_service_verbose.INFO: saveStatistic: processing row {"key":8,"app_id_value":"ca-app-pub-6500972529394006~3794586375","app_label":"Russia VPN","report_date":"2026-01-02"} []
[2026-01-02T15:43:08.688759+00:00] admob_service_verbose.INFO: saveStatistic: upserted statistic row {"stat_id":291706,"app_id":25503565,"panel_id":24,"user_id":45,"report_date":"2026-01-02","currency":"TRY","estimated_earnings":64298744.0,"ad_requests":3780,"impression_rpm":60.88896284617224,"clicks":76,"impressions":1056,"impression_ctr":0.07196969696969698,"matched_requests":2761,"show_rate":0.38247011952191234,"match_rate":0.7304232804232804,"delta_earnings":2106078.0,"delta_impressions":54,"delta_clicks":3} []
[2026-01-02T15:43:08.688830+00:00] admob_service_verbose.INFO: saveStatistic: processing row {"key":9,"app_id_value":"ca-app-pub-6500972529394006~4041773049","app_label":"Netherlands VPN","report_date":"2026-01-02"} []
[2026-01-02T15:43:08.704432+00:00] admob_service_verbose.INFO: saveStatistic: upserted statistic row {"stat_id":291707,"app_id":25503566,"panel_id":24,"user_id":45,"report_date":"2026-01-02","currency":"TRY","estimated_earnings":45799967.0,"ad_requests":1842,"impression_rpm":54.26536376132648,"clicks":33,"impressions":844,"impression_ctr":0.03909952606635071,"matched_requests":1719,"show_rate":0.4909831297265852,"match_rate":0.9332247557003257,"delta_earnings":3609886.0,"delta_impressions":55,"delta_clicks":2} []
[2026-01-02T15:43:08.704514+00:00] admob_service_verbose.INFO: saveStatistic: processing row {"key":10,"app_id_value":"ca-app-pub-6500972529394006~4201780485","app_label":"Canada VPN - Fast & Secure","report_date":"2026-01-02"} []
[2026-01-02T15:43:08.718917+00:00] admob_service_verbose.INFO: saveStatistic: upserted statistic row {"stat_id":291708,"app_id":25503567,"panel_id":24,"user_id":45,"report_date":"2026-01-02","currency":"TRY","estimated_earnings":46119728.0,"ad_requests":2008,"impression_rpm":57.149601270454774,"clicks":37,"impressions":807,"impression_ctr":0.04584882280049566,"matched_requests":1931,"show_rate":0.41791817711030554,"match_rate":0.9616533864541833,"delta_earnings":4815509.0,"delta_impressions":40,"delta_clicks":2} []
[2026-01-02T15:43:08.719016+00:00] admob_service_verbose.INFO: saveStatistic: processing row {"key":11,"app_id_value":"ca-app-pub-6500972529394006~5354854713","app_label":"Australia VPN - Fast & Secure","report_date":"2026-01-02"} []
[2026-01-02T15:43:08.730645+00:00] admob_service_verbose.INFO: saveStatistic: upserted statistic row {"stat_id":291709,"app_id":25503568,"panel_id":24,"user_id":45,"report_date":"2026-01-02","currency":"TRY","estimated_earnings":42907762.0,"ad_requests":1504,"impression_rpm":69.31787173422876,"clicks":27,"impressions":619,"impression_ctr":0.04361873990306947,"matched_requests":1448,"show_rate":0.42748618784530384,"match_rate":0.9627659574468085,"delta_earnings":5979236.0,"delta_impressions":27,"delta_clicks":2} []
[2026-01-02T15:43:08.730720+00:00] admob_service_verbose.INFO: saveStatistic: processing row {"key":12,"app_id_value":"ca-app-pub-6500972529394006~5912665017","app_label":"South Korea VPN","report_date":"2026-01-02"} []
[2026-01-02T15:43:08.742538+00:00] admob_service_verbose.INFO: saveStatistic: upserted statistic row {"stat_id":291710,"app_id":25503569,"panel_id":24,"user_id":45,"report_date":"2026-01-02","currency":"TRY","estimated_earnings":45649601.0,"ad_requests":1857,"impression_rpm":57.78430554381358,"clicks":49,"impressions":790,"impression_ctr":0.0620253164556962,"matched_requests":1774,"show_rate":0.44532130777903045,"match_rate":0.9553042541733979,"delta_earnings":3185736.0,"delta_impressions":52,"delta_clicks":13} []
[2026-01-02T15:43:08.742598+00:00] admob_service_verbose.INFO: saveStatistic: processing row {"key":13,"app_id_value":"ca-app-pub-6500972529394006~6244655747","app_label":"Candy VPN","report_date":"2026-01-02"} []
[2026-01-02T15:43:08.753809+00:00] admob_service_verbose.INFO: saveStatistic: upserted statistic row {"stat_id":291711,"app_id":25503570,"panel_id":24,"user_id":45,"report_date":"2026-01-02","currency":"TRY","estimated_earnings":1890412101.0,"ad_requests":100807,"impression_rpm":50.8093345577542,"clicks":1943,"impressions":37206,"impression_ctr":0.05222275976992958,"matched_requests":97020,"show_rate":0.3834879406307978,"match_rate":0.9624331643635858,"delta_earnings":103547150.0,"delta_impressions":1922,"delta_clicks":121} []
[2026-01-02T15:43:08.753868+00:00] admob_service_verbose.INFO: saveStatistic: processing row {"key":14,"app_id_value":"ca-app-pub-6500972529394006~6476364691","app_label":"Denmark VPN - Fast & Secure","report_date":"2026-01-02"} []
[2026-01-02T15:43:08.765397+00:00] admob_service_verbose.INFO: saveStatistic: upserted statistic row {"stat_id":291712,"app_id":25503571,"panel_id":24,"user_id":45,"report_date":"2026-01-02","currency":"TRY","estimated_earnings":11258667.0,"ad_requests":135,"impression_rpm":194.11495262304823,"clicks":7,"impressions":58,"impression_ctr":0.1206896551724138,"matched_requests":126,"show_rate":0.4603174603174603,"match_rate":0.9333333333333333,"delta_earnings":803246.0,"delta_impressions":5,"delta_clicks":0} []
[2026-01-02T15:43:08.765496+00:00] admob_service_verbose.INFO: saveStatistic: processing row {"key":15,"app_id_value":"ca-app-pub-6500972529394006~6636372131","app_label":"Shiny VPN","report_date":"2026-01-02"} []
[2026-01-02T15:43:08.777587+00:00] admob_service_verbose.INFO: saveStatistic: upserted statistic row {"stat_id":291713,"app_id":25503572,"panel_id":24,"user_id":45,"report_date":"2026-01-02","currency":"TRY","estimated_earnings":158286509.0,"ad_requests":5305,"impression_rpm":77.10010181013088,"clicks":119,"impressions":2053,"impression_ctr":0.05796395518753044,"matched_requests":5217,"show_rate":0.3935211807552233,"match_rate":0.983411875589067,"delta_earnings":9625395.0,"delta_impressions":91,"delta_clicks":3} []
[2026-01-02T15:43:08.777656+00:00] admob_service_verbose.INFO: saveStatistic: processing row {"key":16,"app_id_value":"ca-app-pub-6500972529394006~6674248193","app_label":"Italy VPN - Fast & Secure","report_date":"2026-01-02"} []
[2026-01-02T15:43:08.789662+00:00] admob_service_verbose.INFO: saveStatistic: upserted statistic row {"stat_id":291714,"app_id":25503573,"panel_id":24,"user_id":45,"report_date":"2026-01-02","currency":"TRY","estimated_earnings":82703429.0,"ad_requests":1902,"impression_rpm":112.21632160167778,"clicks":44,"impressions":737,"impression_ctr":0.05970149253731343,"matched_requests":1814,"show_rate":0.40628445424476295,"match_rate":0.953732912723449,"delta_earnings":3129127.0,"delta_impressions":39,"delta_clicks":2} []
[2026-01-02T15:43:08.789746+00:00] admob_service_verbose.INFO: saveStatistic: processing row {"key":17,"app_id_value":"ca-app-pub-6500972529394006~6859508071","app_label":"UK VPN - Fast & Secure‏","report_date":"2026-01-02"} []
[2026-01-02T15:43:08.802241+00:00] admob_service_verbose.INFO: saveStatistic: upserted statistic row {"stat_id":291715,"app_id":25503574,"panel_id":24,"user_id":45,"report_date":"2026-01-02","currency":"TRY","estimated_earnings":76146631.0,"ad_requests":2157,"impression_rpm":90.22112737496666,"clicks":59,"impressions":844,"impression_ctr":0.06990521327014218,"matched_requests":2051,"show_rate":0.4115065821550463,"match_rate":0.9508576726935558,"delta_earnings":2038801.0,"delta_impressions":41,"delta_clicks":1} []
[2026-01-02T15:43:08.802342+00:00] admob_service_verbose.INFO: saveStatistic: processing row {"key":18,"app_id_value":"ca-app-pub-6500972529394006~6865819881","app_label":"Germany VPN - Fast & Secure","report_date":"2026-01-02"} []
[2026-01-02T15:43:08.817316+00:00] admob_service_verbose.INFO: saveStatistic: upserted statistic row {"stat_id":291716,"app_id":25503575,"panel_id":24,"user_id":45,"report_date":"2026-01-02","currency":"TRY","estimated_earnings":89245413.0,"ad_requests":4328,"impression_rpm":50.96825439474049,"clicks":80,"impressions":1751,"impression_ctr":0.045688178183894916,"matched_requests":4157,"show_rate":0.4212172239595862,"match_rate":0.9604898336414048,"delta_earnings":4739216.0,"delta_impressions":106,"delta_clicks":5} []
[2026-01-02T15:43:08.817397+00:00] admob_service_verbose.INFO: saveStatistic: processing row {"key":19,"app_id_value":"ca-app-pub-6500972529394006~7149725065","app_label":"Brazil VPN - Fast & Secure","report_date":"2026-01-02"} []
[2026-01-02T15:43:08.835019+00:00] admob_service_verbose.INFO: saveStatistic: upserted statistic row {"stat_id":291717,"app_id":25503576,"panel_id":24,"user_id":45,"report_date":"2026-01-02","currency":"TRY","estimated_earnings":52292050.0,"ad_requests":1892,"impression_rpm":66.44479121952222,"clicks":45,"impressions":787,"impression_ctr":0.05717916137229987,"matched_requests":1737,"show_rate":0.45308002302820954,"match_rate":0.9180761099365751,"delta_earnings":4855626.0,"delta_impressions":68,"delta_clicks":7} []
[2026-01-02T15:43:08.835101+00:00] admob_service_verbose.INFO: saveStatistic: processing row {"key":20,"app_id_value":"ca-app-pub-6500972529394006~7225746688","app_label":"Japan VPN","report_date":"2026-01-02"} []
[2026-01-02T15:43:08.852183+00:00] admob_service_verbose.INFO: saveStatistic: upserted statistic row {"stat_id":291718,"app_id":25503577,"panel_id":24,"user_id":45,"report_date":"2026-01-02","currency":"TRY","estimated_earnings":105102349.0,"ad_requests":3555,"impression_rpm":65.07885429845494,"clicks":112,"impressions":1615,"impression_ctr":0.0693498452012384,"matched_requests":3403,"show_rate":0.47458125183661476,"match_rate":0.9572433192686357,"delta_earnings":3608953.0,"delta_impressions":89,"delta_clicks":0} []
[2026-01-02T15:43:08.852254+00:00] admob_service_verbose.INFO: saveStatistic: processing row {"key":21,"app_id_value":"ca-app-pub-6500972529394006~7789446366","app_label":"India VPN - Fast & Secure","report_date":"2026-01-02"} []
[2026-01-02T15:43:08.868291+00:00] admob_service_verbose.INFO: saveStatistic: upserted statistic row {"stat_id":291719,"app_id":25503578,"panel_id":24,"user_id":45,"report_date":"2026-01-02","currency":"TRY","estimated_earnings":61176015.0,"ad_requests":2162,"impression_rpm":67.37446592618822,"clicks":52,"impressions":908,"impression_ctr":0.05726872246696035,"matched_requests":2003,"show_rate":0.45332001997004495,"match_rate":0.9264569842738205,"delta_earnings":695269.0,"delta_impressions":28,"delta_clicks":3} []
[2026-01-02T15:43:08.868366+00:00] admob_service_verbose.INFO: saveStatistic: processing row {"key":22,"app_id_value":"ca-app-pub-6500972529394006~8007511167","app_label":"France VPN - Fast & Secure","report_date":"2026-01-02"} []
[2026-01-02T15:43:08.880307+00:00] admob_service_verbose.INFO: saveStatistic: upserted statistic row {"stat_id":291720,"app_id":25503580,"panel_id":24,"user_id":45,"report_date":"2026-01-02","currency":"TRY","estimated_earnings":1675959.0,"ad_requests":159,"impression_rpm":26.186863580199553,"clicks":0,"impressions":64,"impression_ctr":0.0,"matched_requests":151,"show_rate":0.423841059602649,"match_rate":0.949685534591195,"delta_earnings":25057.0,"delta_impressions":1,"delta_clicks":0} []
[2026-01-02T15:43:08.880400+00:00] admob_service_verbose.INFO: saveStatistic: processing row {"key":23,"app_id_value":"ca-app-pub-6500972529394006~9033652372","app_label":"Video Downloader - FastSave","report_date":"2026-01-02"} []
[2026-01-02T15:43:08.891572+00:00] admob_service_verbose.INFO: saveStatistic: upserted statistic row {"stat_id":291721,"app_id":25503581,"panel_id":24,"user_id":45,"report_date":"2026-01-02","currency":"TRY","estimated_earnings":204563432.0,"ad_requests":12341,"impression_rpm":33.70628316397654,"clicks":413,"impressions":6069,"impression_ctr":0.06805074971164937,"matched_requests":8985,"show_rate":0.6754590984974959,"match_rate":0.7280609350944007,"delta_earnings":15684417.0,"delta_impressions":405,"delta_clicks":23} []
[2026-01-02T15:43:08.891626+00:00] admob_service_verbose.INFO: saveStatistic: processing row {"key":24,"app_id_value":"ca-app-pub-6500972529394006~9294099725","app_label":"Sweden VPN","report_date":"2026-01-02"} []
[2026-01-02T15:43:08.910166+00:00] admob_service_verbose.INFO: saveStatistic: upserted statistic row {"stat_id":291722,"app_id":25503582,"panel_id":24,"user_id":45,"report_date":"2026-01-02","currency":"TRY","estimated_earnings":73283626.0,"ad_requests":1853,"impression_rpm":89.80836582301862,"clicks":29,"impressions":816,"impression_ctr":0.03553921568627451,"matched_requests":1786,"show_rate":0.4568868980963046,"match_rate":0.9638424177010254,"delta_earnings":1966903.0,"delta_impressions":31,"delta_clicks":1} []
[2026-01-02T15:43:08.910265+00:00] admob_service_verbose.INFO: saveStatistic: processing row {"key":25,"app_id_value":"ca-app-pub-6500972529394006~9584316715","app_label":"Hong Kong VPN - Fast & Secure","report_date":"2026-01-02"} []
[2026-01-02T15:43:08.922370+00:00] admob_service_verbose.INFO: saveStatistic: upserted statistic row {"stat_id":291723,"app_id":25503583,"panel_id":24,"user_id":45,"report_date":"2026-01-02","currency":"TRY","estimated_earnings":44919309.0,"ad_requests":1394,"impression_rpm":76.13442314321877,"clicks":38,"impressions":590,"impression_ctr":0.06440677966101695,"matched_requests":1341,"show_rate":0.4399701715137957,"match_rate":0.9619799139167863,"delta_earnings":1810407.0,"delta_impressions":44,"delta_clicks":0} []
[2026-01-02T15:43:08.922444+00:00] admob_service_verbose.INFO: saveStatistic: completed {"timestamp":"2026-01-02 15:43:08"} []
[2026-01-02T15:43:10.913531+00:00] admob_service_verbose.INFO: saveStatistic: entry {"items_count":2} []
[2026-01-02T15:43:10.913554+00:00] admob_service_verbose.INFO: saveStatistic: raw header {"header":{"dateRange":{"startDate":{"year":2026,"month":1,"day":2},"endDate":{"year":2026,"month":1,"day":2}},"localizationSettings":{"currencyCode":"TRY"}}} []
[2026-01-02T15:43:10.913621+00:00] admob_service_verbose.INFO: saveStatistic: extracted report date from header {"report_date":"2026-01-02"} []
[2026-01-02T15:43:10.913671+00:00] admob_service_verbose.INFO: saveStatistic: completed {"timestamp":"2026-01-02 15:43:10"} []
[2026-01-02T15:43:12.609364+00:00] admob_service_verbose.INFO: saveStatistic: entry {"items_count":10} []
[2026-01-02T15:43:12.609391+00:00] admob_service_verbose.INFO: saveStatistic: raw header {"header":{"dateRange":{"startDate":{"year":2026,"month":1,"day":2},"endDate":{"year":2026,"month":1,"day":2}},"localizationSettings":{"currencyCode":"TRY"}}} []
[2026-01-02T15:43:12.609453+00:00] admob_service_verbose.INFO: saveStatistic: extracted report date from header {"report_date":"2026-01-02"} []
[2026-01-02T15:43:12.609498+00:00] admob_service_verbose.INFO: saveStatistic: processing row {"key":1,"app_id_value":"ca-app-pub-8353688568048184~1565799584","app_label":"Chum: My AI Friend","report_date":"2026-01-02"} []
[2026-01-02T15:43:12.618293+00:00] admob_service_verbose.INFO: saveStatistic: upserted statistic row {"stat_id":291724,"app_id":22919985,"panel_id":29,"user_id":38,"report_date":"2026-01-02","currency":"TRY","estimated_earnings":3928220.0,"ad_requests":19948,"impression_rpm":119.03698694194907,"clicks":4,"impressions":33,"impression_ctr":0.12121212121212122,"matched_requests":19852,"show_rate":0.0016623010276042717,"match_rate":0.9951874874674153,"delta_earnings":432352.0,"delta_impressions":11,"delta_clicks":1} []
[2026-01-02T15:43:12.618346+00:00] admob_service_verbose.INFO: saveStatistic: processing row {"key":2,"app_id_value":"ca-app-pub-8353688568048184~2103712987","app_label":"Cubix","report_date":"2026-01-02"} []
[2026-01-02T15:43:12.624930+00:00] admob_service_verbose.INFO: saveStatistic: upserted statistic row {"stat_id":291753,"app_id":29904642,"panel_id":29,"user_id":488,"report_date":"2026-01-02","currency":"TRY","estimated_earnings":20211.0,"ad_requests":6,"impression_rpm":20.211757307996614,"clicks":0,"impressions":1,"impression_ctr":0.0,"matched_requests":5,"show_rate":0.2,"match_rate":0.8333333333333334,"delta_earnings":20211.0,"delta_impressions":1,"delta_clicks":0} []
[2026-01-02T15:43:12.624986+00:00] admob_service_verbose.INFO: saveStatistic: processing row {"key":3,"app_id_value":"ca-app-pub-8353688568048184~2309724016","app_label":"Niko VPN","report_date":"2026-01-02"} []
[2026-01-02T15:43:12.632508+00:00] admob_service_verbose.INFO: saveStatistic: upserted statistic row {"stat_id":291725,"app_id":29351733,"panel_id":29,"user_id":199,"report_date":"2026-01-02","currency":"TRY","estimated_earnings":1554603643.0,"ad_requests":13508,"impression_rpm":143.89148868311378,"clicks":729,"impressions":10804,"impression_ctr":0.06747500925583118,"matched_requests":13497,"show_rate":0.8004741794472846,"match_rate":0.999185667752443,"delta_earnings":100700996.0,"delta_impressions":767,"delta_clicks":52} []
[2026-01-02T15:43:12.632558+00:00] admob_service_verbose.INFO: saveStatistic: processing row {"key":4,"app_id_value":"ca-app-pub-8353688568048184~3488486115","app_label":"Gym Workout Plan AI - Fitora","report_date":"2026-01-02"} []
[2026-01-02T15:43:12.637351+00:00] admob_service_verbose.INFO: saveStatistic: upserted statistic row {"stat_id":291726,"app_id":26078049,"panel_id":29,"user_id":38,"report_date":"2026-01-02","currency":"TRY","estimated_earnings":5397477.0,"ad_requests":26,"impression_rpm":385.5341422608709,"clicks":2,"impressions":14,"impression_ctr":0.14285714285714285,"matched_requests":26,"show_rate":0.5384615384615384,"match_rate":1.0,"delta_earnings":0.0,"delta_impressions":0,"delta_clicks":0} []
[2026-01-02T15:43:12.637412+00:00] admob_service_verbose.INFO: saveStatistic: processing row {"key":5,"app_id_value":"ca-app-pub-8353688568048184~5664266898","app_label":"AI Therapy Chatbot | TheraMind","report_date":"2026-01-02"} []
[2026-01-02T15:43:12.642191+00:00] admob_service_verbose.INFO: saveStatistic: upserted statistic row {"stat_id":291727,"app_id":26321560,"panel_id":29,"user_id":38,"report_date":"2026-01-02","currency":"TRY","estimated_earnings":5794.0,"ad_requests":27,"impression_rpm":5.794700130370434,"clicks":0,"impressions":1,"impression_ctr":0.0,"matched_requests":3,"show_rate":0.3333333333333333,"match_rate":0.1111111111111111,"delta_earnings":0.0,"delta_impressions":0,"delta_clicks":0} []
[2026-01-02T15:43:12.642238+00:00] admob_service_verbose.INFO: saveStatistic: processing row {"key":6,"app_id_value":"ca-app-pub-8353688568048184~6021764935","app_label":"Wood Block Puzzle","report_date":"2026-01-02"} []
[2026-01-02T15:43:12.648607+00:00] admob_service_verbose.INFO: saveStatistic: upserted statistic row {"stat_id":291728,"app_id":29904643,"panel_id":29,"user_id":734,"report_date":"2026-01-02","currency":"TRY","estimated_earnings":4480630.0,"ad_requests":437,"impression_rpm":19.147992898379343,"clicks":11,"impressions":234,"impression_ctr":0.04700854700854701,"matched_requests":426,"show_rate":0.5492957746478874,"match_rate":0.9748283752860412,"delta_earnings":319418.0,"delta_impressions":10,"delta_clicks":0} []
[2026-01-02T15:43:12.648657+00:00] admob_service_verbose.INFO: saveStatistic: processing row {"key":7,"app_id_value":"ca-app-pub-8353688568048184~6782836391","app_label":"Jimix Tel","report_date":"2026-01-02"} []
[2026-01-02T15:43:12.653244+00:00] admob_service_verbose.INFO: saveStatistic: upserted statistic row {"stat_id":291729,"app_id":29726032,"panel_id":29,"user_id":53,"report_date":"2026-01-02","currency":"TRY","estimated_earnings":171866.0,"ad_requests":12,"impression_rpm":28.644359758065228,"clicks":0,"impressions":6,"impression_ctr":0.0,"matched_requests":12,"show_rate":0.5,"match_rate":1.0,"delta_earnings":0.0,"delta_impressions":0,"delta_clicks":0} []
[2026-01-02T15:43:12.653301+00:00] admob_service_verbose.INFO: saveStatistic: processing row {"key":8,"app_id_value":"ca-app-pub-8353688568048184~8434802448","app_label":"Trivix Pro","report_date":"2026-01-02"} []
[2026-01-02T15:43:12.657229+00:00] admob_service_verbose.INFO: saveStatistic: upserted statistic row {"stat_id":291730,"app_id":31917775,"panel_id":29,"user_id":53,"report_date":"2026-01-02","currency":"TRY","estimated_earnings":3003549.0,"ad_requests":26,"impression_rpm":200.23662307722586,"clicks":1,"impressions":15,"impression_ctr":0.06666666666666667,"matched_requests":26,"show_rate":0.5769230769230769,"match_rate":1.0,"delta_earnings":0.0,"delta_impressions":0,"delta_clicks":0} []
[2026-01-02T15:43:12.657293+00:00] admob_service_verbose.INFO: saveStatistic: completed {"timestamp":"2026-01-02 15:43:12"} []
[2026-01-02T15:43:15.542532+00:00] admob_service_verbose.INFO: saveStatistic: entry {"items_count":21} []
[2026-01-02T15:43:15.542555+00:00] admob_service_verbose.INFO: saveStatistic: raw header {"header":{"dateRange":{"startDate":{"year":2026,"month":1,"day":2},"endDate":{"year":2026,"month":1,"day":2}},"localizationSettings":{"currencyCode":"OMR"}}} []
[2026-01-02T15:43:15.542617+00:00] admob_service_verbose.INFO: saveStatistic: extracted report date from header {"report_date":"2026-01-02"} []
[2026-01-02T15:43:15.542636+00:00] admob_service_verbose.INFO: saveStatistic: processing row {"key":1,"app_id_value":"ca-app-pub-2250734731532526~1011906091","app_label":"Spiral VPN","report_date":"2026-01-02"} []
[2026-01-02T15:43:15.555052+00:00] admob_service_verbose.INFO: saveStatistic: upserted statistic row {"stat_id":291731,"app_id":28282132,"panel_id":30,"user_id":53,"report_date":"2026-01-02","currency":"OMR","estimated_earnings":1662606.162,"ad_requests":2303,"impression_rpm":0.8388528771722636,"clicks":92,"impressions":1982,"impression_ctr":0.04641775983854692,"matched_requests":2289,"show_rate":0.8658802970729577,"match_rate":0.993920972644377,"delta_earnings":84574.47600000002,"delta_impressions":139,"delta_clicks":6} []
[2026-01-02T15:43:15.555105+00:00] admob_service_verbose.INFO: saveStatistic: processing row {"key":2,"app_id_value":"ca-app-pub-2250734731532526~1506936634","app_label":"Tooka VPN","report_date":"2026-01-02"} []
[2026-01-02T15:43:15.568170+00:00] admob_service_verbose.INFO: saveStatistic: upserted statistic row {"stat_id":291732,"app_id":23771412,"panel_id":30,"user_id":86,"report_date":"2026-01-02","currency":"OMR","estimated_earnings":9191392.434,"ad_requests":36867,"impression_rpm":0.345918211405944,"clicks":1121,"impressions":26571,"impression_ctr":0.04218885250837379,"matched_requests":31762,"show_rate":0.836565707449153,"match_rate":0.8615292809287438,"delta_earnings":399834.4140000008,"delta_impressions":1444,"delta_clicks":68} []
[2026-01-02T15:43:15.568248+00:00] admob_service_verbose.INFO: saveStatistic: processing row {"key":3,"app_id_value":"ca-app-pub-2250734731532526~1732667884","app_label":"Otter VPN","report_date":"2026-01-02"} []
[2026-01-02T15:43:15.580708+00:00] admob_service_verbose.INFO: saveStatistic: upserted statistic row {"stat_id":291733,"app_id":24991077,"panel_id":30,"user_id":155,"report_date":"2026-01-02","currency":"OMR","estimated_earnings":106827134.148,"ad_requests":414389,"impression_rpm":0.3243584596389077,"clicks":12577,"impressions":329349,"impression_ctr":0.03818745464537618,"matched_requests":391471,"show_rate":0.8413113615057054,"match_rate":0.9446944778939595,"delta_earnings":5470683.623999998,"delta_impressions":20263,"delta_clicks":738} []
[2026-01-02T15:43:15.580768+00:00] admob_service_verbose.INFO: saveStatistic: processing row {"key":4,"app_id_value":"ca-app-pub-2250734731532526~1816364068","app_label":"فیلتر شکن قوی پرسرعت Nebu VPN","report_date":"2026-01-02"} []
[2026-01-02T15:43:15.593213+00:00] admob_service_verbose.INFO: saveStatistic: upserted statistic row {"stat_id":291734,"app_id":28904283,"panel_id":30,"user_id":494,"report_date":"2026-01-02","currency":"OMR","estimated_earnings":24478780.662,"ad_requests":47366,"impression_rpm":0.8107972806871641,"clicks":725,"impressions":30191,"impression_ctr":0.02401377894074393,"matched_requests":47242,"show_rate":0.6390711654883366,"match_rate":0.9973820884178525,"delta_earnings":1635197.7600000016,"delta_impressions":1803,"delta_clicks":55} []
[2026-01-02T15:43:15.593341+00:00] admob_service_verbose.INFO: saveStatistic: processing row {"key":5,"app_id_value":"ca-app-pub-2250734731532526~2326462543","app_label":"Vpnista","report_date":"2026-01-02"} []
[2026-01-02T15:43:15.606652+00:00] admob_service_verbose.INFO: saveStatistic: upserted statistic row {"stat_id":291735,"app_id":28338408,"panel_id":30,"user_id":23,"report_date":"2026-01-02","currency":"OMR","estimated_earnings":52476895.926,"ad_requests":67899,"impression_rpm":0.9046181043995662,"clicks":1556,"impressions":58010,"impression_ctr":0.02682296155835201,"matched_requests":66174,"show_rate":0.8766282830114547,"match_rate":0.9745946184774444,"delta_earnings":1226.2320000007749,"delta_impressions":2,"delta_clicks":0} []
[2026-01-02T15:43:15.606737+00:00] admob_service_verbose.INFO: saveStatistic: processing row {"key":6,"app_id_value":"ca-app-pub-2250734731532526~2408736874","app_label":"Pig VPN","report_date":"2026-01-02"} []
[2026-01-02T15:43:15.621472+00:00] admob_service_verbose.INFO: saveStatistic: upserted statistic row {"stat_id":291736,"app_id":29139815,"panel_id":30,"user_id":53,"report_date":"2026-01-02","currency":"OMR","estimated_earnings":603595.692,"ad_requests":1226,"impression_rpm":0.5809392150417132,"clicks":33,"impressions":1039,"impression_ctr":0.03176130895091434,"matched_requests":1218,"show_rate":0.8530377668308703,"match_rate":0.9934747145187602,"delta_earnings":21043.638000000035,"delta_impressions":63,"delta_clicks":4} []
[2026-01-02T15:43:15.621581+00:00] admob_service_verbose.INFO: saveStatistic: processing row {"key":7,"app_id_value":"ca-app-pub-2250734731532526~2451734094","app_label":"Hegza vpn","report_date":"2026-01-02"} []
[2026-01-02T15:43:15.635088+00:00] admob_service_verbose.INFO: saveStatistic: upserted statistic row {"stat_id":291737,"app_id":23561550,"panel_id":30,"user_id":85,"report_date":"2026-01-02","currency":"OMR","estimated_earnings":29926105.776,"ad_requests":60994,"impression_rpm":0.6039211755142462,"clicks":1474,"impressions":49553,"impression_ctr":0.029745928601699192,"matched_requests":60807,"show_rate":0.8149226240399954,"match_rate":0.9969341246680001,"delta_earnings":1754328.240000002,"delta_impressions":3689,"delta_clicks":103} []
[2026-01-02T15:43:15.635204+00:00] admob_service_verbose.INFO: saveStatistic: processing row {"key":8,"app_id_value":"ca-app-pub-2250734731532526~2698847699","app_label":"Squid VPN","report_date":"2026-01-02"} []
[2026-01-02T15:43:15.652223+00:00] admob_service_verbose.INFO: saveStatistic: upserted statistic row {"stat_id":291738,"app_id":28342164,"panel_id":30,"user_id":109,"report_date":"2026-01-02","currency":"OMR","estimated_earnings":185756.76,"ad_requests":187,"impression_rpm":1.2140982865503038,"clicks":7,"impressions":153,"impression_ctr":0.0457516339869281,"matched_requests":187,"show_rate":0.8181818181818182,"match_rate":1.0,"delta_earnings":3848.796000000002,"delta_impressions":7,"delta_clicks":0} []
[2026-01-02T15:43:15.652341+00:00] admob_service_verbose.INFO: saveStatistic: processing row {"key":9,"app_id_value":"ca-app-pub-2250734731532526~4504926647","app_label":"Nox VPN","report_date":"2026-01-02"} []
[2026-01-02T15:43:15.669887+00:00] admob_service_verbose.INFO: saveStatistic: upserted statistic row {"stat_id":291739,"app_id":23215056,"panel_id":30,"user_id":8,"report_date":"2026-01-02","currency":"OMR","estimated_earnings":23068977.498,"ad_requests":49245,"impression_rpm":0.5695200104787449,"clicks":1301,"impressions":40506,"impression_ctr":0.03211869846442502,"matched_requests":48554,"show_rate":0.8342464060633521,"match_rate":0.9859681185907199,"delta_earnings":1957134.311999999,"delta_impressions":3985,"delta_clicks":90} []
[2026-01-02T15:43:15.670019+00:00] admob_service_verbose.INFO: saveStatistic: processing row {"key":10,"app_id_value":"ca-app-pub-2250734731532526~4893697043","app_label":"Giga vpn","report_date":"2026-01-02"} []
[2026-01-02T15:43:15.687391+00:00] admob_service_verbose.INFO: saveStatistic: upserted statistic row {"stat_id":291740,"app_id":24180244,"panel_id":30,"user_id":85,"report_date":"2026-01-02","currency":"OMR","estimated_earnings":99860343.912,"ad_requests":194158,"impression_rpm":0.6291762897563973,"clicks":5446,"impressions":158716,"impression_ctr":0.03431286070717508,"matched_requests":192982,"show_rate":0.8224393984931238,"match_rate":0.9939430772875699,"delta_earnings":5241455.351999998,"delta_impressions":10829,"delta_clicks":344} []
[2026-01-02T15:43:15.687444+00:00] admob_service_verbose.INFO: saveStatistic: processing row {"key":11,"app_id_value":"ca-app-pub-2250734731532526~5625330378","app_label":"فیلتر شکن قوی پرسرعت Foxy VPN","report_date":"2026-01-02"} []
[2026-01-02T15:43:15.705605+00:00] admob_service_verbose.INFO: saveStatistic: upserted statistic row {"stat_id":291741,"app_id":24290694,"panel_id":30,"user_id":8,"report_date":"2026-01-02","currency":"OMR","estimated_earnings":3807565.272,"ad_requests":13017,"impression_rpm":0.3689143975638308,"clicks":297,"impressions":10321,"impression_ctr":0.028776281368084487,"matched_requests":12832,"show_rate":0.804317331670823,"match_rate":0.9857878159330107,"delta_earnings":190853.71199999982,"delta_impressions":678,"delta_clicks":12} []
[2026-01-02T15:43:15.705690+00:00] admob_service_verbose.INFO: saveStatistic: processing row {"key":12,"app_id_value":"ca-app-pub-2250734731532526~6918357053","app_label":"ShieldX VPN","report_date":"2026-01-02"} []
[2026-01-02T15:43:15.729277+00:00] admob_service_verbose.INFO: saveStatistic: upserted statistic row {"stat_id":291742,"app_id":23504199,"panel_id":30,"user_id":6,"report_date":"2026-01-02","currency":"OMR","estimated_earnings":7848507.744,"ad_requests":14980,"impression_rpm":0.6476735337698547,"clicks":475,"impressions":12118,"impression_ctr":0.03919788744017164,"matched_requests":14552,"show_rate":0.832737768004398,"match_rate":0.9714285714285714,"delta_earnings":392462.6579999998,"delta_impressions":771,"delta_clicks":24} []
[2026-01-02T15:43:15.729373+00:00] admob_service_verbose.INFO: saveStatistic: processing row {"key":13,"app_id_value":"ca-app-pub-2250734731532526~7843513498","app_label":"Taha VPN","report_date":"2026-01-02"} []
[2026-01-02T15:43:15.743150+00:00] admob_service_verbose.INFO: saveStatistic: upserted statistic row {"stat_id":291743,"app_id":29139816,"panel_id":30,"user_id":692,"report_date":"2026-01-02","currency":"OMR","estimated_earnings":575484.588,"ad_requests":755,"impression_rpm":0.8840009846099355,"clicks":13,"impressions":651,"impression_ctr":0.019969278033794162,"matched_requests":737,"show_rate":0.8833107191316146,"match_rate":0.976158940397351,"delta_earnings":22896.59400000004,"delta_impressions":44,"delta_clicks":1} []
[2026-01-02T15:43:15.743242+00:00] admob_service_verbose.INFO: saveStatistic: processing row {"key":14,"app_id_value":"ca-app-pub-2250734731532526~8343601200","app_label":"SafeShield VPN","report_date":"2026-01-02"} []
[2026-01-02T15:43:15.760559+00:00] admob_service_verbose.INFO: saveStatistic: upserted statistic row {"stat_id":291744,"app_id":28282133,"panel_id":30,"user_id":155,"report_date":"2026-01-02","currency":"OMR","estimated_earnings":153998634.888,"ad_requests":325378,"impression_rpm":0.5613422586551561,"clicks":10170,"impressions":274340,"impression_ctr":0.03707078807319385,"matched_requests":318318,"show_rate":0.8618425599557675,"match_rate":0.9783021593346815,"delta_earnings":8930225.052000016,"delta_impressions":19466,"delta_clicks":654} []
[2026-01-02T15:43:15.760647+00:00] admob_service_verbose.INFO: saveStatistic: processing row {"key":15,"app_id_value":"ca-app-pub-2250734731532526~8503108603","app_label":"Netrino VPN","report_date":"2026-01-02"} []
[2026-01-02T15:43:15.777788+00:00] admob_service_verbose.INFO: saveStatistic: upserted statistic row {"stat_id":291745,"app_id":29139817,"panel_id":30,"user_id":504,"report_date":"2026-01-02","currency":"OMR","estimated_earnings":9398010.636,"ad_requests":19557,"impression_rpm":0.6218494680299502,"clicks":1111,"impressions":15113,"impression_ctr":0.07351286971481506,"matched_requests":19096,"show_rate":0.7914222873900293,"match_rate":0.976427877486322,"delta_earnings":2268.755999999121,"delta_impressions":14,"delta_clicks":13} []
[2026-01-02T15:43:15.777962+00:00] admob_service_verbose.INFO: saveStatistic: processing row {"key":16,"app_id_value":"ca-app-pub-2250734731532526~8828285546","app_label":"Yooz VPN | اتصال سریع","report_date":"2026-01-02"} []
[2026-01-02T15:43:15.794646+00:00] admob_service_verbose.INFO: saveStatistic: upserted statistic row {"stat_id":291746,"app_id":28661001,"panel_id":30,"user_id":77,"report_date":"2026-01-02","currency":"OMR","estimated_earnings":361753968.61800003,"ad_requests":696918,"impression_rpm":0.6517784192659531,"clicks":18712,"impressions":555026,"impression_ctr":0.033713735933091425,"matched_requests":695273,"show_rate":0.7982849902124777,"match_rate":0.9976396075291498,"delta_earnings":16782537.366000056,"delta_impressions":29966,"delta_clicks":1182} []
[2026-01-02T15:43:15.794745+00:00] admob_service_verbose.INFO: saveStatistic: processing row {"key":17,"app_id_value":"ca-app-pub-2250734731532526~9606748504","app_label":"Pro VPN","report_date":"2026-01-02"} []
[2026-01-02T15:43:15.814031+00:00] admob_service_verbose.INFO: saveStatistic: upserted statistic row {"stat_id":291747,"app_id":23683006,"panel_id":30,"user_id":435,"report_date":"2026-01-02","currency":"OMR","estimated_earnings":3777215.6520000002,"ad_requests":11329,"impression_rpm":0.45945942497965103,"clicks":257,"impressions":8221,"impression_ctr":0.03126140372217492,"matched_requests":11291,"show_rate":0.7281020281640245,"match_rate":0.9966457763262424,"delta_earnings":111424.57200000016,"delta_impressions":351,"delta_clicks":9} []
[2026-01-02T15:43:15.814119+00:00] admob_service_verbose.INFO: saveStatistic: processing row {"key":18,"app_id_value":"ca-app-pub-2250734731532526~9947169360","app_label":"Karkas VPN","report_date":"2026-01-02"} []
[2026-01-02T15:43:15.827844+00:00] admob_service_verbose.INFO: saveStatistic: upserted statistic row {"stat_id":291748,"app_id":28463705,"panel_id":30,"user_id":79,"report_date":"2026-01-02","currency":"OMR","estimated_earnings":36031145.976,"ad_requests":70197,"impression_rpm":0.5978586316587882,"clicks":1449,"impressions":60267,"impression_ctr":0.024043008611678032,"matched_requests":69324,"show_rate":0.8693526051583867,"match_rate":0.9875635710927817,"delta_earnings":1834473.3120000064,"delta_impressions":4105,"delta_clicks":103} []
[2026-01-02T15:43:15.827901+00:00] admob_service_verbose.INFO: saveStatistic: processing row {"key":19,"app_id_value":"ca-app-pub-2250734731532526~9968606935","app_label":"Nodify VPN","report_date":"2026-01-02"} []
[2026-01-02T15:43:15.839495+00:00] admob_service_verbose.INFO: saveStatistic: upserted statistic row {"stat_id":291749,"app_id":23683007,"panel_id":30,"user_id":5,"report_date":"2026-01-02","currency":"OMR","estimated_earnings":4211784.486,"ad_requests":20322,"impression_rpm":0.24957244370705764,"clicks":687,"impressions":16876,"impression_ctr":0.040708698743778145,"matched_requests":20158,"show_rate":0.8371862287925389,"match_rate":0.9919299281566775,"delta_earnings":98.65799999982119,"delta_impressions":1,"delta_clicks":1} []
[2026-01-02T15:43:15.839603+00:00] admob_service_verbose.INFO: saveStatistic: completed {"timestamp":"2026-01-02 15:43:15"} []
[2026-01-02T15:43:22.243537+00:00] admob_service_verbose.INFO: saveStatistic: entry {"items_count":5} []
[2026-01-02T15:43:22.243566+00:00] admob_service_verbose.INFO: saveStatistic: raw header {"header":{"dateRange":{"startDate":{"year":2026,"month":1,"day":2},"endDate":{"year":2026,"month":1,"day":2}},"localizationSettings":{"currencyCode":"OMR"}}} []
[2026-01-02T15:43:22.243638+00:00] admob_service_verbose.INFO: saveStatistic: extracted report date from header {"report_date":"2026-01-02"} []
[2026-01-02T15:43:22.243673+00:00] admob_service_verbose.INFO: saveStatistic: processing row {"key":1,"app_id_value":"ca-app-pub-2250734731532526~1218996407","app_label":"Ravo VPN","report_date":"2026-01-02"} []
[2026-01-02T15:43:22.254129+00:00] admob_service_verbose.INFO: saveStatistic: upserted statistic row {"stat_id":291750,"app_id":30292900,"panel_id":30,"user_id":404,"report_date":"2026-01-02","currency":"OMR","estimated_earnings":190225892.178,"ad_requests":134923,"impression_rpm":1.954402378663437,"clicks":3892,"impressions":97332,"impression_ctr":0.03998684913491966,"matched_requests":134737,"show_rate":0.7223850909549715,"match_rate":0.9986214359301231,"delta_earnings":10605047.418000013,"delta_impressions":6008,"delta_clicks":246} []
[2026-01-02T15:43:22.254187+00:00] admob_service_verbose.INFO: saveStatistic: processing row {"key":2,"app_id_value":"ca-app-pub-2250734731532526~1657980103","app_label":"فیلتر شکن قوی پرسرعت Octopus","report_date":"2026-01-02"} []
[2026-01-02T15:43:22.265422+00:00] admob_service_verbose.INFO: saveStatistic: upserted statistic row {"stat_id":291751,"app_id":30292901,"panel_id":30,"user_id":56,"report_date":"2026-01-02","currency":"OMR","estimated_earnings":91265813.1,"ad_requests":114268,"impression_rpm":1.2357431910860375,"clicks":2726,"impressions":73855,"impression_ctr":0.03691016180353395,"matched_requests":113941,"show_rate":0.6481863420542211,"match_rate":0.9971383064374978,"delta_earnings":4647368.627999991,"delta_impressions":4360,"delta_clicks":172} []
[2026-01-02T15:43:22.265488+00:00] admob_service_verbose.INFO: saveStatistic: processing row {"key":3,"app_id_value":"ca-app-pub-2250734731532526~8781765039","app_label":"AviaVPN - Safe and Fast VPN","report_date":"2026-01-02"} []
[2026-01-02T15:43:22.275622+00:00] admob_service_verbose.INFO: saveStatistic: upserted statistic row {"stat_id":291752,"app_id":29473856,"panel_id":30,"user_id":666,"report_date":"2026-01-02","currency":"OMR","estimated_earnings":40091121.504,"ad_requests":228519,"impression_rpm":0.291707571909588,"clicks":11915,"impressions":137436,"impression_ctr":0.0866948979888821,"matched_requests":216063,"show_rate":0.6360922508712736,"match_rate":0.9454924973415777,"delta_earnings":1945902.7980000004,"delta_impressions":8052,"delta_clicks":855} []
[2026-01-02T15:43:22.275689+00:00] admob_service_verbose.INFO: saveStatistic: completed {"timestamp":"2026-01-02 15:43:22"} []
[2026-01-02T15:49:30.179709+00:00] admob_service_verbose.INFO: saveStatistic: entry {"items_count":4} []
[2026-01-02T15:49:30.179785+00:00] admob_service_verbose.INFO: saveStatistic: raw header {"header":{"dateRange":{"startDate":{"year":2026,"month":1,"day":2},"endDate":{"year":2026,"month":1,"day":2}},"localizationSettings":{"currencyCode":"TRY"}}} []
[2026-01-02T15:49:30.180389+00:00] admob_service_verbose.INFO: saveStatistic: extracted report date from header {"report_date":"2026-01-02"} []
[2026-01-02T15:49:30.180417+00:00] admob_service_verbose.INFO: saveStatistic: processing row {"key":1,"app_id_value":"ca-app-pub-3228663599583295~1034952593","app_label":"فیلتر شکن قوی پرسرعت Maple VPN","report_date":"2026-01-02"} []
[2026-01-02T15:49:30.843217+00:00] admob_service_verbose.INFO: saveStatistic: upserted statistic row {"stat_id":291586,"app_id":12135,"panel_id":13,"user_id":99,"report_date":"2026-01-02","currency":"TRY","estimated_earnings":42508354124.0,"ad_requests":2165696,"impression_rpm":31.466179486338433,"clicks":61420,"impressions":1350922,"impression_ctr":0.04546524521771057,"matched_requests":2103636,"show_rate":0.6421842942410189,"match_rate":0.9713440852271048,"delta_earnings":638623909.0,"delta_impressions":21812,"delta_clicks":577} []
[2026-01-02T15:49:30.843299+00:00] admob_service_verbose.INFO: saveStatistic: processing row {"key":2,"app_id_value":"ca-app-pub-3228663599583295~1170555096","app_label":"Ringtones and sms for IPhone","report_date":"2026-01-02"} []
[2026-01-02T15:49:31.523208+00:00] admob_service_verbose.INFO: saveStatistic: upserted statistic row {"stat_id":291587,"app_id":12140,"panel_id":13,"user_id":33,"report_date":"2026-01-02","currency":"TRY","estimated_earnings":6217782.0,"ad_requests":467,"impression_rpm":18.50530452110144,"clicks":9,"impressions":336,"impression_ctr":0.026785714285714284,"matched_requests":437,"show_rate":0.7688787185354691,"match_rate":0.9357601713062098,"delta_earnings":24003.0,"delta_impressions":2,"delta_clicks":0} []
[2026-01-02T15:49:31.523399+00:00] admob_service_verbose.INFO: saveStatistic: completed {"timestamp":"2026-01-02 15:49:31"} []
[2026-01-02T15:49:33.223194+00:00] admob_service_verbose.INFO: saveStatistic: entry {"items_count":2} []
[2026-01-02T15:49:33.223231+00:00] admob_service_verbose.INFO: saveStatistic: raw header {"header":{"dateRange":{"startDate":{"year":2026,"month":1,"day":2},"endDate":{"year":2026,"month":1,"day":2}},"localizationSettings":{"currencyCode":"TRY"}}} []
[2026-01-02T15:49:33.223347+00:00] admob_service_verbose.INFO: saveStatistic: extracted report date from header {"report_date":"2026-01-02"} []
[2026-01-02T15:49:33.223423+00:00] admob_service_verbose.INFO: saveStatistic: completed {"timestamp":"2026-01-02 15:49:33"} []
[2026-01-02T15:49:34.870224+00:00] admob_service_verbose.INFO: saveStatistic: entry {"items_count":4} []
[2026-01-02T15:49:34.870271+00:00] admob_service_verbose.INFO: saveStatistic: raw header {"header":{"dateRange":{"startDate":{"year":2026,"month":1,"day":2},"endDate":{"year":2026,"month":1,"day":2}},"localizationSettings":{"currencyCode":"TRY"}}} []
[2026-01-02T15:49:34.870347+00:00] admob_service_verbose.INFO: saveStatistic: extracted report date from header {"report_date":"2026-01-02"} []
[2026-01-02T15:49:34.870371+00:00] admob_service_verbose.INFO: saveStatistic: processing row {"key":1,"app_id_value":"ca-app-pub-3228663599583295~1764327320","app_label":"RaySafe VPN","report_date":"2026-01-02"} []
[2026-01-02T15:49:35.508768+00:00] admob_service_verbose.INFO: saveStatistic: upserted statistic row {"stat_id":291588,"app_id":12200,"panel_id":13,"user_id":191,"report_date":"2026-01-02","currency":"TRY","estimated_earnings":103034320.0,"ad_requests":2661,"impression_rpm":55.216677684773906,"clicks":48,"impressions":1866,"impression_ctr":0.02572347266881029,"matched_requests":2640,"show_rate":0.7068181818181818,"match_rate":0.992108229988726,"delta_earnings":3032495.0,"delta_impressions":52,"delta_clicks":1} []
[2026-01-02T15:49:35.508831+00:00] admob_service_verbose.INFO: saveStatistic: processing row {"key":2,"app_id_value":"ca-app-pub-3228663599583295~1939344304","app_label":"Laugh Ringtone","report_date":"2026-01-02"} []
[2026-01-02T15:49:36.135292+00:00] admob_service_verbose.INFO: saveStatistic: upserted statistic row {"stat_id":291589,"app_id":12223,"panel_id":13,"user_id":33,"report_date":"2026-01-02","currency":"TRY","estimated_earnings":158191.0,"ad_requests":6,"impression_rpm":52.73035812595311,"clicks":0,"impressions":3,"impression_ctr":0.0,"matched_requests":6,"show_rate":0.5,"match_rate":1.0,"delta_earnings":0.0,"delta_impressions":0,"delta_clicks":0} []
[2026-01-02T15:49:36.135395+00:00] admob_service_verbose.INFO: saveStatistic: completed {"timestamp":"2026-01-02 15:49:36"} []
[2026-01-02T15:49:37.782951+00:00] admob_service_verbose.INFO: saveStatistic: entry {"items_count":5} []
[2026-01-02T15:49:37.783161+00:00] admob_service_verbose.INFO: saveStatistic: raw header {"header":{"dateRange":{"startDate":{"year":2026,"month":1,"day":2},"endDate":{"year":2026,"month":1,"day":2}},"localizationSettings":{"currencyCode":"TRY"}}} []
[2026-01-02T15:49:37.783316+00:00] admob_service_verbose.INFO: saveStatistic: extracted report date from header {"report_date":"2026-01-02"} []
[2026-01-02T15:49:37.783354+00:00] admob_service_verbose.INFO: saveStatistic: processing row {"key":1,"app_id_value":"ca-app-pub-3228663599583295~1971381318","app_label":"Bird Sound And Ringtones","report_date":"2026-01-02"} []
[2026-01-02T15:49:38.490507+00:00] admob_service_verbose.INFO: saveStatistic: upserted statistic row {"stat_id":291590,"app_id":12226,"panel_id":13,"user_id":33,"report_date":"2026-01-02","currency":"TRY","estimated_earnings":37854.0,"ad_requests":15,"impression_rpm":7.570948453684859,"clicks":1,"impressions":5,"impression_ctr":0.2,"matched_requests":8,"show_rate":0.625,"match_rate":0.5333333333333333,"delta_earnings":0.0,"delta_impressions":0,"delta_clicks":0} []
[2026-01-02T15:49:38.490612+00:00] admob_service_verbose.INFO: saveStatistic: processing row {"key":2,"app_id_value":"ca-app-pub-3228663599583295~2130915995","app_label":"Cry Ringtone - baby sounds","report_date":"2026-01-02"} []
[2026-01-02T15:49:39.195110+00:00] admob_service_verbose.INFO: saveStatistic: upserted statistic row {"stat_id":291591,"app_id":12238,"panel_id":13,"user_id":33,"report_date":"2026-01-02","currency":"TRY","estimated_earnings":900721.0,"ad_requests":15,"impression_rpm":90.07210691816155,"clicks":1,"impressions":10,"impression_ctr":0.1,"matched_requests":14,"show_rate":0.7142857142857143,"match_rate":0.9333333333333333,"delta_earnings":0.0,"delta_impressions":0,"delta_clicks":0} []
[2026-01-02T15:49:39.195210+00:00] admob_service_verbose.INFO: saveStatistic: processing row {"key":3,"app_id_value":"ca-app-pub-3228663599583295~2220800936","app_label":"Fart sounds Prank app","report_date":"2026-01-02"} []
[2026-01-02T15:49:39.911619+00:00] admob_service_verbose.INFO: saveStatistic: upserted statistic row {"stat_id":291592,"app_id":12249,"panel_id":13,"user_id":33,"report_date":"2026-01-02","currency":"TRY","estimated_earnings":908290.0,"ad_requests":12,"impression_rpm":90.82901166274429,"clicks":0,"impressions":10,"impression_ctr":0.0,"matched_requests":12,"show_rate":0.8333333333333334,"match_rate":1.0,"delta_earnings":0.0,"delta_impressions":0,"delta_clicks":0} []
[2026-01-02T15:49:39.911732+00:00] admob_service_verbose.INFO: saveStatistic: completed {"timestamp":"2026-01-02 15:49:39"} []
[2026-01-02T15:49:41.544619+00:00] admob_service_verbose.INFO: saveStatistic: entry {"items_count":5} []
[2026-01-02T15:49:41.544643+00:00] admob_service_verbose.INFO: saveStatistic: raw header {"header":{"dateRange":{"startDate":{"year":2026,"month":1,"day":2},"endDate":{"year":2026,"month":1,"day":2}},"localizationSettings":{"currencyCode":"TRY"}}} []
[2026-01-02T15:49:41.544705+00:00] admob_service_verbose.INFO: saveStatistic: extracted report date from header {"report_date":"2026-01-02"} []
[2026-01-02T15:49:41.544726+00:00] admob_service_verbose.INFO: saveStatistic: processing row {"key":1,"app_id_value":"ca-app-pub-3228663599583295~2370127093","app_label":"Ringtone For Galaxy S22 Ultra","report_date":"2026-01-02"} []
[2026-01-02T15:49:42.203712+00:00] admob_service_verbose.INFO: saveStatistic: upserted statistic row {"stat_id":291593,"app_id":12269,"panel_id":13,"user_id":33,"report_date":"2026-01-02","currency":"TRY","estimated_earnings":8451028.0,"ad_requests":114,"impression_rpm":100.60748133352863,"clicks":2,"impressions":84,"impression_ctr":0.023809523809523808,"matched_requests":105,"show_rate":0.8,"match_rate":0.9210526315789473,"delta_earnings":0.0,"delta_impressions":0,"delta_clicks":0} []
[2026-01-02T15:49:42.203820+00:00] admob_service_verbose.INFO: saveStatistic: processing row {"key":2,"app_id_value":"ca-app-pub-3228663599583295~2412372623","app_label":"Ringtones and sms for sony","report_date":"2026-01-02"} []
[2026-01-02T15:49:42.840115+00:00] admob_service_verbose.INFO: saveStatistic: upserted statistic row {"stat_id":291594,"app_id":12276,"panel_id":13,"user_id":33,"report_date":"2026-01-02","currency":"TRY","estimated_earnings":28230718.0,"ad_requests":385,"impression_rpm":102.65715919219485,"clicks":8,"impressions":275,"impression_ctr":0.02909090909090909,"matched_requests":325,"show_rate":0.8461538461538461,"match_rate":0.8441558441558441,"delta_earnings":169481.0,"delta_impressions":3,"delta_clicks":0} []
[2026-01-02T15:49:42.840185+00:00] admob_service_verbose.INFO: saveStatistic: processing row {"key":3,"app_id_value":"ca-app-pub-3228663599583295~2484729660","app_label":"V2 nitro VPN","report_date":"2026-01-02"} []
[2026-01-02T15:49:43.463464+00:00] admob_service_verbose.INFO: saveStatistic: upserted statistic row {"stat_id":291595,"app_id":12281,"panel_id":13,"user_id":6,"report_date":"2026-01-02","currency":"TRY","estimated_earnings":2897367137.0,"ad_requests":94644,"impression_rpm":38.88822410716196,"clicks":1543,"impressions":74505,"impression_ctr":0.02071001946178109,"matched_requests":90077,"show_rate":0.8271256813615018,"match_rate":0.951745488356367,"delta_earnings":44273399.0,"delta_impressions":1420,"delta_clicks":11} []
[2026-01-02T15:49:43.463552+00:00] admob_service_verbose.INFO: saveStatistic: completed {"timestamp":"2026-01-02 15:49:43"} []
[2026-01-02T15:49:45.074639+00:00] admob_service_verbose.INFO: saveStatistic: entry {"items_count":2} []
[2026-01-02T15:49:45.074662+00:00] admob_service_verbose.INFO: saveStatistic: raw header {"header":{"dateRange":{"startDate":{"year":2026,"month":1,"day":2},"endDate":{"year":2026,"month":1,"day":2}},"localizationSettings":{"currencyCode":"TRY"}}} []
[2026-01-02T15:49:45.074732+00:00] admob_service_verbose.INFO: saveStatistic: extracted report date from header {"report_date":"2026-01-02"} []
[2026-01-02T15:49:45.074782+00:00] admob_service_verbose.INFO: saveStatistic: completed {"timestamp":"2026-01-02 15:49:45"} []
[2026-01-02T15:49:46.681771+00:00] admob_service_verbose.INFO: saveStatistic: entry {"items_count":4} []
[2026-01-02T15:49:46.681796+00:00] admob_service_verbose.INFO: saveStatistic: raw header {"header":{"dateRange":{"startDate":{"year":2026,"month":1,"day":2},"endDate":{"year":2026,"month":1,"day":2}},"localizationSettings":{"currencyCode":"TRY"}}} []
[2026-01-02T15:49:46.681863+00:00] admob_service_verbose.INFO: saveStatistic: extracted report date from header {"report_date":"2026-01-02"} []
[2026-01-02T15:49:46.681906+00:00] admob_service_verbose.INFO: saveStatistic: processing row {"key":1,"app_id_value":"ca-app-pub-3228663599583295~3033219530","app_label":"Gun sounds ringtones sms","report_date":"2026-01-02"} []
[2026-01-02T15:49:47.332350+00:00] admob_service_verbose.INFO: saveStatistic: upserted statistic row {"stat_id":291596,"app_id":12332,"panel_id":13,"user_id":33,"report_date":"2026-01-02","currency":"TRY","estimated_earnings":4676019.0,"ad_requests":77,"impression_rpm":91.68665221798707,"clicks":5,"impressions":51,"impression_ctr":0.09803921568627451,"matched_requests":77,"show_rate":0.6623376623376623,"match_rate":1.0,"delta_earnings":0.0,"delta_impressions":0,"delta_clicks":0} []
[2026-01-02T15:49:47.332437+00:00] admob_service_verbose.INFO: saveStatistic: processing row {"key":2,"app_id_value":"ca-app-pub-3228663599583295~3177830081","app_label":"Wolf Sound And Ringtones","report_date":"2026-01-02"} []
[2026-01-02T15:49:47.920469+00:00] admob_service_verbose.INFO: saveStatistic: upserted statistic row {"stat_id":291597,"app_id":12341,"panel_id":13,"user_id":33,"report_date":"2026-01-02","currency":"TRY","estimated_earnings":8731424.0,"ad_requests":125,"impression_rpm":113.39512738394107,"clicks":1,"impressions":77,"impression_ctr":0.012987012987012988,"matched_requests":116,"show_rate":0.6637931034482759,"match_rate":0.928,"delta_earnings":0.0,"delta_impressions":0,"delta_clicks":0} []
[2026-01-02T15:49:47.920573+00:00] admob_service_verbose.INFO: saveStatistic: completed {"timestamp":"2026-01-02 15:49:47"} []
[2026-01-02T15:49:49.578678+00:00] admob_service_verbose.INFO: saveStatistic: entry {"items_count":3} []
[2026-01-02T15:49:49.578703+00:00] admob_service_verbose.INFO: saveStatistic: raw header {"header":{"dateRange":{"startDate":{"year":2026,"month":1,"day":2},"endDate":{"year":2026,"month":1,"day":2}},"localizationSettings":{"currencyCode":"TRY"}}} []
[2026-01-02T15:49:49.578768+00:00] admob_service_verbose.INFO: saveStatistic: extracted report date from header {"report_date":"2026-01-02"} []
[2026-01-02T15:49:49.578788+00:00] admob_service_verbose.INFO: saveStatistic: processing row {"key":1,"app_id_value":"ca-app-pub-3228663599583295~3426071399","app_label":"sms Sounds Notification","report_date":"2026-01-02"} []
[2026-01-02T15:49:50.257244+00:00] admob_service_verbose.INFO: saveStatistic: upserted statistic row {"stat_id":291598,"app_id":12368,"panel_id":13,"user_id":33,"report_date":"2026-01-02","currency":"TRY","estimated_earnings":2699033.0,"ad_requests":131,"impression_rpm":27.82509257340409,"clicks":1,"impressions":97,"impression_ctr":0.010309278350515464,"matched_requests":119,"show_rate":0.8151260504201681,"match_rate":0.9083969465648855,"delta_earnings":0.0,"delta_impressions":0,"delta_clicks":0} []
[2026-01-02T15:49:50.257398+00:00] admob_service_verbose.INFO: saveStatistic: completed {"timestamp":"2026-01-02 15:49:50"} []
[2026-01-02T15:49:51.880513+00:00] admob_service_verbose.INFO: saveStatistic: entry {"items_count":5} []
[2026-01-02T15:49:51.880570+00:00] admob_service_verbose.INFO: saveStatistic: raw header {"header":{"dateRange":{"startDate":{"year":2026,"month":1,"day":2},"endDate":{"year":2026,"month":1,"day":2}},"localizationSettings":{"currencyCode":"TRY"}}} []
[2026-01-02T15:49:51.880699+00:00] admob_service_verbose.INFO: saveStatistic: extracted report date from header {"report_date":"2026-01-02"} []
[2026-01-02T15:49:51.880757+00:00] admob_service_verbose.INFO: saveStatistic: processing row {"key":1,"app_id_value":"ca-app-pub-3228663599583295~3667358949","app_label":"Alien Ringtone","report_date":"2026-01-02"} []
[2026-01-02T15:49:52.530549+00:00] admob_service_verbose.INFO: saveStatistic: upserted statistic row {"stat_id":291599,"app_id":12391,"panel_id":13,"user_id":33,"report_date":"2026-01-02","currency":"TRY","estimated_earnings":20564455.0,"ad_requests":51,"impression_rpm":514.1113838844802,"clicks":2,"impressions":40,"impression_ctr":0.05,"matched_requests":50,"show_rate":0.8,"match_rate":0.9803921568627451,"delta_earnings":0.0,"delta_impressions":0,"delta_clicks":0} []
[2026-01-02T15:49:52.530626+00:00] admob_service_verbose.INFO: saveStatistic: processing row {"key":2,"app_id_value":"ca-app-pub-3228663599583295~3725416305","app_label":"Ringtones and sms for Htc","report_date":"2026-01-02"} []
[2026-01-02T15:49:53.161617+00:00] admob_service_verbose.INFO: saveStatistic: upserted statistic row {"stat_id":291600,"app_id":12399,"panel_id":13,"user_id":33,"report_date":"2026-01-02","currency":"TRY","estimated_earnings":3774205.0,"ad_requests":28,"impression_rpm":222.01211742822898,"clicks":2,"impressions":17,"impression_ctr":0.11764705882352941,"matched_requests":25,"show_rate":0.68,"match_rate":0.8928571428571429,"delta_earnings":0.0,"delta_impressions":0,"delta_clicks":0} []
[2026-01-02T15:49:53.161695+00:00] admob_service_verbose.INFO: saveStatistic: processing row {"key":3,"app_id_value":"ca-app-pub-3228663599583295~3771300720","app_label":"Water Sounds Ringtones sms","report_date":"2026-01-02"} []
[2026-01-02T15:49:53.785789+00:00] admob_service_verbose.INFO: saveStatistic: upserted statistic row {"stat_id":291601,"app_id":12405,"panel_id":13,"user_id":33,"report_date":"2026-01-02","currency":"TRY","estimated_earnings":993332.0,"ad_requests":66,"impression_rpm":28.380932892104703,"clicks":3,"impressions":35,"impression_ctr":0.08571428571428572,"matched_requests":61,"show_rate":0.5737704918032787,"match_rate":0.9242424242424242,"delta_earnings":0.0,"delta_impressions":0,"delta_clicks":0} []
[2026-01-02T15:49:53.786008+00:00] admob_service_verbose.INFO: saveStatistic: completed {"timestamp":"2026-01-02 15:49:53"} []
[2026-01-02T15:49:55.482971+00:00] admob_service_verbose.INFO: saveStatistic: entry {"items_count":3} []
[2026-01-02T15:49:55.483315+00:00] admob_service_verbose.INFO: saveStatistic: raw header {"header":{"dateRange":{"startDate":{"year":2026,"month":1,"day":2},"endDate":{"year":2026,"month":1,"day":2}},"localizationSettings":{"currencyCode":"TRY"}}} []
[2026-01-02T15:49:55.483384+00:00] admob_service_verbose.INFO: saveStatistic: extracted report date from header {"report_date":"2026-01-02"} []
[2026-01-02T15:49:55.483406+00:00] admob_service_verbose.INFO: saveStatistic: processing row {"key":1,"app_id_value":"ca-app-pub-3228663599583295~3831257896","app_label":"Dog Sounds-Barking-Wallpaper","report_date":"2026-01-02"} []
[2026-01-02T15:49:56.125486+00:00] admob_service_verbose.INFO: saveStatistic: upserted statistic row {"stat_id":291602,"app_id":12414,"panel_id":13,"user_id":33,"report_date":"2026-01-02","currency":"TRY","estimated_earnings":91900.0,"ad_requests":24,"impression_rpm":11.487598715277297,"clicks":0,"impressions":8,"impression_ctr":0.0,"matched_requests":16,"show_rate":0.5,"match_rate":0.6666666666666666,"delta_earnings":0.0,"delta_impressions":0,"delta_clicks":0} []
[2026-01-02T15:49:56.125669+00:00] admob_service_verbose.INFO: saveStatistic: completed {"timestamp":"2026-01-02 15:49:56"} []
[2026-01-02T15:49:57.742354+00:00] admob_service_verbose.INFO: saveStatistic: entry {"items_count":3} []
[2026-01-02T15:49:57.742392+00:00] admob_service_verbose.INFO: saveStatistic: raw header {"header":{"dateRange":{"startDate":{"year":2026,"month":1,"day":2},"endDate":{"year":2026,"month":1,"day":2}},"localizationSettings":{"currencyCode":"TRY"}}} []
[2026-01-02T15:49:57.742484+00:00] admob_service_verbose.INFO: saveStatistic: extracted report date from header {"report_date":"2026-01-02"} []
[2026-01-02T15:49:57.742519+00:00] admob_service_verbose.INFO: saveStatistic: processing row {"key":1,"app_id_value":"ca-app-pub-3228663599583295~4096703973","app_label":"Ringtones and sms for Motorola","report_date":"2026-01-02"} []
[2026-01-02T15:49:58.397099+00:00] admob_service_verbose.INFO: saveStatistic: upserted statistic row {"stat_id":291603,"app_id":12439,"panel_id":13,"user_id":33,"report_date":"2026-01-02","currency":"TRY","estimated_earnings":14982448.0,"ad_requests":447,"impression_rpm":46.966923290936194,"clicks":14,"impressions":319,"impression_ctr":0.0438871473354232,"matched_requests":386,"show_rate":0.8264248704663213,"match_rate":0.8635346756152126,"delta_earnings":20068.0,"delta_impressions":4,"delta_clicks":0} []
[2026-01-02T15:49:58.397179+00:00] admob_service_verbose.INFO: saveStatistic: completed {"timestamp":"2026-01-02 15:49:58"} []
[2026-01-02T15:50:00.115832+00:00] admob_service_verbose.INFO: saveStatistic: entry {"items_count":4} []
[2026-01-02T15:50:00.115856+00:00] admob_service_verbose.INFO: saveStatistic: raw header {"header":{"dateRange":{"startDate":{"year":2026,"month":1,"day":2},"endDate":{"year":2026,"month":1,"day":2}},"localizationSettings":{"currencyCode":"TRY"}}} []
[2026-01-02T15:50:00.115919+00:00] admob_service_verbose.INFO: saveStatistic: extracted report date from header {"report_date":"2026-01-02"} []
[2026-01-02T15:50:00.115939+00:00] admob_service_verbose.INFO: saveStatistic: processing row {"key":1,"app_id_value":"ca-app-pub-3228663599583295~4597582643","app_label":"Very Loud Ringtone","report_date":"2026-01-02"} []
[2026-01-02T15:50:00.801122+00:00] admob_service_verbose.INFO: saveStatistic: upserted statistic row {"stat_id":291604,"app_id":12487,"panel_id":13,"user_id":33,"report_date":"2026-01-02","currency":"TRY","estimated_earnings":267215.0,"ad_requests":4,"impression_rpm":66.80379525824856,"clicks":0,"impressions":4,"impression_ctr":0.0,"matched_requests":4,"show_rate":1.0,"match_rate":1.0,"delta_earnings":0.0,"delta_impressions":0,"delta_clicks":0} []
[2026-01-02T15:50:00.801195+00:00] admob_service_verbose.INFO: saveStatistic: processing row {"key":2,"app_id_value":"ca-app-pub-3228663599583295~4711232904","app_label":"Ringtones and sms for LG","report_date":"2026-01-02"} []
[2026-01-02T15:50:01.459457+00:00] admob_service_verbose.INFO: saveStatistic: upserted statistic row {"stat_id":291605,"app_id":12495,"panel_id":13,"user_id":33,"report_date":"2026-01-02","currency":"TRY","estimated_earnings":15884371.0,"ad_requests":198,"impression_rpm":105.89580704914047,"clicks":7,"impressions":150,"impression_ctr":0.04666666666666667,"matched_requests":182,"show_rate":0.8241758241758241,"match_rate":0.9191919191919192,"delta_earnings":0.0,"delta_impressions":0,"delta_clicks":0} []
[2026-01-02T15:50:01.459580+00:00] admob_service_verbose.INFO: saveStatistic: completed {"timestamp":"2026-01-02 15:50:01"} []
[2026-01-02T15:50:03.038336+00:00] admob_service_verbose.INFO: saveStatistic: entry {"items_count":4} []
[2026-01-02T15:50:03.038375+00:00] admob_service_verbose.INFO: saveStatistic: raw header {"header":{"dateRange":{"startDate":{"year":2026,"month":1,"day":2},"endDate":{"year":2026,"month":1,"day":2}},"localizationSettings":{"currencyCode":"TRY"}}} []
[2026-01-02T15:50:03.038438+00:00] admob_service_verbose.INFO: saveStatistic: extracted report date from header {"report_date":"2026-01-02"} []
[2026-01-02T15:50:03.038459+00:00] admob_service_verbose.INFO: saveStatistic: processing row {"key":1,"app_id_value":"ca-app-pub-3228663599583295~4909136236","app_label":"Charbarg (Pasur 11)","report_date":"2026-01-02"} []
[2026-01-02T15:50:03.737027+00:00] admob_service_verbose.INFO: saveStatistic: upserted statistic row {"stat_id":291606,"app_id":12507,"panel_id":13,"user_id":43,"report_date":"2026-01-02","currency":"TRY","estimated_earnings":349249861.0,"ad_requests":15112,"impression_rpm":51.809799982595386,"clicks":727,"impressions":6741,"impression_ctr":0.10784750037086485,"matched_requests":10037,"show_rate":0.6716150244096841,"match_rate":0.6641741662255162,"delta_earnings":8086293.0,"delta_impressions":147,"delta_clicks":9} []
[2026-01-02T15:50:03.737095+00:00] admob_service_verbose.INFO: saveStatistic: processing row {"key":2,"app_id_value":"ca-app-pub-3228663599583295~4998722104","app_label":"Ringtones and sms for Xiaomi","report_date":"2026-01-02"} []
[2026-01-02T15:50:04.382609+00:00] admob_service_verbose.INFO: saveStatistic: upserted statistic row {"stat_id":291607,"app_id":12512,"panel_id":13,"user_id":33,"report_date":"2026-01-02","currency":"TRY","estimated_earnings":22459396.0,"ad_requests":862,"impression_rpm":38.99200828451135,"clicks":25,"impressions":576,"impression_ctr":0.043402777777777776,"matched_requests":762,"show_rate":0.7559055118110236,"match_rate":0.8839907192575406,"delta_earnings":46163.0,"delta_impressions":12,"delta_clicks":3} []
[2026-01-02T15:50:04.382701+00:00] admob_service_verbose.INFO: saveStatistic: completed {"timestamp":"2026-01-02 15:50:04"} []
[2026-01-02T15:50:05.989046+00:00] admob_service_verbose.INFO: saveStatistic: entry {"items_count":3} []
[2026-01-02T15:50:05.989068+00:00] admob_service_verbose.INFO: saveStatistic: raw header {"header":{"dateRange":{"startDate":{"year":2026,"month":1,"day":2},"endDate":{"year":2026,"month":1,"day":2}},"localizationSettings":{"currencyCode":"TRY"}}} []
[2026-01-02T15:50:05.989133+00:00] admob_service_verbose.INFO: saveStatistic: extracted report date from header {"report_date":"2026-01-02"} []
[2026-01-02T15:50:05.989153+00:00] admob_service_verbose.INFO: saveStatistic: processing row {"key":1,"app_id_value":"ca-app-pub-3228663599583295~5240653193","app_label":"Giti VPN","report_date":"2026-01-02"} []
[2026-01-02T15:50:06.750198+00:00] admob_service_verbose.INFO: saveStatistic: upserted statistic row {"stat_id":291608,"app_id":12536,"panel_id":13,"user_id":35,"report_date":"2026-01-02","currency":"TRY","estimated_earnings":3977904986.0,"ad_requests":140207,"impression_rpm":43.26584425856056,"clicks":2282,"impressions":91941,"impression_ctr":0.024820265170054708,"matched_requests":139382,"show_rate":0.6596332381512677,"match_rate":0.994115843003559,"delta_earnings":38671867.0,"delta_impressions":1264,"delta_clicks":26} []
[2026-01-02T15:50:06.750344+00:00] admob_service_verbose.INFO: saveStatistic: completed {"timestamp":"2026-01-02 15:50:06"} []
[2026-01-02T15:50:08.339816+00:00] admob_service_verbose.INFO: saveStatistic: entry {"items_count":2} []
[2026-01-02T15:50:08.339844+00:00] admob_service_verbose.INFO: saveStatistic: raw header {"header":{"dateRange":{"startDate":{"year":2026,"month":1,"day":2},"endDate":{"year":2026,"month":1,"day":2}},"localizationSettings":{"currencyCode":"TRY"}}} []
[2026-01-02T15:50:08.339920+00:00] admob_service_verbose.INFO: saveStatistic: extracted report date from header {"report_date":"2026-01-02"} []
[2026-01-02T15:50:08.339982+00:00] admob_service_verbose.INFO: saveStatistic: completed {"timestamp":"2026-01-02 15:50:08"} []
[2026-01-02T15:50:09.920964+00:00] admob_service_verbose.INFO: saveStatistic: entry {"items_count":3} []
[2026-01-02T15:50:09.921003+00:00] admob_service_verbose.INFO: saveStatistic: raw header {"header":{"dateRange":{"startDate":{"year":2026,"month":1,"day":2},"endDate":{"year":2026,"month":1,"day":2}},"localizationSettings":{"currencyCode":"TRY"}}} []
[2026-01-02T15:50:09.921068+00:00] admob_service_verbose.INFO: saveStatistic: extracted report date from header {"report_date":"2026-01-02"} []
[2026-01-02T15:50:09.921089+00:00] admob_service_verbose.INFO: saveStatistic: processing row {"key":1,"app_id_value":"ca-app-pub-3228663599583295~5906509479","app_label":"Ringtones and sms for Oppo","report_date":"2026-01-02"} []
[2026-01-02T15:50:10.746643+00:00] admob_service_verbose.INFO: saveStatistic: upserted statistic row {"stat_id":291609,"app_id":12600,"panel_id":13,"user_id":33,"report_date":"2026-01-02","currency":"TRY","estimated_earnings":18454718.0,"ad_requests":1026,"impression_rpm":24.804728559168282,"clicks":54,"impressions":744,"impression_ctr":0.07258064516129033,"matched_requests":944,"show_rate":0.788135593220339,"match_rate":0.9200779727095516,"delta_earnings":276490.0,"delta_impressions":24,"delta_clicks":5} []
[2026-01-02T15:50:10.746727+00:00] admob_service_verbose.INFO: saveStatistic: completed {"timestamp":"2026-01-02 15:50:10"} []
[2026-01-02T15:50:12.430205+00:00] admob_service_verbose.INFO: saveStatistic: entry {"items_count":3} []
[2026-01-02T15:50:12.430229+00:00] admob_service_verbose.INFO: saveStatistic: raw header {"header":{"dateRange":{"startDate":{"year":2026,"month":1,"day":2},"endDate":{"year":2026,"month":1,"day":2}},"localizationSettings":{"currencyCode":"TRY"}}} []
[2026-01-02T15:50:12.430308+00:00] admob_service_verbose.INFO: saveStatistic: extracted report date from header {"report_date":"2026-01-02"} []
[2026-01-02T15:50:12.430330+00:00] admob_service_verbose.INFO: saveStatistic: processing row {"key":1,"app_id_value":"ca-app-pub-3228663599583295~6154206893","app_label":"Cat Sounds wallpapers,sms","report_date":"2026-01-02"} []
[2026-01-02T15:50:13.087947+00:00] admob_service_verbose.INFO: saveStatistic: upserted statistic row {"stat_id":291610,"app_id":12623,"panel_id":13,"user_id":33,"report_date":"2026-01-02","currency":"TRY","estimated_earnings":24795672.0,"ad_requests":18,"impression_rpm":1907.3594219729857,"clicks":2,"impressions":13,"impression_ctr":0.15384615384615385,"matched_requests":17,"show_rate":0.7647058823529411,"match_rate":0.9444444444444444,"delta_earnings":0.0,"delta_impressions":0,"delta_clicks":0} []
[2026-01-02T15:50:13.088072+00:00] admob_service_verbose.INFO: saveStatistic: completed {"timestamp":"2026-01-02 15:50:13"} []
[2026-01-02T15:50:14.651188+00:00] admob_service_verbose.INFO: saveStatistic: entry {"items_count":4} []
[2026-01-02T15:50:14.651213+00:00] admob_service_verbose.INFO: saveStatistic: raw header {"header":{"dateRange":{"startDate":{"year":2026,"month":1,"day":2},"endDate":{"year":2026,"month":1,"day":2}},"localizationSettings":{"currencyCode":"TRY"}}} []
[2026-01-02T15:50:14.651295+00:00] admob_service_verbose.INFO: saveStatistic: extracted report date from header {"report_date":"2026-01-02"} []
[2026-01-02T15:50:14.651320+00:00] admob_service_verbose.INFO: saveStatistic: processing row {"key":1,"app_id_value":"ca-app-pub-3228663599583295~6508014394","app_label":"Rock Climber 3D","report_date":"2026-01-02"} []
[2026-01-02T15:50:15.390673+00:00] admob_service_verbose.INFO: saveStatistic: upserted statistic row {"stat_id":291611,"app_id":12652,"panel_id":13,"user_id":7,"report_date":"2026-01-02","currency":"TRY","estimated_earnings":1572474.0,"ad_requests":32,"impression_rpm":56.15981576406649,"clicks":1,"impressions":28,"impression_ctr":0.03571428571428571,"matched_requests":32,"show_rate":0.875,"match_rate":1.0,"delta_earnings":0.0,"delta_impressions":0,"delta_clicks":0} []
[2026-01-02T15:50:15.390755+00:00] admob_service_verbose.INFO: saveStatistic: processing row {"key":2,"app_id_value":"ca-app-pub-3228663599583295~6676913081","app_label":"Animals Ringtone","report_date":"2026-01-02"} []
[2026-01-02T15:50:16.090788+00:00] admob_service_verbose.INFO: saveStatistic: upserted statistic row {"stat_id":291612,"app_id":12673,"panel_id":13,"user_id":33,"report_date":"2026-01-02","currency":"TRY","estimated_earnings":246356.0,"ad_requests":22,"impression_rpm":17.596909640716497,"clicks":2,"impressions":14,"impression_ctr":0.14285714285714285,"matched_requests":19,"show_rate":0.7368421052631579,"match_rate":0.8636363636363636,"delta_earnings":0.0,"delta_impressions":0,"delta_clicks":0} []
[2026-01-02T15:50:16.090917+00:00] admob_service_verbose.INFO: saveStatistic: completed {"timestamp":"2026-01-02 15:50:16"} []
[2026-01-02T15:50:17.732502+00:00] admob_service_verbose.INFO: saveStatistic: entry {"items_count":4} []
[2026-01-02T15:50:17.732883+00:00] admob_service_verbose.INFO: saveStatistic: raw header {"header":{"dateRange":{"startDate":{"year":2026,"month":1,"day":2},"endDate":{"year":2026,"month":1,"day":2}},"localizationSettings":{"currencyCode":"TRY"}}} []
[2026-01-02T15:50:17.732958+00:00] admob_service_verbose.INFO: saveStatistic: extracted report date from header {"report_date":"2026-01-02"} []
[2026-01-02T15:50:17.732980+00:00] admob_service_verbose.INFO: saveStatistic: processing row {"key":1,"app_id_value":"ca-app-pub-3228663599583295~6780607444","app_label":"beep sound Ringtone","report_date":"2026-01-02"} []
[2026-01-02T15:50:18.530254+00:00] admob_service_verbose.INFO: saveStatistic: upserted statistic row {"stat_id":291613,"app_id":12684,"panel_id":13,"user_id":33,"report_date":"2026-01-02","currency":"TRY","estimated_earnings":6070264.0,"ad_requests":7,"impression_rpm":3035.1322224174924,"clicks":0,"impressions":2,"impression_ctr":0.0,"matched_requests":6,"show_rate":0.3333333333333333,"match_rate":0.8571428571428571,"delta_earnings":0.0,"delta_impressions":0,"delta_clicks":0} []
[2026-01-02T15:50:18.530366+00:00] admob_service_verbose.INFO: saveStatistic: processing row {"key":2,"app_id_value":"ca-app-pub-3228663599583295~6898374557","app_label":"Ringtones and sms for Huawei","report_date":"2026-01-02"} []
[2026-01-02T15:50:19.243928+00:00] admob_service_verbose.INFO: saveStatistic: upserted statistic row {"stat_id":291614,"app_id":12702,"panel_id":13,"user_id":33,"report_date":"2026-01-02","currency":"TRY","estimated_earnings":17461827.0,"ad_requests":708,"impression_rpm":38.97729280396909,"clicks":23,"impressions":448,"impression_ctr":0.05133928571428571,"matched_requests":598,"show_rate":0.7491638795986622,"match_rate":0.844632768361582,"delta_earnings":589029.0,"delta_impressions":38,"delta_clicks":0} []
[2026-01-02T15:50:19.244023+00:00] admob_service_verbose.INFO: saveStatistic: completed {"timestamp":"2026-01-02 15:50:19"} []
[2026-01-02T15:50:20.832128+00:00] admob_service_verbose.INFO: saveStatistic: entry {"items_count":2} []
[2026-01-02T15:50:20.832153+00:00] admob_service_verbose.INFO: saveStatistic: raw header {"header":{"dateRange":{"startDate":{"year":2026,"month":1,"day":2},"endDate":{"year":2026,"month":1,"day":2}},"localizationSettings":{"currencyCode":"TRY"}}} []
[2026-01-02T15:50:20.832221+00:00] admob_service_verbose.INFO: saveStatistic: extracted report date from header {"report_date":"2026-01-02"} []
[2026-01-02T15:50:20.832274+00:00] admob_service_verbose.INFO: saveStatistic: completed {"timestamp":"2026-01-02 15:50:20"} []
[2026-01-02T15:50:22.346502+00:00] admob_service_verbose.INFO: saveStatistic: entry {"items_count":4} []
[2026-01-02T15:50:22.346534+00:00] admob_service_verbose.INFO: saveStatistic: raw header {"header":{"dateRange":{"startDate":{"year":2026,"month":1,"day":2},"endDate":{"year":2026,"month":1,"day":2}},"localizationSettings":{"currencyCode":"TRY"}}} []
[2026-01-02T15:50:22.346616+00:00] admob_service_verbose.INFO: saveStatistic: extracted report date from header {"report_date":"2026-01-02"} []
[2026-01-02T15:50:22.346641+00:00] admob_service_verbose.INFO: saveStatistic: processing row {"key":1,"app_id_value":"ca-app-pub-3228663599583295~7493556335","app_label":"Siren Ringtone","report_date":"2026-01-02"} []
[2026-01-02T15:50:23.090508+00:00] admob_service_verbose.INFO: saveStatistic: upserted statistic row {"stat_id":291615,"app_id":12751,"panel_id":13,"user_id":33,"report_date":"2026-01-02","currency":"TRY","estimated_earnings":112200.0,"ad_requests":15,"impression_rpm":18.700007302516354,"clicks":0,"impressions":6,"impression_ctr":0.0,"matched_requests":9,"show_rate":0.6666666666666666,"match_rate":0.6,"delta_earnings":0.0,"delta_impressions":0,"delta_clicks":0} []
[2026-01-02T15:50:23.090584+00:00] admob_service_verbose.INFO: saveStatistic: processing row {"key":2,"app_id_value":"ca-app-pub-3228663599583295~7606889364","app_label":"Ringtones and sms for samsung","report_date":"2026-01-02"} []
[2026-01-02T15:50:23.747961+00:00] admob_service_verbose.INFO: saveStatistic: upserted statistic row {"stat_id":291616,"app_id":12767,"panel_id":13,"user_id":33,"report_date":"2026-01-02","currency":"TRY","estimated_earnings":58913176.0,"ad_requests":2281,"impression_rpm":33.68392050707933,"clicks":99,"impressions":1749,"impression_ctr":0.05660377358490566,"matched_requests":2142,"show_rate":0.8165266106442577,"match_rate":0.9390618149934239,"delta_earnings":110232.0,"delta_impressions":16,"delta_clicks":0} []
[2026-01-02T15:50:23.748066+00:00] admob_service_verbose.INFO: saveStatistic: completed {"timestamp":"2026-01-02 15:50:23"} []
[2026-01-02T15:50:25.319968+00:00] admob_service_verbose.INFO: saveStatistic: entry {"items_count":2} []
[2026-01-02T15:50:25.319991+00:00] admob_service_verbose.INFO: saveStatistic: raw header {"header":{"dateRange":{"startDate":{"year":2026,"month":1,"day":2},"endDate":{"year":2026,"month":1,"day":2}},"localizationSettings":{"currencyCode":"TRY"}}} []
[2026-01-02T15:50:25.320055+00:00] admob_service_verbose.INFO: saveStatistic: extracted report date from header {"report_date":"2026-01-02"} []
[2026-01-02T15:50:25.320107+00:00] admob_service_verbose.INFO: saveStatistic: completed {"timestamp":"2026-01-02 15:50:25"} []
[2026-01-02T15:50:26.916512+00:00] admob_service_verbose.INFO: saveStatistic: entry {"items_count":4} []
[2026-01-02T15:50:26.916536+00:00] admob_service_verbose.INFO: saveStatistic: raw header {"header":{"dateRange":{"startDate":{"year":2026,"month":1,"day":2},"endDate":{"year":2026,"month":1,"day":2}},"localizationSettings":{"currencyCode":"TRY"}}} []
[2026-01-02T15:50:26.916600+00:00] admob_service_verbose.INFO: saveStatistic: extracted report date from header {"report_date":"2026-01-02"} []
[2026-01-02T15:50:26.916622+00:00] admob_service_verbose.INFO: saveStatistic: processing row {"key":1,"app_id_value":"ca-app-pub-3228663599583295~8087299077","app_label":"Hokm","report_date":"2026-01-02"} []
[2026-01-02T15:50:27.610954+00:00] admob_service_verbose.INFO: saveStatistic: upserted statistic row {"stat_id":291617,"app_id":12805,"panel_id":13,"user_id":43,"report_date":"2026-01-02","currency":"TRY","estimated_earnings":313435563.0,"ad_requests":9595,"impression_rpm":52.61634437821085,"clicks":367,"impressions":5957,"impression_ctr":0.06160819204297465,"matched_requests":8995,"show_rate":0.6622568093385214,"match_rate":0.9374674309536217,"delta_earnings":7394522.0,"delta_impressions":182,"delta_clicks":4} []
[2026-01-02T15:50:27.611057+00:00] admob_service_verbose.INFO: saveStatistic: processing row {"key":2,"app_id_value":"ca-app-pub-3228663599583295~8267334539","app_label":"Ringtones and sms for Nokia","report_date":"2026-01-02"} []
[2026-01-02T15:50:28.270897+00:00] admob_service_verbose.INFO: saveStatistic: upserted statistic row {"stat_id":291618,"app_id":12827,"panel_id":13,"user_id":33,"report_date":"2026-01-02","currency":"TRY","estimated_earnings":16845014.0,"ad_requests":386,"impression_rpm":58.8986535056149,"clicks":19,"impressions":286,"impression_ctr":0.06643356643356643,"matched_requests":342,"show_rate":0.8362573099415205,"match_rate":0.8860103626943006,"delta_earnings":0.0,"delta_impressions":0,"delta_clicks":0} []
[2026-01-02T15:50:28.271086+00:00] admob_service_verbose.INFO: saveStatistic: completed {"timestamp":"2026-01-02 15:50:28"} []
[2026-01-02T15:50:29.943578+00:00] admob_service_verbose.INFO: saveStatistic: entry {"items_count":4} []
[2026-01-02T15:50:29.943607+00:00] admob_service_verbose.INFO: saveStatistic: raw header {"header":{"dateRange":{"startDate":{"year":2026,"month":1,"day":2},"endDate":{"year":2026,"month":1,"day":2}},"localizationSettings":{"currencyCode":"TRY"}}} []
[2026-01-02T15:50:29.943701+00:00] admob_service_verbose.INFO: saveStatistic: extracted report date from header {"report_date":"2026-01-02"} []
[2026-01-02T15:50:29.943727+00:00] admob_service_verbose.INFO: saveStatistic: processing row {"key":1,"app_id_value":"ca-app-pub-3228663599583295~8528379329","app_label":"Ringtone For IPhone 14 Pro Max","report_date":"2026-01-02"} []
[2026-01-02T15:50:30.711623+00:00] admob_service_verbose.INFO: saveStatistic: upserted statistic row {"stat_id":291619,"app_id":12855,"panel_id":13,"user_id":33,"report_date":"2026-01-02","currency":"TRY","estimated_earnings":13120077.0,"ad_requests":252,"impression_rpm":88.64916957762978,"clicks":5,"impressions":148,"impression_ctr":0.033783783783783786,"matched_requests":203,"show_rate":0.729064039408867,"match_rate":0.8055555555555556,"delta_earnings":44565.0,"delta_impressions":2,"delta_clicks":0} []
[2026-01-02T15:50:30.711714+00:00] admob_service_verbose.INFO: saveStatistic: processing row {"key":2,"app_id_value":"ca-app-pub-3228663599583295~8532920239","app_label":"Police Ringtones","report_date":"2026-01-02"} []
[2026-01-02T15:50:31.402621+00:00] admob_service_verbose.INFO: saveStatistic: upserted statistic row {"stat_id":291620,"app_id":12857,"panel_id":13,"user_id":33,"report_date":"2026-01-02","currency":"TRY","estimated_earnings":36524010.0,"ad_requests":368,"impression_rpm":145.51398482860336,"clicks":18,"impressions":251,"impression_ctr":0.07171314741035857,"matched_requests":331,"show_rate":0.7583081570996979,"match_rate":0.8994565217391305,"delta_earnings":252150.0,"delta_impressions":4,"delta_clicks":0} []
[2026-01-02T15:50:31.402714+00:00] admob_service_verbose.INFO: saveStatistic: completed {"timestamp":"2026-01-02 15:50:31"} []
[2026-01-02T15:50:33.020601+00:00] admob_service_verbose.INFO: saveStatistic: entry {"items_count":3} []
[2026-01-02T15:50:33.020629+00:00] admob_service_verbose.INFO: saveStatistic: raw header {"header":{"dateRange":{"startDate":{"year":2026,"month":1,"day":2},"endDate":{"year":2026,"month":1,"day":2}},"localizationSettings":{"currencyCode":"TRY"}}} []
[2026-01-02T15:50:33.020702+00:00] admob_service_verbose.INFO: saveStatistic: extracted report date from header {"report_date":"2026-01-02"} []
[2026-01-02T15:50:33.020725+00:00] admob_service_verbose.INFO: saveStatistic: processing row {"key":1,"app_id_value":"ca-app-pub-3228663599583295~8764218087","app_label":"Yara VPN","report_date":"2026-01-02"} []
[2026-01-02T15:50:33.655466+00:00] admob_service_verbose.INFO: saveStatistic: upserted statistic row {"stat_id":291621,"app_id":12875,"panel_id":13,"user_id":10,"report_date":"2026-01-02","currency":"TRY","estimated_earnings":154402543.0,"ad_requests":6549,"impression_rpm":47.93621330813228,"clicks":90,"impressions":3221,"impression_ctr":0.027941633033219497,"matched_requests":6424,"show_rate":0.5014009962640099,"match_rate":0.9809131165063368,"delta_earnings":1672710.0,"delta_impressions":43,"delta_clicks":1} []
[2026-01-02T15:50:33.655542+00:00] admob_service_verbose.INFO: saveStatistic: completed {"timestamp":"2026-01-02 15:50:33"} []
[2026-01-02T15:50:35.373069+00:00] admob_service_verbose.INFO: saveStatistic: entry {"items_count":4} []
[2026-01-02T15:50:35.373099+00:00] admob_service_verbose.INFO: saveStatistic: raw header {"header":{"dateRange":{"startDate":{"year":2026,"month":1,"day":2},"endDate":{"year":2026,"month":1,"day":2}},"localizationSettings":{"currencyCode":"TRY"}}} []
[2026-01-02T15:50:35.373174+00:00] admob_service_verbose.INFO: saveStatistic: extracted report date from header {"report_date":"2026-01-02"} []
[2026-01-02T15:50:35.373203+00:00] admob_service_verbose.INFO: saveStatistic: processing row {"key":1,"app_id_value":"ca-app-pub-3228663599583295~9051174456","app_label":"Asgar VPN","report_date":"2026-01-02"} []
[2026-01-02T15:50:35.995383+00:00] admob_service_verbose.INFO: saveStatistic: upserted statistic row {"stat_id":291622,"app_id":12902,"panel_id":13,"user_id":80,"report_date":"2026-01-02","currency":"TRY","estimated_earnings":912292509.0,"ad_requests":26852,"impression_rpm":40.91181259398273,"clicks":504,"impressions":22299,"impression_ctr":0.022601910399569488,"matched_requests":26729,"show_rate":0.834262411612855,"match_rate":0.9954193356174587,"delta_earnings":13882302.0,"delta_impressions":468,"delta_clicks":9} []
[2026-01-02T15:50:35.995489+00:00] admob_service_verbose.INFO: saveStatistic: processing row {"key":2,"app_id_value":"ca-app-pub-3228663599583295~9229568580","app_label":"Raytunnel فیلترشکن قوی امن","report_date":"2026-01-02"} []
[2026-01-02T15:50:36.652034+00:00] admob_service_verbose.INFO: saveStatistic: upserted statistic row {"stat_id":291623,"app_id":12916,"panel_id":13,"user_id":53,"report_date":"2026-01-02","currency":"TRY","estimated_earnings":12273117452.0,"ad_requests":344235,"impression_rpm":48.38698753231147,"clicks":6990,"impressions":253645,"impression_ctr":0.02755820142324903,"matched_requests":342749,"show_rate":0.7400313348835446,"match_rate":0.9956831815474894,"delta_earnings":199099407.0,"delta_impressions":5278,"delta_clicks":89} []
[2026-01-02T15:50:36.652137+00:00] admob_service_verbose.INFO: saveStatistic: completed {"timestamp":"2026-01-02 15:50:36"} []
[2026-01-02T15:50:38.251778+00:00] admob_service_verbose.INFO: saveStatistic: entry {"items_count":2} []
[2026-01-02T15:50:38.251803+00:00] admob_service_verbose.INFO: saveStatistic: raw header {"header":{"dateRange":{"startDate":{"year":2026,"month":1,"day":2},"endDate":{"year":2026,"month":1,"day":2}},"localizationSettings":{"currencyCode":"TRY"}}} []
[2026-01-02T15:50:38.251867+00:00] admob_service_verbose.INFO: saveStatistic: extracted report date from header {"report_date":"2026-01-02"} []
[2026-01-02T15:50:38.251918+00:00] admob_service_verbose.INFO: saveStatistic: completed {"timestamp":"2026-01-02 15:50:38"} []
[2026-01-02T15:50:39.820834+00:00] admob_service_verbose.INFO: saveStatistic: entry {"items_count":3} []
[2026-01-02T15:50:39.820855+00:00] admob_service_verbose.INFO: saveStatistic: raw header {"header":{"dateRange":{"startDate":{"year":2026,"month":1,"day":2},"endDate":{"year":2026,"month":1,"day":2}},"localizationSettings":{"currencyCode":"TRY"}}} []
[2026-01-02T15:50:39.820914+00:00] admob_service_verbose.INFO: saveStatistic: extracted report date from header {"report_date":"2026-01-02"} []
[2026-01-02T15:50:39.820933+00:00] admob_service_verbose.INFO: saveStatistic: processing row {"key":1,"app_id_value":"ca-app-pub-3228663599583295~9745661642","app_label":"فیلتر شکن قوی پرسرعت Mouse VPN","report_date":"2026-01-02"} []
[2026-01-02T15:50:40.484657+00:00] admob_service_verbose.INFO: saveStatistic: upserted statistic row {"stat_id":291624,"app_id":12969,"panel_id":13,"user_id":56,"report_date":"2026-01-02","currency":"TRY","estimated_earnings":2146531595.0,"ad_requests":259324,"impression_rpm":19.734047934004565,"clicks":3735,"impressions":108773,"impression_ctr":0.03433756538846956,"matched_requests":217483,"show_rate":0.500144838906949,"match_rate":0.8386535762212521,"delta_earnings":34133615.0,"delta_impressions":2012,"delta_clicks":41} []
[2026-01-02T15:50:40.484751+00:00] admob_service_verbose.INFO: saveStatistic: completed {"timestamp":"2026-01-02 15:50:40"} []
[2026-01-02T15:50:42.053053+00:00] admob_service_verbose.INFO: saveStatistic: entry {"items_count":2} []
[2026-01-02T15:50:42.053090+00:00] admob_service_verbose.INFO: saveStatistic: raw header {"header":{"dateRange":{"startDate":{"year":2026,"month":1,"day":2},"endDate":{"year":2026,"month":1,"day":2}},"localizationSettings":{"currencyCode":"TRY"}}} []
[2026-01-02T15:50:42.053182+00:00] admob_service_verbose.INFO: saveStatistic: extracted report date from header {"report_date":"2026-01-02"} []
[2026-01-02T15:50:42.053256+00:00] admob_service_verbose.INFO: saveStatistic: completed {"timestamp":"2026-01-02 15:50:42"} []
[2026-01-02T15:50:43.148173+00:00] admob_service_verbose.INFO: saveStatistic: entry {"items_count":4} []
[2026-01-02T15:50:43.148202+00:00] admob_service_verbose.INFO: saveStatistic: raw header {"header":{"dateRange":{"startDate":{"year":2026,"month":1,"day":2},"endDate":{"year":2026,"month":1,"day":2}},"localizationSettings":{"currencyCode":"TRY"}}} []
[2026-01-02T15:50:43.148264+00:00] admob_service_verbose.INFO: saveStatistic: extracted report date from header {"report_date":"2026-01-02"} []
[2026-01-02T15:50:43.148283+00:00] admob_service_verbose.INFO: saveStatistic: processing row {"key":1,"app_id_value":"ca-app-pub-3228663599583295~1541193321","app_label":"Shine VPN","report_date":"2026-01-02"} []
[2026-01-02T15:50:43.878374+00:00] admob_service_verbose.INFO: saveStatistic: upserted statistic row {"stat_id":291625,"app_id":31655,"panel_id":13,"user_id":129,"report_date":"2026-01-02","currency":"TRY","estimated_earnings":3579979206.0,"ad_requests":112694,"impression_rpm":50.07244050189645,"clicks":2322,"impressions":71496,"impression_ctr":0.0324773413897281,"matched_requests":101903,"show_rate":0.7016083922946331,"match_rate":0.9042451239640087,"delta_earnings":38753679.0,"delta_impressions":998,"delta_clicks":31} []
[2026-01-02T15:50:43.878459+00:00] admob_service_verbose.INFO: saveStatistic: processing row {"key":2,"app_id_value":"ca-app-pub-3228663599583295~2837233202","app_label":"Video Downloader & Story Saver","report_date":"2026-01-02"} []
[2026-01-02T15:50:44.576121+00:00] admob_service_verbose.INFO: saveStatistic: upserted statistic row {"stat_id":291626,"app_id":19392,"panel_id":13,"user_id":97,"report_date":"2026-01-02","currency":"TRY","estimated_earnings":433844235.0,"ad_requests":8288,"impression_rpm":76.30042824753026,"clicks":273,"impressions":5686,"impression_ctr":0.048012662680267326,"matched_requests":7437,"show_rate":0.764555600376496,"match_rate":0.8973214285714286,"delta_earnings":3280455.0,"delta_impressions":75,"delta_clicks":1} []
[2026-01-02T15:50:44.576226+00:00] admob_service_verbose.INFO: saveStatistic: completed {"timestamp":"2026-01-02 15:50:44"} []
[2026-01-02T15:50:46.247160+00:00] admob_service_verbose.INFO: saveStatistic: entry {"items_count":3} []
[2026-01-02T15:50:46.247182+00:00] admob_service_verbose.INFO: saveStatistic: raw header {"header":{"dateRange":{"startDate":{"year":2026,"month":1,"day":2},"endDate":{"year":2026,"month":1,"day":2}},"localizationSettings":{"currencyCode":"TRY"}}} []
[2026-01-02T15:50:46.247248+00:00] admob_service_verbose.INFO: saveStatistic: extracted report date from header {"report_date":"2026-01-02"} []
[2026-01-02T15:50:46.247268+00:00] admob_service_verbose.INFO: saveStatistic: processing row {"key":1,"app_id_value":"ca-app-pub-3228663599583295~3079250678","app_label":"تل فارسی طلایی","report_date":"2026-01-02"} []
[2026-01-02T15:50:46.880753+00:00] admob_service_verbose.INFO: saveStatistic: upserted statistic row {"stat_id":291627,"app_id":31665,"panel_id":13,"user_id":143,"report_date":"2026-01-02","currency":"TRY","estimated_earnings":328273413.0,"ad_requests":36719,"impression_rpm":20.0301064057255,"clicks":558,"impressions":16389,"impression_ctr":0.034047226798462386,"matched_requests":22945,"show_rate":0.7142732621486163,"match_rate":0.624880851875051,"delta_earnings":4445898.0,"delta_impressions":325,"delta_clicks":16} []
[2026-01-02T15:50:46.880830+00:00] admob_service_verbose.INFO: saveStatistic: completed {"timestamp":"2026-01-02 15:50:46"} []
[2026-01-02T15:50:48.507831+00:00] admob_service_verbose.INFO: saveStatistic: entry {"items_count":3} []
[2026-01-02T15:50:48.507852+00:00] admob_service_verbose.INFO: saveStatistic: raw header {"header":{"dateRange":{"startDate":{"year":2026,"month":1,"day":2},"endDate":{"year":2026,"month":1,"day":2}},"localizationSettings":{"currencyCode":"TRY"}}} []
[2026-01-02T15:50:48.507913+00:00] admob_service_verbose.INFO: saveStatistic: extracted report date from header {"report_date":"2026-01-02"} []
[2026-01-02T15:50:48.507965+00:00] admob_service_verbose.INFO: saveStatistic: processing row {"key":1,"app_id_value":"ca-app-pub-3228663599583295~7807093432","app_label":"فیلتر شکن پرسرعت قوی Dragon","report_date":"2026-01-02"} []
[2026-01-02T15:50:49.192394+00:00] admob_service_verbose.INFO: saveStatistic: upserted statistic row {"stat_id":291628,"app_id":1498930,"panel_id":13,"user_id":89,"report_date":"2026-01-02","currency":"TRY","estimated_earnings":677106639.0,"ad_requests":31184,"impression_rpm":46.1432901419065,"clicks":574,"impressions":14674,"impression_ctr":0.03911680523374676,"matched_requests":29923,"show_rate":0.49039200614911604,"match_rate":0.9595625962031811,"delta_earnings":7476057.0,"delta_impressions":164,"delta_clicks":3} []
[2026-01-02T15:50:49.192485+00:00] admob_service_verbose.INFO: saveStatistic: completed {"timestamp":"2026-01-02 15:50:49"} []
[2026-01-02T15:50:50.859369+00:00] admob_service_verbose.INFO: saveStatistic: entry {"items_count":13} []
[2026-01-02T15:50:50.859398+00:00] admob_service_verbose.INFO: saveStatistic: raw header {"header":{"dateRange":{"startDate":{"year":2026,"month":1,"day":2},"endDate":{"year":2026,"month":1,"day":2}},"localizationSettings":{"currencyCode":"TRY"}}} []
[2026-01-02T15:50:50.859470+00:00] admob_service_verbose.INFO: saveStatistic: extracted report date from header {"report_date":"2026-01-02"} []
[2026-01-02T15:50:50.859491+00:00] admob_service_verbose.INFO: saveStatistic: processing row {"key":1,"app_id_value":"ca-app-pub-3228663599583295~2522323841","app_label":"Flux VPN","report_date":"2026-01-02"} []
[2026-01-02T15:50:50.869367+00:00] admob_service_verbose.INFO: saveStatistic: upserted statistic row {"stat_id":291629,"app_id":17839083,"panel_id":13,"user_id":274,"report_date":"2026-01-02","currency":"TRY","estimated_earnings":8273199648.0,"ad_requests":354661,"impression_rpm":37.61502768000126,"clicks":9651,"impressions":219944,"impression_ctr":0.04387935110755465,"matched_requests":323308,"show_rate":0.6802924765239339,"match_rate":0.911597271760921,"delta_earnings":102805681.0,"delta_impressions":3063,"delta_clicks":66} []
[2026-01-02T15:50:50.869422+00:00] admob_service_verbose.INFO: saveStatistic: processing row {"key":2,"app_id_value":"ca-app-pub-3228663599583295~3308873745","app_label":"فیلتر شکن قوی پرسرعت Peach Vpn","report_date":"2026-01-02"} []
[2026-01-02T15:50:51.530551+00:00] admob_service_verbose.INFO: saveStatistic: upserted statistic row {"stat_id":291630,"app_id":7059896,"panel_id":13,"user_id":99,"report_date":"2026-01-02","currency":"TRY","estimated_earnings":5252543739.0,"ad_requests":292476,"impression_rpm":31.247657497020704,"clicks":6343,"impressions":168094,"impression_ctr":0.03773483884017276,"matched_requests":277026,"show_rate":0.6067805909914593,"match_rate":0.947175152833053,"delta_earnings":97049011.0,"delta_impressions":3324,"delta_clicks":95} []
[2026-01-02T15:50:51.530630+00:00] admob_service_verbose.INFO: saveStatistic: processing row {"key":3,"app_id_value":"ca-app-pub-3228663599583295~4114554846","app_label":"فیلتر شکن قوی پرسرعت Lemon Vpn","report_date":"2026-01-02"} []
[2026-01-02T15:50:51.539591+00:00] admob_service_verbose.INFO: saveStatistic: upserted statistic row {"stat_id":291631,"app_id":13737169,"panel_id":13,"user_id":99,"report_date":"2026-01-02","currency":"TRY","estimated_earnings":1501217037.0,"ad_requests":65291,"impression_rpm":32.54318311988888,"clicks":1860,"impressions":46130,"impression_ctr":0.04032083243008888,"matched_requests":63108,"show_rate":0.7309691322811688,"match_rate":0.9665650702240738,"delta_earnings":24044618.0,"delta_impressions":834,"delta_clicks":17} []
[2026-01-02T15:50:51.539657+00:00] admob_service_verbose.INFO: saveStatistic: processing row {"key":4,"app_id_value":"ca-app-pub-3228663599583295~4177891800","app_label":"jana vpn","report_date":"2026-01-02"} []
[2026-01-02T15:50:52.190178+00:00] admob_service_verbose.INFO: saveStatistic: upserted statistic row {"stat_id":291632,"app_id":10493626,"panel_id":13,"user_id":53,"report_date":"2026-01-02","currency":"TRY","estimated_earnings":4115833785.0,"ad_requests":110239,"impression_rpm":49.49711718339065,"clicks":1907,"impressions":83153,"impression_ctr":0.022933628371796567,"matched_requests":109924,"show_rate":0.7564590080419199,"match_rate":0.9971425720480048,"delta_earnings":55598228.0,"delta_impressions":1479,"delta_clicks":30} []
[2026-01-02T15:50:52.190310+00:00] admob_service_verbose.INFO: saveStatistic: processing row {"key":5,"app_id_value":"ca-app-pub-3228663599583295~4512104119","app_label":"فیلتر شکن قوی پرسرعت Tiger VPN","report_date":"2026-01-02"} []
[2026-01-02T15:50:52.199914+00:00] admob_service_verbose.INFO: saveStatistic: upserted statistic row {"stat_id":291633,"app_id":14044079,"panel_id":13,"user_id":89,"report_date":"2026-01-02","currency":"TRY","estimated_earnings":29899314534.0,"ad_requests":957197,"impression_rpm":52.05276170512005,"clicks":24023,"impressions":574404,"impression_ctr":0.0418224803448444,"matched_requests":946030,"show_rate":0.6071731340443749,"match_rate":0.9883336450072451,"delta_earnings":359491244.0,"delta_impressions":8515,"delta_clicks":303} []
[2026-01-02T15:50:52.200006+00:00] admob_service_verbose.INFO: saveStatistic: processing row {"key":6,"app_id_value":"ca-app-pub-3228663599583295~6057812006","app_label":"V2 VPN - Safe Proxy","report_date":"2026-01-02"} []
[2026-01-02T15:50:52.208733+00:00] admob_service_verbose.INFO: saveStatistic: upserted statistic row {"stat_id":291634,"app_id":15546595,"panel_id":13,"user_id":7,"report_date":"2026-01-02","currency":"TRY","estimated_earnings":4370977434.0,"ad_requests":145212,"impression_rpm":41.08988337866414,"clicks":2644,"impressions":106376,"impression_ctr":0.024855230503121006,"matched_requests":142070,"show_rate":0.7487576546772717,"match_rate":0.9783626697518112,"delta_earnings":53155539.0,"delta_impressions":1607,"delta_clicks":35} []
[2026-01-02T15:50:52.208824+00:00] admob_service_verbose.INFO: saveStatistic: processing row {"key":7,"app_id_value":"ca-app-pub-3228663599583295~6310799735","app_label":"V2 Box - Secure VPN","report_date":"2026-01-02"} []
[2026-01-02T15:50:52.217880+00:00] admob_service_verbose.INFO: saveStatistic: upserted statistic row {"stat_id":291635,"app_id":15817022,"panel_id":13,"user_id":7,"report_date":"2026-01-02","currency":"TRY","estimated_earnings":413562119.0,"ad_requests":13422,"impression_rpm":47.65089517560819,"clicks":292,"impressions":8679,"impression_ctr":0.03364442908169144,"matched_requests":12959,"show_rate":0.6697276024384597,"match_rate":0.9655043957681418,"delta_earnings":5417394.0,"delta_impressions":128,"delta_clicks":4} []
[2026-01-02T15:50:52.217951+00:00] admob_service_verbose.INFO: saveStatistic: processing row {"key":8,"app_id_value":"ca-app-pub-3228663599583295~7645820294","app_label":"فیلترشکن قوی پرسرعت Ninja Vpn","report_date":"2026-01-02"} []
[2026-01-02T15:50:52.228692+00:00] admob_service_verbose.INFO: saveStatistic: upserted statistic row {"stat_id":291636,"app_id":16435709,"panel_id":13,"user_id":99,"report_date":"2026-01-02","currency":"TRY","estimated_earnings":2119125215.0,"ad_requests":93659,"impression_rpm":30.09821773130171,"clicks":2917,"impressions":70407,"impression_ctr":0.041430539577030696,"matched_requests":92253,"show_rate":0.7631946928555169,"match_rate":0.9849880951109877,"delta_earnings":29527952.0,"delta_impressions":1300,"delta_clicks":29} []
[2026-01-02T15:50:52.228748+00:00] admob_service_verbose.INFO: saveStatistic: processing row {"key":9,"app_id_value":"ca-app-pub-3228663599583295~7871293419","app_label":"V2 Pro - v2ray VPN","report_date":"2026-01-02"} []
[2026-01-02T15:50:52.239414+00:00] admob_service_verbose.INFO: saveStatistic: upserted statistic row {"stat_id":291637,"app_id":15817023,"panel_id":13,"user_id":7,"report_date":"2026-01-02","currency":"TRY","estimated_earnings":2403649836.0,"ad_requests":87045,"impression_rpm":37.618158198804686,"clicks":1349,"impressions":63896,"impression_ctr":0.021112432703142607,"matched_requests":83931,"show_rate":0.7612920136779021,"match_rate":0.9642254006548338,"delta_earnings":31302532.0,"delta_impressions":1058,"delta_clicks":16} []
[2026-01-02T15:50:52.239470+00:00] admob_service_verbose.INFO: saveStatistic: processing row {"key":10,"app_id_value":"ca-app-pub-3228663599583295~8678101566","app_label":"Savash VPN","report_date":"2026-01-02"} []
[2026-01-02T15:50:52.919252+00:00] admob_service_verbose.INFO: saveStatistic: upserted statistic row {"stat_id":291638,"app_id":6955375,"panel_id":13,"user_id":180,"report_date":"2026-01-02","currency":"TRY","estimated_earnings":378417396.0,"ad_requests":10003,"impression_rpm":51.48536012312011,"clicks":203,"impressions":7350,"impression_ctr":0.02761904761904762,"matched_requests":9898,"show_rate":0.7425742574257426,"match_rate":0.9895031490552834,"delta_earnings":6491170.0,"delta_impressions":190,"delta_clicks":4} []
[2026-01-02T15:50:52.919338+00:00] admob_service_verbose.INFO: saveStatistic: processing row {"key":11,"app_id_value":"ca-app-pub-3228663599583295~8765157089","app_label":"Gozal VPN","report_date":"2026-01-02"} []
[2026-01-02T15:50:53.611877+00:00] admob_service_verbose.INFO: saveStatistic: upserted statistic row {"stat_id":291639,"app_id":6388759,"panel_id":13,"user_id":48,"report_date":"2026-01-02","currency":"TRY","estimated_earnings":1583584405.0,"ad_requests":55260,"impression_rpm":37.771840333158984,"clicks":1010,"impressions":41925,"impression_ctr":0.024090638044126415,"matched_requests":53756,"show_rate":0.7799129399508892,"match_rate":0.9727832066594282,"delta_earnings":5586501.0,"delta_impressions":201,"delta_clicks":4} []
[2026-01-02T15:50:53.612000+00:00] admob_service_verbose.INFO: saveStatistic: completed {"timestamp":"2026-01-02 15:50:53"} []
[2026-01-02T15:50:55.257806+00:00] admob_service_verbose.INFO: saveStatistic: entry {"items_count":15} []
[2026-01-02T15:50:55.257831+00:00] admob_service_verbose.INFO: saveStatistic: raw header {"header":{"dateRange":{"startDate":{"year":2026,"month":1,"day":2},"endDate":{"year":2026,"month":1,"day":2}},"localizationSettings":{"currencyCode":"TRY"}}} []
[2026-01-02T15:50:55.257895+00:00] admob_service_verbose.INFO: saveStatistic: extracted report date from header {"report_date":"2026-01-02"} []
[2026-01-02T15:50:55.257915+00:00] admob_service_verbose.INFO: saveStatistic: processing row {"key":1,"app_id_value":"ca-app-pub-3228663599583295~3021334487","app_label":"فیلتر شکن قوی پرسرعت Eleph VPN","report_date":"2026-01-02"} []
[2026-01-02T15:50:55.264889+00:00] admob_service_verbose.INFO: saveStatistic: upserted statistic row {"stat_id":291640,"app_id":30676480,"panel_id":13,"user_id":89,"report_date":"2026-01-02","currency":"TRY","estimated_earnings":3767679368.0,"ad_requests":120774,"impression_rpm":48.02038450900732,"clicks":3325,"impressions":78460,"impression_ctr":0.04237828192709661,"matched_requests":120586,"show_rate":0.6506559633788334,"match_rate":0.9984433735737824,"delta_earnings":58059424.0,"delta_impressions":1156,"delta_clicks":52} []
[2026-01-02T15:50:55.264940+00:00] admob_service_verbose.INFO: saveStatistic: processing row {"key":2,"app_id_value":"ca-app-pub-3228663599583295~3627613184","app_label":"فیلتر شکن قوی پرسرعت Homa Vpn","report_date":"2026-01-02"} []
[2026-01-02T15:50:55.271773+00:00] admob_service_verbose.INFO: saveStatistic: upserted statistic row {"stat_id":291641,"app_id":24152724,"panel_id":13,"user_id":99,"report_date":"2026-01-02","currency":"TRY","estimated_earnings":7967219430.0,"ad_requests":342983,"impression_rpm":34.21889452198837,"clicks":8083,"impressions":232831,"impression_ctr":0.034716167520648024,"matched_requests":337985,"show_rate":0.6888796840096454,"match_rate":0.9854278491936919,"delta_earnings":123086041.0,"delta_impressions":4561,"delta_clicks":116} []
[2026-01-02T15:50:55.271824+00:00] admob_service_verbose.INFO: saveStatistic: processing row {"key":3,"app_id_value":"ca-app-pub-3228663599583295~5620361525","app_label":"فیلتر شکن قوی پرسرعت Ghost Vpn","report_date":"2026-01-02"} []
[2026-01-02T15:50:55.281567+00:00] admob_service_verbose.INFO: saveStatistic: upserted statistic row {"stat_id":291642,"app_id":20377062,"panel_id":13,"user_id":89,"report_date":"2026-01-02","currency":"TRY","estimated_earnings":1139618129.0,"ad_requests":46719,"impression_rpm":53.824121712584144,"clicks":1125,"impressions":21173,"impression_ctr":0.05313370802437066,"matched_requests":46462,"show_rate":0.45570573802247,"match_rate":0.9944990260921681,"delta_earnings":6252755.0,"delta_impressions":218,"delta_clicks":20} []
[2026-01-02T15:50:55.281648+00:00] admob_service_verbose.INFO: saveStatistic: processing row {"key":4,"app_id_value":"ca-app-pub-3228663599583295~5733687720","app_label":"فیلتر شکن Jet VPN","report_date":"2026-01-02"} []
[2026-01-02T15:50:55.289499+00:00] admob_service_verbose.INFO: saveStatistic: upserted statistic row {"stat_id":291643,"app_id":25331638,"panel_id":13,"user_id":89,"report_date":"2026-01-02","currency":"TRY","estimated_earnings":6813476894.0,"ad_requests":198713,"impression_rpm":57.17299132077812,"clicks":6016,"impressions":119173,"impression_ctr":0.05048123316523038,"matched_requests":197930,"show_rate":0.6020967008538373,"match_rate":0.9960596438079039,"delta_earnings":113627971.0,"delta_impressions":1746,"delta_clicks":78} []
[2026-01-02T15:50:55.289555+00:00] admob_service_verbose.INFO: saveStatistic: processing row {"key":5,"app_id_value":"ca-app-pub-3228663599583295~6713513313","app_label":"فیلتر شکن قوی پرسرعت Rabbit","report_date":"2026-01-02"} []
[2026-01-02T15:50:55.296009+00:00] admob_service_verbose.INFO: saveStatistic: upserted statistic row {"stat_id":291644,"app_id":25810549,"panel_id":13,"user_id":99,"report_date":"2026-01-02","currency":"TRY","estimated_earnings":4320753790.0,"ad_requests":87989,"impression_rpm":64.38891557772385,"clicks":2069,"impressions":67104,"impression_ctr":0.03083273724368145,"matched_requests":87168,"show_rate":0.7698237885462555,"match_rate":0.9906692882064804,"delta_earnings":60943776.0,"delta_impressions":1135,"delta_clicks":38} []
[2026-01-02T15:50:55.296061+00:00] admob_service_verbose.INFO: saveStatistic: processing row {"key":6,"app_id_value":"ca-app-pub-3228663599583295~7236742592","app_label":"فیلتر شکن قوی پرسرعت Del vpn","report_date":"2026-01-02"} []
[2026-01-02T15:50:55.302879+00:00] admob_service_verbose.INFO: saveStatistic: upserted statistic row {"stat_id":291645,"app_id":25390487,"panel_id":13,"user_id":89,"report_date":"2026-01-02","currency":"TRY","estimated_earnings":724617427.0,"ad_requests":21854,"impression_rpm":69.36793294050116,"clicks":535,"impressions":10446,"impression_ctr":0.05121577637373157,"matched_requests":21752,"show_rate":0.4802317028319235,"match_rate":0.9953326622128672,"delta_earnings":6706305.0,"delta_impressions":195,"delta_clicks":19} []
[2026-01-02T15:50:55.302927+00:00] admob_service_verbose.INFO: saveStatistic: processing row {"key":7,"app_id_value":"ca-app-pub-3228663599583295~7253387605","app_label":"فیلتر شکن قوی پرسرعت Unic vpn","report_date":"2026-01-02"} []
[2026-01-02T15:50:55.310913+00:00] admob_service_verbose.INFO: saveStatistic: upserted statistic row {"stat_id":291646,"app_id":25220062,"panel_id":13,"user_id":89,"report_date":"2026-01-02","currency":"TRY","estimated_earnings":1943624159.0,"ad_requests":53798,"impression_rpm":63.79649968468574,"clicks":1528,"impressions":30466,"impression_ctr":0.05015427033414298,"matched_requests":53305,"show_rate":0.5715411312259638,"match_rate":0.9908360905609874,"delta_earnings":22040316.0,"delta_impressions":473,"delta_clicks":21} []
[2026-01-02T15:50:55.311001+00:00] admob_service_verbose.INFO: saveStatistic: processing row {"key":8,"app_id_value":"ca-app-pub-3228663599583295~7524010029","app_label":"Sheep VPN","report_date":"2026-01-02"} []
[2026-01-02T15:50:55.318151+00:00] admob_service_verbose.INFO: saveStatistic: upserted statistic row {"stat_id":291647,"app_id":26108477,"panel_id":13,"user_id":53,"report_date":"2026-01-02","currency":"TRY","estimated_earnings":2522781658.0,"ad_requests":88189,"impression_rpm":41.46720238324064,"clicks":1398,"impressions":60838,"impression_ctr":0.02297905914066866,"matched_requests":87763,"show_rate":0.6932078438521928,"match_rate":0.9951694655796074,"delta_earnings":31314537.0,"delta_impressions":1138,"delta_clicks":9} []
[2026-01-02T15:50:55.318229+00:00] admob_service_verbose.INFO: saveStatistic: processing row {"key":9,"app_id_value":"ca-app-pub-3228663599583295~8040893077","app_label":"فیلتر شکن قوی پرسرعت Monkey","report_date":"2026-01-02"} []
[2026-01-02T15:50:55.325123+00:00] admob_service_verbose.INFO: saveStatistic: upserted statistic row {"stat_id":291648,"app_id":26350792,"panel_id":13,"user_id":99,"report_date":"2026-01-02","currency":"TRY","estimated_earnings":1679305157.0,"ad_requests":33526,"impression_rpm":67.6511766313637,"clicks":829,"impressions":24823,"impression_ctr":0.03339644684365306,"matched_requests":33456,"show_rate":0.7419595887135342,"match_rate":0.9979120682455408,"delta_earnings":37613268.0,"delta_impressions":458,"delta_clicks":9} []
[2026-01-02T15:50:55.325188+00:00] admob_service_verbose.INFO: saveStatistic: processing row {"key":10,"app_id_value":"ca-app-pub-3228663599583295~8266937982","app_label":"فیلتر شکن قوی پرسرعت Taxi Vpn","report_date":"2026-01-02"} []
[2026-01-02T15:50:55.332148+00:00] admob_service_verbose.INFO: saveStatistic: upserted statistic row {"stat_id":291649,"app_id":26749921,"panel_id":13,"user_id":99,"report_date":"2026-01-02","currency":"TRY","estimated_earnings":1111955572.0,"ad_requests":19934,"impression_rpm":100.68413367816395,"clicks":301,"impressions":11044,"impression_ctr":0.02725461789206809,"matched_requests":19851,"show_rate":0.5563447685255151,"match_rate":0.9958362596568676,"delta_earnings":14287900.0,"delta_impressions":184,"delta_clicks":0} []
[2026-01-02T15:50:55.332207+00:00] admob_service_verbose.INFO: saveStatistic: processing row {"key":11,"app_id_value":"ca-app-pub-3228663599583295~8494113823","app_label":"فیلتر شکن قوی پرسرعت Crystal","report_date":"2026-01-02"} []
[2026-01-02T15:50:55.338977+00:00] admob_service_verbose.INFO: saveStatistic: upserted statistic row {"stat_id":291650,"app_id":24989980,"panel_id":13,"user_id":89,"report_date":"2026-01-02","currency":"TRY","estimated_earnings":468855290.0,"ad_requests":10319,"impression_rpm":73.38476917131301,"clicks":221,"impressions":6389,"impression_ctr":0.0345907027703866,"matched_requests":10273,"show_rate":0.621921541905967,"match_rate":0.995542203701909,"delta_earnings":4689606.0,"delta_impressions":119,"delta_clicks":5} []
[2026-01-02T15:50:55.339045+00:00] admob_service_verbose.INFO: saveStatistic: processing row {"key":12,"app_id_value":"ca-app-pub-3228663599583295~8594622571","app_label":"فیلتر شکن قوی پرسرعت ice vpn","report_date":"2026-01-02"} []
[2026-01-02T15:50:55.346200+00:00] admob_service_verbose.INFO: saveStatistic: upserted statistic row {"stat_id":291651,"app_id":23158259,"panel_id":13,"user_id":89,"report_date":"2026-01-02","currency":"TRY","estimated_earnings":713143988.0,"ad_requests":37701,"impression_rpm":36.507831910413714,"clicks":683,"impressions":19534,"impression_ctr":0.034964676973482135,"matched_requests":37082,"show_rate":0.5267784909120328,"match_rate":0.9835813373650566,"delta_earnings":6743828.0,"delta_impressions":303,"delta_clicks":6} []
[2026-01-02T15:50:55.346255+00:00] admob_service_verbose.INFO: saveStatistic: processing row {"key":13,"app_id_value":"ca-app-pub-3228663599583295~9011457297","app_label":"فیلتر شکن قوی پرسرعت Kadu Vpn","report_date":"2026-01-02"} []
[2026-01-02T15:50:55.352719+00:00] admob_service_verbose.INFO: saveStatistic: upserted statistic row {"stat_id":291652,"app_id":26075539,"panel_id":13,"user_id":99,"report_date":"2026-01-02","currency":"TRY","estimated_earnings":4676270802.0,"ad_requests":99305,"impression_rpm":63.54492189222186,"clicks":2180,"impressions":73590,"impression_ctr":0.029623590161706754,"matched_requests":98839,"show_rate":0.7445441576705552,"match_rate":0.9953073863350285,"delta_earnings":74366977.0,"delta_impressions":1290,"delta_clicks":19} []
[2026-01-02T15:50:55.352805+00:00] admob_service_verbose.INFO: saveStatistic: completed {"timestamp":"2026-01-02 15:50:55"} []
[2026-01-02T15:51:00.305744+00:00] admob_service_verbose.INFO: saveStatistic: entry {"items_count":12} []
[2026-01-02T15:51:00.305779+00:00] admob_service_verbose.INFO: saveStatistic: raw header {"header":{"dateRange":{"startDate":{"year":2026,"month":1,"day":2},"endDate":{"year":2026,"month":1,"day":2}},"localizationSettings":{"currencyCode":"OMR"}}} []
[2026-01-02T15:51:00.305843+00:00] admob_service_verbose.INFO: saveStatistic: extracted report date from header {"report_date":"2026-01-02"} []
[2026-01-02T15:51:00.305863+00:00] admob_service_verbose.INFO: saveStatistic: processing row {"key":1,"app_id_value":"ca-app-pub-8886570797615271~2510739268","app_label":"Alan VPN","report_date":"2026-01-02"} []
[2026-01-02T15:51:00.322156+00:00] admob_service_verbose.INFO: saveStatistic: upserted statistic row {"stat_id":291653,"app_id":13307276,"panel_id":19,"user_id":42,"report_date":"2026-01-02","currency":"OMR","estimated_earnings":27445958.568,"ad_requests":90842,"impression_rpm":0.3835591534450023,"clicks":1730,"impressions":71556,"impression_ctr":0.024176868466655486,"matched_requests":90289,"show_rate":0.7925217911373479,"match_rate":0.9939125074304836,"delta_earnings":309427.77600000054,"delta_impressions":1053,"delta_clicks":16} []
[2026-01-02T15:51:00.322217+00:00] admob_service_verbose.INFO: saveStatistic: processing row {"key":2,"app_id_value":"ca-app-pub-8886570797615271~3707399691","app_label":"فیلتر شکن قوی پرسرعت Horse Vpn","report_date":"2026-01-02"} []
[2026-01-02T15:51:00.338146+00:00] admob_service_verbose.INFO: saveStatistic: upserted statistic row {"stat_id":291654,"app_id":16223920,"panel_id":19,"user_id":56,"report_date":"2026-01-02","currency":"OMR","estimated_earnings":48688601.85,"ad_requests":94002,"impression_rpm":0.8006940212064417,"clicks":1736,"impressions":60808,"impression_ctr":0.02854887514800684,"matched_requests":93480,"show_rate":0.6504920838682071,"match_rate":0.9944469266611349,"delta_earnings":1284338.9160000011,"delta_impressions":1098,"delta_clicks":45} []
[2026-01-02T15:51:00.338202+00:00] admob_service_verbose.INFO: saveStatistic: processing row {"key":3,"app_id_value":"ca-app-pub-8886570797615271~4341325444","app_label":"Nod VPN","report_date":"2026-01-02"} []
[2026-01-02T15:51:00.353614+00:00] admob_service_verbose.INFO: saveStatistic: upserted statistic row {"stat_id":291655,"app_id":22690239,"panel_id":19,"user_id":1312,"report_date":"2026-01-02","currency":"OMR","estimated_earnings":11273973.606,"ad_requests":32305,"impression_rpm":0.43510376427596187,"clicks":798,"impressions":25911,"impression_ctr":0.030797730693527845,"matched_requests":32237,"show_rate":0.8037658591059962,"match_rate":0.9978950626837951,"delta_earnings":44394.210000000894,"delta_impressions":135,"delta_clicks":6} []
[2026-01-02T15:51:00.353709+00:00] admob_service_verbose.INFO: saveStatistic: processing row {"key":4,"app_id_value":"ca-app-pub-8886570797615271~5739832984","app_label":"Air VPN","report_date":"2026-01-02"} []
[2026-01-02T15:51:00.368835+00:00] admob_service_verbose.INFO: saveStatistic: upserted statistic row {"stat_id":291656,"app_id":13822072,"panel_id":19,"user_id":8,"report_date":"2026-01-02","currency":"OMR","estimated_earnings":5238309.258,"ad_requests":17781,"impression_rpm":0.38736298382944784,"clicks":498,"impressions":13523,"impression_ctr":0.03682614804407306,"matched_requests":17575,"show_rate":0.7694452347083927,"match_rate":0.9884145998537766,"delta_earnings":43292.71800000034,"delta_impressions":201,"delta_clicks":2} []
[2026-01-02T15:51:00.368899+00:00] admob_service_verbose.INFO: saveStatistic: processing row {"key":5,"app_id_value":"ca-app-pub-8886570797615271~5762591742","app_label":"Video Downloader No Watermark","report_date":"2026-01-02"} []
[2026-01-02T15:51:00.384693+00:00] admob_service_verbose.INFO: saveStatistic: upserted statistic row {"stat_id":291657,"app_id":12080157,"panel_id":19,"user_id":97,"report_date":"2026-01-02","currency":"OMR","estimated_earnings":5400647.784,"ad_requests":5589,"impression_rpm":1.2381127720440008,"clicks":314,"impressions":4362,"impression_ctr":0.07198532783127005,"matched_requests":5251,"show_rate":0.8306989144924776,"match_rate":0.9395240651279299,"delta_earnings":68594.14800000004,"delta_impressions":63,"delta_clicks":5} []
[2026-01-02T15:51:00.384771+00:00] admob_service_verbose.INFO: saveStatistic: processing row {"key":6,"app_id_value":"ca-app-pub-8886570797615271~6016592516","app_label":"Artemis Vpn","report_date":"2026-01-02"} []
[2026-01-02T15:51:00.398678+00:00] admob_service_verbose.INFO: saveStatistic: upserted statistic row {"stat_id":291658,"app_id":23211265,"panel_id":19,"user_id":1311,"report_date":"2026-01-02","currency":"OMR","estimated_earnings":6804170.856,"ad_requests":15236,"impression_rpm":0.5286435474848055,"clicks":495,"impressions":12871,"impression_ctr":0.03845855022919742,"matched_requests":15226,"show_rate":0.8453303559700512,"match_rate":0.999343659753216,"delta_earnings":96187.0139999995,"delta_impressions":246,"delta_clicks":10} []
[2026-01-02T15:51:00.398789+00:00] admob_service_verbose.INFO: saveStatistic: processing row {"key":7,"app_id_value":"ca-app-pub-8886570797615271~6892346139","app_label":"Ultraunique VPN: Secure & Fast","report_date":"2026-01-02"} []
[2026-01-02T15:51:00.414059+00:00] admob_service_verbose.INFO: saveStatistic: upserted statistic row {"stat_id":291659,"app_id":14256914,"panel_id":19,"user_id":56,"report_date":"2026-01-02","currency":"OMR","estimated_earnings":120600.9,"ad_requests":4605,"impression_rpm":0.06540181907339135,"clicks":73,"impressions":1844,"impression_ctr":0.039587852494577004,"matched_requests":3447,"show_rate":0.5349579344357412,"match_rate":0.7485342019543973,"delta_earnings":852.3899999999994,"delta_impressions":21,"delta_clicks":2} []
[2026-01-02T15:51:00.414124+00:00] admob_service_verbose.INFO: saveStatistic: processing row {"key":8,"app_id_value":"ca-app-pub-8886570797615271~7554459914","app_label":"Zar VPN","report_date":"2026-01-02"} []
[2026-01-02T15:51:00.427647+00:00] admob_service_verbose.INFO: saveStatistic: upserted statistic row {"stat_id":291660,"app_id":23623877,"panel_id":19,"user_id":86,"report_date":"2026-01-02","currency":"OMR","estimated_earnings":540107.946,"ad_requests":4797,"impression_rpm":0.14499545689230078,"clicks":129,"impressions":3725,"impression_ctr":0.03463087248322148,"matched_requests":4370,"show_rate":0.8524027459954233,"match_rate":0.9109860329372524,"delta_earnings":6309.576000000001,"delta_impressions":67,"delta_clicks":0} []
[2026-01-02T15:51:00.427702+00:00] admob_service_verbose.INFO: saveStatistic: processing row {"key":9,"app_id_value":"ca-app-pub-8886570797615271~7889568732","app_label":"Golden VPN - وی پی ان پر قدرت","report_date":"2026-01-02"} []
[2026-01-02T15:51:00.442293+00:00] admob_service_verbose.INFO: saveStatistic: upserted statistic row {"stat_id":291661,"app_id":15707353,"panel_id":19,"user_id":1204,"report_date":"2026-01-02","currency":"OMR","estimated_earnings":25671735.432,"ad_requests":70464,"impression_rpm":0.42965247983329763,"clicks":2742,"impressions":59750,"impression_ctr":0.04589121338912134,"matched_requests":70384,"show_rate":0.8489145260286429,"match_rate":0.9988646684831971,"delta_earnings":435661.25400000066,"delta_impressions":1105,"delta_clicks":46} []
[2026-01-02T15:51:00.442360+00:00] admob_service_verbose.INFO: saveStatistic: processing row {"key":10,"app_id_value":"ca-app-pub-8886570797615271~7938437446","app_label":"Nero VPN","report_date":"2026-01-02"} []
[2026-01-02T15:51:00.455267+00:00] admob_service_verbose.INFO: saveStatistic: upserted statistic row {"stat_id":291662,"app_id":23627557,"panel_id":19,"user_id":53,"report_date":"2026-01-02","currency":"OMR","estimated_earnings":8995815.612,"ad_requests":28502,"impression_rpm":0.41284147206623145,"clicks":641,"impressions":21790,"impression_ctr":0.029417163836622302,"matched_requests":28384,"show_rate":0.7676860202931229,"match_rate":0.9958599396533576,"delta_earnings":87242.777999999,"delta_impressions":336,"delta_clicks":69} []
[2026-01-02T15:51:00.455343+00:00] admob_service_verbose.INFO: saveStatistic: completed {"timestamp":"2026-01-02 15:51:00"} []
[2026-01-02T15:51:03.924189+00:00] admob_service_verbose.INFO: saveStatistic: entry {"items_count":18} []
[2026-01-02T15:51:03.924213+00:00] admob_service_verbose.INFO: saveStatistic: raw header {"header":{"dateRange":{"startDate":{"year":2026,"month":1,"day":2},"endDate":{"year":2026,"month":1,"day":2}},"localizationSettings":{"currencyCode":"OMR"}}} []
[2026-01-02T15:51:03.924279+00:00] admob_service_verbose.INFO: saveStatistic: extracted report date from header {"report_date":"2026-01-02"} []
[2026-01-02T15:51:03.924300+00:00] admob_service_verbose.INFO: saveStatistic: processing row {"key":1,"app_id_value":"ca-app-pub-8886570797615271~1090725314","app_label":"Zaal VPN – Secure Connection","report_date":"2026-01-02"} []
[2026-01-02T15:51:03.938589+00:00] admob_service_verbose.INFO: saveStatistic: upserted statistic row {"stat_id":291663,"app_id":28930463,"panel_id":19,"user_id":197,"report_date":"2026-01-02","currency":"OMR","estimated_earnings":110135634.336,"ad_requests":278407,"impression_rpm":0.46279949179445345,"clicks":5451,"impressions":237977,"impression_ctr":0.022905574908499562,"matched_requests":277908,"show_rate":0.8563157591721001,"match_rate":0.9982076600085487,"delta_earnings":1499211.8819999993,"delta_impressions":3770,"delta_clicks":41} []
[2026-01-02T15:51:03.938647+00:00] admob_service_verbose.INFO: saveStatistic: processing row {"key":2,"app_id_value":"ca-app-pub-8886570797615271~1111217327","app_label":"bear VPN Fast & Secure","report_date":"2026-01-02"} []
[2026-01-02T15:51:03.944195+00:00] admob_service_verbose.INFO: saveStatistic: upserted statistic row {"stat_id":291664,"app_id":32037515,"panel_id":19,"user_id":358,"report_date":"2026-01-02","currency":"OMR","estimated_earnings":1773777.852,"ad_requests":2488,"impression_rpm":0.9301406382339722,"clicks":111,"impressions":1907,"impression_ctr":0.058206607236497114,"matched_requests":2487,"show_rate":0.7667872939284278,"match_rate":0.9995980707395499,"delta_earnings":6143.256000000052,"delta_impressions":16,"delta_clicks":0} []
[2026-01-02T15:51:03.944250+00:00] admob_service_verbose.INFO: saveStatistic: processing row {"key":3,"app_id_value":"ca-app-pub-8886570797615271~3301633250","app_label":"Soor VPN","report_date":"2026-01-02"} []
[2026-01-02T15:51:03.958709+00:00] admob_service_verbose.INFO: saveStatistic: upserted statistic row {"stat_id":291665,"app_id":29139592,"panel_id":19,"user_id":103,"report_date":"2026-01-02","currency":"OMR","estimated_earnings":1252815.2280000001,"ad_requests":1686,"impression_rpm":0.9377361192922926,"clicks":104,"impressions":1336,"impression_ctr":0.07784431137724551,"matched_requests":1684,"show_rate":0.7933491686460807,"match_rate":0.9988137603795967,"delta_earnings":17902.4580000001,"delta_impressions":22,"delta_clicks":3} []
[2026-01-02T15:51:03.958776+00:00] admob_service_verbose.INFO: saveStatistic: processing row {"key":4,"app_id_value":"ca-app-pub-8886570797615271~3372933752","app_label":"Asal VPN","report_date":"2026-01-02"} []
[2026-01-02T15:51:03.967450+00:00] admob_service_verbose.INFO: saveStatistic: upserted statistic row {"stat_id":291666,"app_id":30027110,"panel_id":19,"user_id":79,"report_date":"2026-01-02","currency":"OMR","estimated_earnings":0.0,"ad_requests":3,"impression_rpm":null,"clicks":0,"impressions":0,"impression_ctr":null,"matched_requests":3,"show_rate":0.0,"match_rate":1.0,"delta_earnings":0.0,"delta_impressions":0,"delta_clicks":0} []
[2026-01-02T15:51:03.967501+00:00] admob_service_verbose.INFO: saveStatistic: processing row {"key":5,"app_id_value":"ca-app-pub-8886570797615271~3656312931","app_label":"Zeno VPN","report_date":"2026-01-02"} []
[2026-01-02T15:51:03.980452+00:00] admob_service_verbose.INFO: saveStatistic: upserted statistic row {"stat_id":291667,"app_id":28550760,"panel_id":19,"user_id":647,"report_date":"2026-01-02","currency":"OMR","estimated_earnings":26316731.574,"ad_requests":58176,"impression_rpm":0.5573571359018255,"clicks":1086,"impressions":47217,"impression_ctr":0.023000190609314443,"matched_requests":57936,"show_rate":0.8149855012427506,"match_rate":0.9958745874587459,"delta_earnings":333767.9519999996,"delta_impressions":798,"delta_clicks":2} []
[2026-01-02T15:51:03.980521+00:00] admob_service_verbose.INFO: saveStatistic: processing row {"key":6,"app_id_value":"ca-app-pub-8886570797615271~3763806913","app_label":"Chance VPN","report_date":"2026-01-02"} []
[2026-01-02T15:51:03.993567+00:00] admob_service_verbose.INFO: saveStatistic: upserted statistic row {"stat_id":291668,"app_id":28495760,"panel_id":19,"user_id":167,"report_date":"2026-01-02","currency":"OMR","estimated_earnings":68352800.292,"ad_requests":154666,"impression_rpm":0.5304423428016998,"clicks":2790,"impressions":128860,"impression_ctr":0.02165140462517461,"matched_requests":153750,"show_rate":0.8381138211382114,"match_rate":0.9940775606791409,"delta_earnings":1324704.0239999965,"delta_impressions":2567,"delta_clicks":64} []
[2026-01-02T15:51:03.993628+00:00] admob_service_verbose.INFO: saveStatistic: processing row {"key":7,"app_id_value":"ca-app-pub-8886570797615271~4118038829","app_label":"Kanka VPN","report_date":"2026-01-02"} []
[2026-01-02T15:51:04.009471+00:00] admob_service_verbose.INFO: saveStatistic: upserted statistic row {"stat_id":291669,"app_id":29266401,"panel_id":19,"user_id":676,"report_date":"2026-01-02","currency":"OMR","estimated_earnings":20908452.726,"ad_requests":44406,"impression_rpm":0.5580349380509554,"clicks":800,"impressions":37468,"impression_ctr":0.02135155332550443,"matched_requests":44318,"show_rate":0.8454352633241572,"match_rate":0.998018285817232,"delta_earnings":252218.98799999803,"delta_impressions":619,"delta_clicks":9} []
[2026-01-02T15:51:04.009532+00:00] admob_service_verbose.INFO: saveStatistic: processing row {"key":8,"app_id_value":"ca-app-pub-8886570797615271~4482444489","app_label":"Shah VPN | اتصال سریع","report_date":"2026-01-02"} []
[2026-01-02T15:51:04.015939+00:00] admob_service_verbose.INFO: saveStatistic: upserted statistic row {"stat_id":291670,"app_id":32442617,"panel_id":19,"user_id":77,"report_date":"2026-01-02","currency":"OMR","estimated_earnings":42512934.996,"ad_requests":37061,"impression_rpm":1.9511191487663118,"clicks":1687,"impressions":21789,"impression_ctr":0.07742438845288907,"matched_requests":37044,"show_rate":0.5881924198250729,"match_rate":0.9995412967809827,"delta_earnings":418113.73799999803,"delta_impressions":285,"delta_clicks":11} []
[2026-01-02T15:51:04.015994+00:00] admob_service_verbose.INFO: saveStatistic: processing row {"key":9,"app_id_value":"ca-app-pub-8886570797615271~4640632678","app_label":"Sakine VPN","report_date":"2026-01-02"} []
[2026-01-02T15:51:04.030285+00:00] admob_service_verbose.INFO: saveStatistic: upserted statistic row {"stat_id":291671,"app_id":28776063,"panel_id":19,"user_id":651,"report_date":"2026-01-02","currency":"OMR","estimated_earnings":1027481.49,"ad_requests":828,"impression_rpm":1.469930714186989,"clicks":38,"impressions":699,"impression_ctr":0.05436337625178827,"matched_requests":827,"show_rate":0.845223700120919,"match_rate":0.998792270531401,"delta_earnings":11772.80999999994,"delta_impressions":17,"delta_clicks":0} []
[2026-01-02T15:51:04.030343+00:00] admob_service_verbose.INFO: saveStatistic: processing row {"key":10,"app_id_value":"ca-app-pub-8886570797615271~4723657723","app_label":"Live VPN","report_date":"2026-01-02"} []
[2026-01-02T15:51:04.048629+00:00] admob_service_verbose.INFO: saveStatistic: upserted statistic row {"stat_id":291672,"app_id":23832893,"panel_id":19,"user_id":23,"report_date":"2026-01-02","currency":"OMR","estimated_earnings":9318123.36,"ad_requests":63608,"impression_rpm":0.1893581177832281,"clicks":1714,"impressions":49209,"impression_ctr":0.03483102684468288,"matched_requests":62152,"show_rate":0.7917524777963701,"match_rate":0.9771097975097472,"delta_earnings":975.6179999988526,"delta_impressions":17,"delta_clicks":0} []
[2026-01-02T15:51:04.048688+00:00] admob_service_verbose.INFO: saveStatistic: processing row {"key":11,"app_id_value":"ca-app-pub-8886570797615271~6282669791","app_label":"Axel VPN","report_date":"2026-01-02"} []
[2026-01-02T15:51:04.061560+00:00] admob_service_verbose.INFO: saveStatistic: upserted statistic row {"stat_id":291673,"app_id":28776064,"panel_id":19,"user_id":387,"report_date":"2026-01-02","currency":"OMR","estimated_earnings":447729.66,"ad_requests":1331,"impression_rpm":0.46735883325413796,"clicks":28,"impressions":958,"impression_ctr":0.029227557411273485,"matched_requests":1326,"show_rate":0.722473604826546,"match_rate":0.9962434259954921,"delta_earnings":1534.301999999967,"delta_impressions":8,"delta_clicks":0} []
[2026-01-02T15:51:04.061612+00:00] admob_service_verbose.INFO: saveStatistic: processing row {"key":12,"app_id_value":"ca-app-pub-8886570797615271~6554919615","app_label":"Me VPN Fast VPN","report_date":"2026-01-02"} []
[2026-01-02T15:51:04.076876+00:00] admob_service_verbose.INFO: saveStatistic: upserted statistic row {"stat_id":291674,"app_id":23979113,"panel_id":19,"user_id":8,"report_date":"2026-01-02","currency":"OMR","estimated_earnings":5334216.93,"ad_requests":23644,"impression_rpm":0.2807039469859823,"clicks":543,"impressions":19003,"impression_ctr":0.028574435615429144,"matched_requests":23466,"show_rate":0.8098099377823234,"match_rate":0.9924716630011843,"delta_earnings":75156.60599999968,"delta_impressions":328,"delta_clicks":3} []
[2026-01-02T15:51:04.076929+00:00] admob_service_verbose.INFO: saveStatistic: processing row {"key":13,"app_id_value":"ca-app-pub-8886570797615271~6619181298","app_label":"Giraffe VPN","report_date":"2026-01-02"} []
[2026-01-02T15:51:04.091303+00:00] admob_service_verbose.INFO: saveStatistic: upserted statistic row {"stat_id":291675,"app_id":29139593,"panel_id":19,"user_id":53,"report_date":"2026-01-02","currency":"OMR","estimated_earnings":425459.412,"ad_requests":877,"impression_rpm":0.5583460881215468,"clicks":21,"impressions":762,"impression_ctr":0.027559055118110236,"matched_requests":875,"show_rate":0.8708571428571429,"match_rate":0.9977194982896237,"delta_earnings":5712.33600000001,"delta_impressions":15,"delta_clicks":0} []
[2026-01-02T15:51:04.091416+00:00] admob_service_verbose.INFO: saveStatistic: processing row {"key":14,"app_id_value":"ca-app-pub-8886570797615271~7581788144","app_label":"Aysoo VPN","report_date":"2026-01-02"} []
[2026-01-02T15:51:04.106060+00:00] admob_service_verbose.INFO: saveStatistic: upserted statistic row {"stat_id":291676,"app_id":25502160,"panel_id":19,"user_id":549,"report_date":"2026-01-02","currency":"OMR","estimated_earnings":1086703.884,"ad_requests":5027,"impression_rpm":0.2910294441465022,"clicks":274,"impressions":3734,"impression_ctr":0.07337975361542581,"matched_requests":4910,"show_rate":0.7604887983706721,"match_rate":0.9767256813208673,"delta_earnings":15054.606000000145,"delta_impressions":86,"delta_clicks":5} []
[2026-01-02T15:51:04.106126+00:00] admob_service_verbose.INFO: saveStatistic: processing row {"key":15,"app_id_value":"ca-app-pub-8886570797615271~8239592217","app_label":"Anniya VPN","report_date":"2026-01-02"} []
[2026-01-02T15:51:04.120788+00:00] admob_service_verbose.INFO: saveStatistic: upserted statistic row {"stat_id":291677,"app_id":27383487,"panel_id":19,"user_id":53,"report_date":"2026-01-02","currency":"OMR","estimated_earnings":887025.006,"ad_requests":2371,"impression_rpm":0.44108660439309627,"clicks":63,"impressions":2011,"impression_ctr":0.0313276976628543,"matched_requests":2370,"show_rate":0.8485232067510549,"match_rate":0.9995782370307887,"delta_earnings":20530.314000000013,"delta_impressions":34,"delta_clicks":1} []
[2026-01-02T15:51:04.120856+00:00] admob_service_verbose.INFO: saveStatistic: processing row {"key":16,"app_id_value":"ca-app-pub-8886570797615271~8339457071","app_label":"Laki VPN","report_date":"2026-01-02"} []
[2026-01-02T15:51:04.134408+00:00] admob_service_verbose.INFO: saveStatistic: upserted statistic row {"stat_id":291678,"app_id":29139594,"panel_id":19,"user_id":53,"report_date":"2026-01-02","currency":"OMR","estimated_earnings":1040351.256,"ad_requests":2091,"impression_rpm":0.5914448296672411,"clicks":49,"impressions":1759,"impression_ctr":0.02785673678226265,"matched_requests":2086,"show_rate":0.8432406519654841,"match_rate":0.9976087996174079,"delta_earnings":7609.140000000014,"delta_impressions":18,"delta_clicks":0} []
[2026-01-02T15:51:04.134489+00:00] admob_service_verbose.INFO: saveStatistic: completed {"timestamp":"2026-01-02 15:51:04"} []
[2026-01-02T15:51:18.505904+00:00] admob_service_verbose.INFO: saveStatistic: entry {"items_count":22} []
[2026-01-02T15:51:18.505931+00:00] admob_service_verbose.INFO: saveStatistic: raw header {"header":{"dateRange":{"startDate":{"year":2026,"month":1,"day":2},"endDate":{"year":2026,"month":1,"day":2}},"localizationSettings":{"currencyCode":"OMR"}}} []
[2026-01-02T15:51:18.506000+00:00] admob_service_verbose.INFO: saveStatistic: extracted report date from header {"report_date":"2026-01-02"} []
[2026-01-02T15:51:18.506021+00:00] admob_service_verbose.INFO: saveStatistic: processing row {"key":1,"app_id_value":"ca-app-pub-4827212684254602~1051776767","app_label":"Nila VPN – Fast & Secure VPN","report_date":"2026-01-02"} []
[2026-01-02T15:51:18.517847+00:00] admob_service_verbose.INFO: saveStatistic: upserted statistic row {"stat_id":291679,"app_id":30327421,"panel_id":22,"user_id":494,"report_date":"2026-01-02","currency":"OMR","estimated_earnings":23079196.728,"ad_requests":26852,"impression_rpm":1.1522314979444395,"clicks":720,"impressions":20030,"impression_ctr":0.03594608087868198,"matched_requests":26827,"show_rate":0.7466358519402095,"match_rate":0.9990689706539551,"delta_earnings":285470.8920000009,"delta_impressions":304,"delta_clicks":6} []
[2026-01-02T15:51:18.517921+00:00] admob_service_verbose.INFO: saveStatistic: processing row {"key":2,"app_id_value":"ca-app-pub-4827212684254602~1710551384","app_label":"فیلتر شکن قوی پرسرعت Tara VPN","report_date":"2026-01-02"} []
[2026-01-02T15:51:18.529542+00:00] admob_service_verbose.INFO: saveStatistic: upserted statistic row {"stat_id":291680,"app_id":23920942,"panel_id":22,"user_id":304,"report_date":"2026-01-02","currency":"OMR","estimated_earnings":1150549.974,"ad_requests":3664,"impression_rpm":0.40598094732669915,"clicks":80,"impressions":2834,"impression_ctr":0.028228652081863093,"matched_requests":3639,"show_rate":0.7787853805990657,"match_rate":0.9931768558951966,"delta_earnings":5906.25,"delta_impressions":27,"delta_clicks":0} []
[2026-01-02T15:51:18.529612+00:00] admob_service_verbose.INFO: saveStatistic: processing row {"key":3,"app_id_value":"ca-app-pub-4827212684254602~2328037324","app_label":"DolphinX VPN","report_date":"2026-01-02"} []
[2026-01-02T15:51:18.541643+00:00] admob_service_verbose.INFO: saveStatistic: upserted statistic row {"stat_id":291681,"app_id":29473793,"panel_id":22,"user_id":53,"report_date":"2026-01-02","currency":"OMR","estimated_earnings":22404.06,"ad_requests":43,"impression_rpm":0.800151765927158,"clicks":1,"impressions":28,"impression_ctr":0.03571428571428571,"matched_requests":43,"show_rate":0.6511627906976745,"match_rate":1.0,"delta_earnings":0.0,"delta_impressions":0,"delta_clicks":0} []
[2026-01-02T15:51:18.541695+00:00] admob_service_verbose.INFO: saveStatistic: processing row {"key":4,"app_id_value":"ca-app-pub-4827212684254602~2353022555","app_label":"V2-DARK VPN Hotspot Proxy","report_date":"2026-01-02"} []
[2026-01-02T15:51:18.554384+00:00] admob_service_verbose.INFO: saveStatistic: upserted statistic row {"stat_id":291682,"app_id":23979258,"panel_id":22,"user_id":85,"report_date":"2026-01-02","currency":"OMR","estimated_earnings":12673398.024,"ad_requests":31208,"impression_rpm":0.5952467384962579,"clicks":1040,"impressions":21291,"impression_ctr":0.048846930627964864,"matched_requests":31106,"show_rate":0.6844660194174758,"match_rate":0.9967316072801846,"delta_earnings":142270.1280000005,"delta_impressions":273,"delta_clicks":13} []
[2026-01-02T15:51:18.554460+00:00] admob_service_verbose.INFO: saveStatistic: processing row {"key":5,"app_id_value":"ca-app-pub-4827212684254602~3023633051","app_label":"Mona VPN - Private Connections","report_date":"2026-01-02"} []
[2026-01-02T15:51:18.566122+00:00] admob_service_verbose.INFO: saveStatistic: upserted statistic row {"stat_id":291683,"app_id":23920943,"panel_id":22,"user_id":212,"report_date":"2026-01-02","currency":"OMR","estimated_earnings":20137177.746,"ad_requests":68828,"impression_rpm":0.36104955723735216,"clicks":1644,"impressions":55774,"impression_ctr":0.0294760999748987,"matched_requests":68413,"show_rate":0.8152544107114145,"match_rate":0.9939704771314,"delta_earnings":292470.31799999997,"delta_impressions":880,"delta_clicks":28} []
[2026-01-02T15:51:18.566194+00:00] admob_service_verbose.INFO: saveStatistic: processing row {"key":6,"app_id_value":"ca-app-pub-4827212684254602~3054556676","app_label":"CR VPN","report_date":"2026-01-02"} []
[2026-01-02T15:51:18.577465+00:00] admob_service_verbose.INFO: saveStatistic: upserted statistic row {"stat_id":291684,"app_id":23920944,"panel_id":22,"user_id":168,"report_date":"2026-01-02","currency":"OMR","estimated_earnings":559838.412,"ad_requests":942,"impression_rpm":0.784087843488587,"clicks":20,"impressions":714,"impression_ctr":0.028011204481792718,"matched_requests":933,"show_rate":0.7652733118971061,"match_rate":0.9904458598726115,"delta_earnings":16179.155999999959,"delta_impressions":11,"delta_clicks":0} []
[2026-01-02T15:51:18.577551+00:00] admob_service_verbose.INFO: saveStatistic: processing row {"key":7,"app_id_value":"ca-app-pub-4827212684254602~3327551009","app_label":"فیلترشکن سریع PasNet VPN","report_date":"2026-01-02"} []
[2026-01-02T15:51:18.587466+00:00] admob_service_verbose.INFO: saveStatistic: upserted statistic row {"stat_id":291685,"app_id":28776221,"panel_id":22,"user_id":27,"report_date":"2026-01-02","currency":"OMR","estimated_earnings":10624253.598,"ad_requests":16610,"impression_rpm":0.7773654678781028,"clicks":523,"impressions":13667,"impression_ctr":0.0382673593326992,"matched_requests":16573,"show_rate":0.8246545586194413,"match_rate":0.9977724262492474,"delta_earnings":142934.65199999884,"delta_impressions":220,"delta_clicks":11} []
[2026-01-02T15:51:18.587538+00:00] admob_service_verbose.INFO: saveStatistic: processing row {"key":8,"app_id_value":"ca-app-pub-4827212684254602~4875062279","app_label":"Luma VPN","report_date":"2026-01-02"} []
[2026-01-02T15:51:18.597695+00:00] admob_service_verbose.INFO: saveStatistic: upserted statistic row {"stat_id":291686,"app_id":27382404,"panel_id":22,"user_id":53,"report_date":"2026-01-02","currency":"OMR","estimated_earnings":1468943.91,"ad_requests":2734,"impression_rpm":0.631260957320256,"clicks":76,"impressions":2327,"impression_ctr":0.03266007735281478,"matched_requests":2714,"show_rate":0.8574060427413412,"match_rate":0.9926847110460864,"delta_earnings":9006.983999999939,"delta_impressions":40,"delta_clicks":0} []
[2026-01-02T15:51:18.597764+00:00] admob_service_verbose.INFO: saveStatistic: processing row {"key":9,"app_id_value":"ca-app-pub-4827212684254602~4992403389","app_label":"Kidi VPN","report_date":"2026-01-02"} []
[2026-01-02T15:51:18.607820+00:00] admob_service_verbose.INFO: saveStatistic: upserted statistic row {"stat_id":291687,"app_id":25802921,"panel_id":22,"user_id":1204,"report_date":"2026-01-02","currency":"OMR","estimated_earnings":32531650.326,"ad_requests":83924,"impression_rpm":0.45141468081976693,"clicks":2672,"impressions":72066,"impression_ctr":0.037077123747675744,"matched_requests":83723,"show_rate":0.8607670532589611,"match_rate":0.9976049759306039,"delta_earnings":343921.7880000025,"delta_impressions":1038,"delta_clicks":20} []
[2026-01-02T15:51:18.607874+00:00] admob_service_verbose.INFO: saveStatistic: processing row {"key":10,"app_id_value":"ca-app-pub-4827212684254602~5351389201","app_label":"Hoop VPN","report_date":"2026-01-02"} []
[2026-01-02T15:51:18.617539+00:00] admob_service_verbose.INFO: saveStatistic: upserted statistic row {"stat_id":291688,"app_id":27659064,"panel_id":22,"user_id":86,"report_date":"2026-01-02","currency":"OMR","estimated_earnings":247089.528,"ad_requests":3040,"impression_rpm":0.11170414244259709,"clicks":65,"impressions":2212,"impression_ctr":0.02938517179023508,"matched_requests":2832,"show_rate":0.7810734463276836,"match_rate":0.9315789473684211,"delta_earnings":3693.0599999999977,"delta_impressions":25,"delta_clicks":1} []
[2026-01-02T15:51:18.617620+00:00] admob_service_verbose.INFO: saveStatistic: processing row {"key":11,"app_id_value":"ca-app-pub-4827212684254602~5501748238","app_label":"Camel VPN","report_date":"2026-01-02"} []
[2026-01-02T15:51:18.627508+00:00] admob_service_verbose.INFO: saveStatistic: upserted statistic row {"stat_id":291689,"app_id":27382405,"panel_id":22,"user_id":53,"report_date":"2026-01-02","currency":"OMR","estimated_earnings":4100238.576,"ad_requests":8420,"impression_rpm":0.6419662866496679,"clicks":152,"impressions":6387,"impression_ctr":0.02379834037889463,"matched_requests":8414,"show_rate":0.7590919895412408,"match_rate":0.9992874109263657,"delta_earnings":51785.621999999974,"delta_impressions":101,"delta_clicks":3} []
[2026-01-02T15:51:18.627581+00:00] admob_service_verbose.INFO: saveStatistic: processing row {"key":12,"app_id_value":"ca-app-pub-4827212684254602~6683596254","app_label":"فیلتر شکن قوی پرسرعت Oxygen","report_date":"2026-01-02"} []
[2026-01-02T15:51:18.638466+00:00] admob_service_verbose.INFO: saveStatistic: upserted statistic row {"stat_id":291690,"app_id":27948511,"panel_id":22,"user_id":494,"report_date":"2026-01-02","currency":"OMR","estimated_earnings":47585138.58,"ad_requests":65248,"impression_rpm":1.1527128413041576,"clicks":1170,"impressions":41281,"impression_ctr":0.02834233666820087,"matched_requests":65091,"show_rate":0.6342044215022046,"match_rate":0.9975937959784208,"delta_earnings":620923.2119999975,"delta_impressions":602,"delta_clicks":17} []
[2026-01-02T15:51:18.638538+00:00] admob_service_verbose.INFO: saveStatistic: processing row {"key":13,"app_id_value":"ca-app-pub-4827212684254602~6778316590","app_label":"Xperss VPN","report_date":"2026-01-02"} []
[2026-01-02T15:51:18.649008+00:00] admob_service_verbose.INFO: saveStatistic: upserted statistic row {"stat_id":291691,"app_id":29322446,"panel_id":22,"user_id":8,"report_date":"2026-01-02","currency":"OMR","estimated_earnings":6013533.204,"ad_requests":7807,"impression_rpm":0.91907890727921,"clicks":223,"impressions":6543,"impression_ctr":0.034082225278924044,"matched_requests":7795,"show_rate":0.8393842206542655,"match_rate":0.9984629178941975,"delta_earnings":74002.19400000013,"delta_impressions":108,"delta_clicks":2} []
[2026-01-02T15:51:18.649089+00:00] admob_service_verbose.INFO: saveStatistic: processing row {"key":14,"app_id_value":"ca-app-pub-4827212684254602~6930500116","app_label":"Baba VPN فیلترشکن پرسرعت قوی","report_date":"2026-01-02"} []
[2026-01-02T15:51:18.659628+00:00] admob_service_verbose.INFO: saveStatistic: upserted statistic row {"stat_id":291692,"app_id":26655550,"panel_id":22,"user_id":77,"report_date":"2026-01-02","currency":"OMR","estimated_earnings":76473996.102,"ad_requests":225316,"impression_rpm":0.4638020203286176,"clicks":6444,"impressions":164885,"impression_ctr":0.03908178427388786,"matched_requests":224397,"show_rate":0.7347914633439842,"match_rate":0.9959212838857426,"delta_earnings":896021.4060000032,"delta_impressions":2239,"delta_clicks":72} []
[2026-01-02T15:51:18.659691+00:00] admob_service_verbose.INFO: saveStatistic: processing row {"key":15,"app_id_value":"ca-app-pub-4827212684254602~7114051766","app_label":"V2xMe VPN","report_date":"2026-01-02"} []
[2026-01-02T15:51:18.674758+00:00] admob_service_verbose.INFO: saveStatistic: upserted statistic row {"stat_id":291693,"app_id":23211396,"panel_id":22,"user_id":57,"report_date":"2026-01-02","currency":"OMR","estimated_earnings":34727616.378,"ad_requests":89552,"impression_rpm":0.5020908597827324,"clicks":1829,"impressions":69166,"impression_ctr":0.02644362837232166,"matched_requests":89177,"show_rate":0.7756035749128138,"match_rate":0.9958124888333035,"delta_earnings":396745.77600000054,"delta_impressions":1059,"delta_clicks":29} []
[2026-01-02T15:51:18.674841+00:00] admob_service_verbose.INFO: saveStatistic: processing row {"key":16,"app_id_value":"ca-app-pub-4827212684254602~7718591341","app_label":"Shieldify","report_date":"2026-01-02"} []
[2026-01-02T15:51:18.686067+00:00] admob_service_verbose.INFO: saveStatistic: upserted statistic row {"stat_id":291694,"app_id":25421125,"panel_id":22,"user_id":404,"report_date":"2026-01-02","currency":"OMR","estimated_earnings":168437188.962,"ad_requests":199727,"impression_rpm":1.1181438476261258,"clicks":4156,"impressions":150640,"impression_ctr":0.027588953797132235,"matched_requests":199113,"show_rate":0.7565553228568702,"match_rate":0.9969258037220806,"delta_earnings":2756631.150000006,"delta_impressions":2316,"delta_clicks":27} []
[2026-01-02T15:51:18.686140+00:00] admob_service_verbose.INFO: saveStatistic: processing row {"key":17,"app_id_value":"ca-app-pub-4827212684254602~7928393535","app_label":"Slime VPN","report_date":"2026-01-02"} []
[2026-01-02T15:51:18.696250+00:00] admob_service_verbose.INFO: saveStatistic: upserted statistic row {"stat_id":291695,"app_id":29139755,"panel_id":22,"user_id":53,"report_date":"2026-01-02","currency":"OMR","estimated_earnings":636815.466,"ad_requests":851,"impression_rpm":0.8687799592703606,"clicks":24,"impressions":733,"impression_ctr":0.03274215552523874,"matched_requests":850,"show_rate":0.8623529411764705,"match_rate":0.9988249118683902,"delta_earnings":1923.6419999999925,"delta_impressions":5,"delta_clicks":0} []
[2026-01-02T15:51:18.696325+00:00] admob_service_verbose.INFO: saveStatistic: processing row {"key":18,"app_id_value":"ca-app-pub-4827212684254602~8610446085","app_label":"فیلتر شکن قوی پرسرعت Taron VPN","report_date":"2026-01-02"} []
[2026-01-02T15:51:18.706291+00:00] admob_service_verbose.INFO: saveStatistic: upserted statistic row {"stat_id":291696,"app_id":28628475,"panel_id":22,"user_id":77,"report_date":"2026-01-02","currency":"OMR","estimated_earnings":51145419.654,"ad_requests":143508,"impression_rpm":0.47542638610288884,"clicks":3061,"impressions":107578,"impression_ctr":0.028453773076279536,"matched_requests":143113,"show_rate":0.7516997058268641,"match_rate":0.9972475402068177,"delta_earnings":460225.58399999887,"delta_impressions":1486,"delta_clicks":33} []
[2026-01-02T15:51:18.706373+00:00] admob_service_verbose.INFO: saveStatistic: processing row {"key":19,"app_id_value":"ca-app-pub-4827212684254602~9095477538","app_label":"V7 Pro VPN - Fast V2ray","report_date":"2026-01-02"} []
[2026-01-02T15:51:18.717473+00:00] admob_service_verbose.INFO: saveStatistic: upserted statistic row {"stat_id":291697,"app_id":25421126,"panel_id":22,"user_id":236,"report_date":"2026-01-02","currency":"OMR","estimated_earnings":235008609.066,"ad_requests":768520,"impression_rpm":0.4141077083207898,"clicks":18317,"impressions":567506,"impression_ctr":0.032276310735040684,"matched_requests":763569,"show_rate":0.7432281823908514,"match_rate":0.9935577473585593,"delta_earnings":2184951.5100000203,"delta_impressions":7946,"delta_clicks":192} []
[2026-01-02T15:51:18.717576+00:00] admob_service_verbose.INFO: saveStatistic: processing row {"key":20,"app_id_value":"ca-app-pub-4827212684254602~9489803203","app_label":"Armiti VPN - Connections","report_date":"2026-01-02"} []
[2026-01-02T15:51:18.728808+00:00] admob_service_verbose.INFO: saveStatistic: upserted statistic row {"stat_id":291698,"app_id":23920945,"panel_id":22,"user_id":212,"report_date":"2026-01-02","currency":"OMR","estimated_earnings":30507779.736,"ad_requests":113964,"impression_rpm":0.3563659943122327,"clicks":2712,"impressions":85608,"impression_ctr":0.03167928231006448,"matched_requests":113283,"show_rate":0.755700325732899,"match_rate":0.994024428766979,"delta_earnings":528744.132000003,"delta_impressions":1405,"delta_clicks":25} []
[2026-01-02T15:51:18.728888+00:00] admob_service_verbose.INFO: saveStatistic: completed {"timestamp":"2026-01-02 15:51:18"} []
[2026-01-02T15:51:28.121698+00:00] admob_service_verbose.INFO: saveStatistic: entry {"items_count":27} []
[2026-01-02T15:51:28.121719+00:00] admob_service_verbose.INFO: saveStatistic: raw header {"header":{"dateRange":{"startDate":{"year":2026,"month":1,"day":2},"endDate":{"year":2026,"month":1,"day":2}},"localizationSettings":{"currencyCode":"TRY"}}} []
[2026-01-02T15:51:28.121788+00:00] admob_service_verbose.INFO: saveStatistic: extracted report date from header {"report_date":"2026-01-02"} []
[2026-01-02T15:51:28.121818+00:00] admob_service_verbose.INFO: saveStatistic: processing row {"key":1,"app_id_value":"ca-app-pub-6500972529394006~1168423039","app_label":"Mexico VPN","report_date":"2026-01-02"} []
[2026-01-02T15:51:28.136819+00:00] admob_service_verbose.INFO: saveStatistic: upserted statistic row {"stat_id":291699,"app_id":25503559,"panel_id":24,"user_id":45,"report_date":"2026-01-02","currency":"TRY","estimated_earnings":55870626.0,"ad_requests":1392,"impression_rpm":100.12657154923507,"clicks":35,"impressions":558,"impression_ctr":0.06272401433691756,"matched_requests":1301,"show_rate":0.42890084550345886,"match_rate":0.9346264367816092,"delta_earnings":519404.0,"delta_impressions":10,"delta_clicks":1} []
[2026-01-02T15:51:28.136893+00:00] admob_service_verbose.INFO: saveStatistic: processing row {"key":2,"app_id_value":"ca-app-pub-6500972529394006~1415609707","app_label":"Sing VPN","report_date":"2026-01-02"} []
[2026-01-02T15:51:28.151455+00:00] admob_service_verbose.INFO: saveStatistic: upserted statistic row {"stat_id":291700,"app_id":25503560,"panel_id":24,"user_id":45,"report_date":"2026-01-02","currency":"TRY","estimated_earnings":29016062.0,"ad_requests":1193,"impression_rpm":56.45148315498301,"clicks":23,"impressions":514,"impression_ctr":0.04474708171206226,"matched_requests":1133,"show_rate":0.45366284201235657,"match_rate":0.9497066219614417,"delta_earnings":692463.0,"delta_impressions":9,"delta_clicks":0} []
[2026-01-02T15:51:28.151525+00:00] admob_service_verbose.INFO: saveStatistic: processing row {"key":3,"app_id_value":"ca-app-pub-6500972529394006~1444941002","app_label":"Corn VPN","report_date":"2026-01-02"} []
[2026-01-02T15:51:28.166215+00:00] admob_service_verbose.INFO: saveStatistic: upserted statistic row {"stat_id":291701,"app_id":25185767,"panel_id":24,"user_id":426,"report_date":"2026-01-02","currency":"TRY","estimated_earnings":396524852.0,"ad_requests":11774,"impression_rpm":42.682976546935954,"clicks":243,"impressions":9290,"impression_ctr":0.026157158234660926,"matched_requests":11682,"show_rate":0.7952405410032529,"match_rate":0.9921861729233905,"delta_earnings":5163612.0,"delta_impressions":143,"delta_clicks":2} []
[2026-01-02T15:51:28.166286+00:00] admob_service_verbose.INFO: saveStatistic: processing row {"key":4,"app_id_value":"ca-app-pub-6500972529394006~2088970079","app_label":"Profile Picture Downloader HD","report_date":"2026-01-02"} []
[2026-01-02T15:51:28.180347+00:00] admob_service_verbose.INFO: saveStatistic: upserted statistic row {"stat_id":291702,"app_id":25503561,"panel_id":24,"user_id":45,"report_date":"2026-01-02","currency":"TRY","estimated_earnings":227900778.0,"ad_requests":2490,"impression_rpm":159.037528876384,"clicks":206,"impressions":1433,"impression_ctr":0.1437543614794138,"matched_requests":2453,"show_rate":0.5841826335099878,"match_rate":0.9851405622489959,"delta_earnings":1937953.0,"delta_impressions":19,"delta_clicks":2} []
[2026-01-02T15:51:28.180439+00:00] admob_service_verbose.INFO: saveStatistic: processing row {"key":5,"app_id_value":"ca-app-pub-6500972529394006~2472113453","app_label":"USA VPN - Fast & Secure","report_date":"2026-01-02"} []
[2026-01-02T15:51:28.195690+00:00] admob_service_verbose.INFO: saveStatistic: upserted statistic row {"stat_id":291703,"app_id":25503562,"panel_id":24,"user_id":45,"report_date":"2026-01-02","currency":"TRY","estimated_earnings":229751970.0,"ad_requests":10988,"impression_rpm":55.22883914061053,"clicks":201,"impressions":4160,"impression_ctr":0.048317307692307694,"matched_requests":10546,"show_rate":0.3944623553954106,"match_rate":0.9597742992355297,"delta_earnings":2556724.0,"delta_impressions":52,"delta_clicks":1} []
[2026-01-02T15:51:28.195754+00:00] admob_service_verbose.INFO: saveStatistic: processing row {"key":6,"app_id_value":"ca-app-pub-6500972529394006~3632317733","app_label":"Blue Speed VPN","report_date":"2026-01-02"} []
[2026-01-02T15:51:28.208891+00:00] admob_service_verbose.INFO: saveStatistic: upserted statistic row {"stat_id":291704,"app_id":25503563,"panel_id":24,"user_id":45,"report_date":"2026-01-02","currency":"TRY","estimated_earnings":727590367.0,"ad_requests":28246,"impression_rpm":61.91731488079013,"clicks":639,"impressions":11751,"impression_ctr":0.05437835077865714,"matched_requests":27572,"show_rate":0.426193239518352,"match_rate":0.9761382142604262,"delta_earnings":7309946.0,"delta_impressions":159,"delta_clicks":6} []
[2026-01-02T15:51:28.208960+00:00] admob_service_verbose.INFO: saveStatistic: processing row {"key":7,"app_id_value":"ca-app-pub-6500972529394006~3781325697","app_label":"Turkey VPN - Fast & Secure","report_date":"2026-01-02"} []
[2026-01-02T15:51:28.223601+00:00] admob_service_verbose.INFO: saveStatistic: upserted statistic row {"stat_id":291705,"app_id":25503564,"panel_id":24,"user_id":45,"report_date":"2026-01-02","currency":"TRY","estimated_earnings":24833882.0,"ad_requests":621,"impression_rpm":87.44324780144844,"clicks":18,"impressions":284,"impression_ctr":0.06338028169014084,"matched_requests":595,"show_rate":0.4773109243697479,"match_rate":0.9581320450885669,"delta_earnings":245584.0,"delta_impressions":4,"delta_clicks":0} []
[2026-01-02T15:51:28.223674+00:00] admob_service_verbose.INFO: saveStatistic: processing row {"key":8,"app_id_value":"ca-app-pub-6500972529394006~3794586375","app_label":"Russia VPN","report_date":"2026-01-02"} []
[2026-01-02T15:51:28.238441+00:00] admob_service_verbose.INFO: saveStatistic: upserted statistic row {"stat_id":291706,"app_id":25503565,"panel_id":24,"user_id":45,"report_date":"2026-01-02","currency":"TRY","estimated_earnings":65050407.0,"ad_requests":3826,"impression_rpm":60.851644309621584,"clicks":76,"impressions":1069,"impression_ctr":0.07109448082319925,"matched_requests":2791,"show_rate":0.3830168398423504,"match_rate":0.729482488238369,"delta_earnings":751663.0,"delta_impressions":13,"delta_clicks":0} []
[2026-01-02T15:51:28.238518+00:00] admob_service_verbose.INFO: saveStatistic: processing row {"key":9,"app_id_value":"ca-app-pub-6500972529394006~4041773049","app_label":"Netherlands VPN","report_date":"2026-01-02"} []
[2026-01-02T15:51:28.253479+00:00] admob_service_verbose.INFO: saveStatistic: upserted statistic row {"stat_id":291707,"app_id":25503566,"panel_id":24,"user_id":45,"report_date":"2026-01-02","currency":"TRY","estimated_earnings":47015551.0,"ad_requests":1860,"impression_rpm":54.92471001757359,"clicks":33,"impressions":856,"impression_ctr":0.038551401869158876,"matched_requests":1736,"show_rate":0.4930875576036866,"match_rate":0.9333333333333333,"delta_earnings":1215584.0,"delta_impressions":12,"delta_clicks":0} []
[2026-01-02T15:51:28.253553+00:00] admob_service_verbose.INFO: saveStatistic: processing row {"key":10,"app_id_value":"ca-app-pub-6500972529394006~4201780485","app_label":"Canada VPN - Fast & Secure","report_date":"2026-01-02"} []
[2026-01-02T15:51:28.264104+00:00] admob_service_verbose.INFO: saveStatistic: upserted statistic row {"stat_id":291708,"app_id":25503567,"panel_id":24,"user_id":45,"report_date":"2026-01-02","currency":"TRY","estimated_earnings":46267857.0,"ad_requests":2032,"impression_rpm":56.840119955658785,"clicks":37,"impressions":814,"impression_ctr":0.045454545454545456,"matched_requests":1955,"show_rate":0.4163682864450128,"match_rate":0.9621062992125984,"delta_earnings":148129.0,"delta_impressions":7,"delta_clicks":0} []
[2026-01-02T15:51:28.264156+00:00] admob_service_verbose.INFO: saveStatistic: processing row {"key":11,"app_id_value":"ca-app-pub-6500972529394006~5354854713","app_label":"Australia VPN - Fast & Secure","report_date":"2026-01-02"} []
[2026-01-02T15:51:28.277984+00:00] admob_service_verbose.INFO: saveStatistic: upserted statistic row {"stat_id":291709,"app_id":25503568,"panel_id":24,"user_id":45,"report_date":"2026-01-02","currency":"TRY","estimated_earnings":43483040.0,"ad_requests":1523,"impression_rpm":68.8022784936888,"clicks":28,"impressions":632,"impression_ctr":0.04430379746835443,"matched_requests":1467,"show_rate":0.43081117927743695,"match_rate":0.9632304661851608,"delta_earnings":575278.0,"delta_impressions":13,"delta_clicks":1} []
[2026-01-02T15:51:28.278088+00:00] admob_service_verbose.INFO: saveStatistic: processing row {"key":12,"app_id_value":"ca-app-pub-6500972529394006~5912665017","app_label":"South Korea VPN","report_date":"2026-01-02"} []
[2026-01-02T15:51:28.290031+00:00] admob_service_verbose.INFO: saveStatistic: upserted statistic row {"stat_id":291710,"app_id":25503569,"panel_id":24,"user_id":45,"report_date":"2026-01-02","currency":"TRY","estimated_earnings":45855809.0,"ad_requests":1880,"impression_rpm":57.46342053957685,"clicks":46,"impressions":798,"impression_ctr":0.05764411027568922,"matched_requests":1795,"show_rate":0.4445682451253482,"match_rate":0.9547872340425532,"delta_earnings":206208.0,"delta_impressions":8,"delta_clicks":-3} []
[2026-01-02T15:51:28.290113+00:00] admob_service_verbose.INFO: saveStatistic: processing row {"key":13,"app_id_value":"ca-app-pub-6500972529394006~6244655747","app_label":"Candy VPN","report_date":"2026-01-02"} []
[2026-01-02T15:51:28.301507+00:00] admob_service_verbose.INFO: saveStatistic: upserted statistic row {"stat_id":291711,"app_id":25503570,"panel_id":24,"user_id":45,"report_date":"2026-01-02","currency":"TRY","estimated_earnings":1925503765.0,"ad_requests":102171,"impression_rpm":51.016182222199184,"clicks":1964,"impressions":37743,"impression_ctr":0.052036139151630766,"matched_requests":98359,"show_rate":0.3837269594038166,"match_rate":0.9626900000978751,"delta_earnings":35091664.0,"delta_impressions":537,"delta_clicks":21} []
[2026-01-02T15:51:28.301574+00:00] admob_service_verbose.INFO: saveStatistic: processing row {"key":14,"app_id_value":"ca-app-pub-6500972529394006~6476364691","app_label":"Denmark VPN - Fast & Secure","report_date":"2026-01-02"} []
[2026-01-02T15:51:28.313475+00:00] admob_service_verbose.INFO: saveStatistic: upserted statistic row {"stat_id":291712,"app_id":25503571,"panel_id":24,"user_id":45,"report_date":"2026-01-02","currency":"TRY","estimated_earnings":11955229.0,"ad_requests":136,"impression_rpm":199.25381927651958,"clicks":7,"impressions":60,"impression_ctr":0.11666666666666667,"matched_requests":127,"show_rate":0.47244094488188976,"match_rate":0.9338235294117647,"delta_earnings":696562.0,"delta_impressions":2,"delta_clicks":0} []
[2026-01-02T15:51:28.313561+00:00] admob_service_verbose.INFO: saveStatistic: processing row {"key":15,"app_id_value":"ca-app-pub-6500972529394006~6636372131","app_label":"Shiny VPN","report_date":"2026-01-02"} []
[2026-01-02T15:51:28.325887+00:00] admob_service_verbose.INFO: saveStatistic: upserted statistic row {"stat_id":291713,"app_id":25503572,"panel_id":24,"user_id":45,"report_date":"2026-01-02","currency":"TRY","estimated_earnings":159329190.0,"ad_requests":5369,"impression_rpm":76.63741734208718,"clicks":120,"impressions":2079,"impression_ctr":0.05772005772005772,"matched_requests":5279,"show_rate":0.39382458799014963,"match_rate":0.9832371018811696,"delta_earnings":1042681.0,"delta_impressions":26,"delta_clicks":1} []
[2026-01-02T15:51:28.325971+00:00] admob_service_verbose.INFO: saveStatistic: processing row {"key":16,"app_id_value":"ca-app-pub-6500972529394006~6674248193","app_label":"Italy VPN - Fast & Secure","report_date":"2026-01-02"} []
[2026-01-02T15:51:28.339432+00:00] admob_service_verbose.INFO: saveStatistic: upserted statistic row {"stat_id":291714,"app_id":25503573,"panel_id":24,"user_id":45,"report_date":"2026-01-02","currency":"TRY","estimated_earnings":82902959.0,"ad_requests":1945,"impression_rpm":111.42870908913045,"clicks":44,"impressions":744,"impression_ctr":0.05913978494623656,"matched_requests":1855,"show_rate":0.40107816711590294,"match_rate":0.9537275064267352,"delta_earnings":199530.0,"delta_impressions":7,"delta_clicks":0} []
[2026-01-02T15:51:28.339501+00:00] admob_service_verbose.INFO: saveStatistic: processing row {"key":17,"app_id_value":"ca-app-pub-6500972529394006~6859508071","app_label":"UK VPN - Fast & Secure‏","report_date":"2026-01-02"} []
[2026-01-02T15:51:28.352422+00:00] admob_service_verbose.INFO: saveStatistic: upserted statistic row {"stat_id":291715,"app_id":25503574,"panel_id":24,"user_id":45,"report_date":"2026-01-02","currency":"TRY","estimated_earnings":76716219.0,"ad_requests":2184,"impression_rpm":89.5171752155142,"clicks":59,"impressions":857,"impression_ctr":0.06884480746791131,"matched_requests":2077,"show_rate":0.4126143476167549,"match_rate":0.951007326007326,"delta_earnings":569588.0,"delta_impressions":13,"delta_clicks":0} []
[2026-01-02T15:51:28.352491+00:00] admob_service_verbose.INFO: saveStatistic: processing row {"key":18,"app_id_value":"ca-app-pub-6500972529394006~6865819881","app_label":"Germany VPN - Fast & Secure","report_date":"2026-01-02"} []
[2026-01-02T15:51:28.366344+00:00] admob_service_verbose.INFO: saveStatistic: upserted statistic row {"stat_id":291716,"app_id":25503575,"panel_id":24,"user_id":45,"report_date":"2026-01-02","currency":"TRY","estimated_earnings":90365071.0,"ad_requests":4387,"impression_rpm":50.881234187382915,"clicks":82,"impressions":1776,"impression_ctr":0.04617117117117117,"matched_requests":4216,"show_rate":0.42125237191650855,"match_rate":0.9610211989970368,"delta_earnings":1119658.0,"delta_impressions":25,"delta_clicks":2} []
[2026-01-02T15:51:28.366441+00:00] admob_service_verbose.INFO: saveStatistic: processing row {"key":19,"app_id_value":"ca-app-pub-6500972529394006~7149725065","app_label":"Brazil VPN - Fast & Secure","report_date":"2026-01-02"} []
[2026-01-02T15:51:28.377643+00:00] admob_service_verbose.INFO: saveStatistic: upserted statistic row {"stat_id":291717,"app_id":25503576,"panel_id":24,"user_id":45,"report_date":"2026-01-02","currency":"TRY","estimated_earnings":53076208.0,"ad_requests":1927,"impression_rpm":66.59499151077561,"clicks":45,"impressions":797,"impression_ctr":0.056461731493099125,"matched_requests":1765,"show_rate":0.45155807365439093,"match_rate":0.9159314997405293,"delta_earnings":784158.0,"delta_impressions":10,"delta_clicks":0} []
[2026-01-02T15:51:28.377711+00:00] admob_service_verbose.INFO: saveStatistic: processing row {"key":20,"app_id_value":"ca-app-pub-6500972529394006~7225746688","app_label":"Japan VPN","report_date":"2026-01-02"} []
[2026-01-02T15:51:28.388928+00:00] admob_service_verbose.INFO: saveStatistic: upserted statistic row {"stat_id":291718,"app_id":25503577,"panel_id":24,"user_id":45,"report_date":"2026-01-02","currency":"TRY","estimated_earnings":105373329.0,"ad_requests":3608,"impression_rpm":64.40912588531894,"clicks":113,"impressions":1636,"impression_ctr":0.06907090464547677,"matched_requests":3453,"show_rate":0.4737909064581523,"match_rate":0.957039911308204,"delta_earnings":270980.0,"delta_impressions":21,"delta_clicks":1} []
[2026-01-02T15:51:28.388991+00:00] admob_service_verbose.INFO: saveStatistic: processing row {"key":21,"app_id_value":"ca-app-pub-6500972529394006~7789446366","app_label":"India VPN - Fast & Secure","report_date":"2026-01-02"} []
[2026-01-02T15:51:28.401463+00:00] admob_service_verbose.INFO: saveStatistic: upserted statistic row {"stat_id":291719,"app_id":25503578,"panel_id":24,"user_id":45,"report_date":"2026-01-02","currency":"TRY","estimated_earnings":61755407.0,"ad_requests":2177,"impression_rpm":67.4185676431745,"clicks":52,"impressions":916,"impression_ctr":0.056768558951965066,"matched_requests":2015,"show_rate":0.45459057071960296,"match_rate":0.9255856683509417,"delta_earnings":579392.0,"delta_impressions":8,"delta_clicks":0} []
[2026-01-02T15:51:28.401530+00:00] admob_service_verbose.INFO: saveStatistic: processing row {"key":22,"app_id_value":"ca-app-pub-6500972529394006~8007511167","app_label":"France VPN - Fast & Secure","report_date":"2026-01-02"} []
[2026-01-02T15:51:28.415912+00:00] admob_service_verbose.INFO: saveStatistic: upserted statistic row {"stat_id":291720,"app_id":25503580,"panel_id":24,"user_id":45,"report_date":"2026-01-02","currency":"TRY","estimated_earnings":1675959.0,"ad_requests":162,"impression_rpm":26.186863580199553,"clicks":0,"impressions":64,"impression_ctr":0.0,"matched_requests":154,"show_rate":0.4155844155844156,"match_rate":0.9506172839506173,"delta_earnings":0.0,"delta_impressions":0,"delta_clicks":0} []
[2026-01-02T15:51:28.415981+00:00] admob_service_verbose.INFO: saveStatistic: processing row {"key":23,"app_id_value":"ca-app-pub-6500972529394006~9033652372","app_label":"Video Downloader - FastSave","report_date":"2026-01-02"} []
[2026-01-02T15:51:28.428275+00:00] admob_service_verbose.INFO: saveStatistic: upserted statistic row {"stat_id":291721,"app_id":25503581,"panel_id":24,"user_id":45,"report_date":"2026-01-02","currency":"TRY","estimated_earnings":208937503.0,"ad_requests":12569,"impression_rpm":33.683298943602296,"clicks":421,"impressions":6203,"impression_ctr":0.06787038529743672,"matched_requests":9163,"show_rate":0.6769616937684164,"match_rate":0.7290158326040258,"delta_earnings":4374071.0,"delta_impressions":134,"delta_clicks":8} []
[2026-01-02T15:51:28.428340+00:00] admob_service_verbose.INFO: saveStatistic: processing row {"key":24,"app_id_value":"ca-app-pub-6500972529394006~9294099725","app_label":"Sweden VPN","report_date":"2026-01-02"} []
[2026-01-02T15:51:28.442866+00:00] admob_service_verbose.INFO: saveStatistic: upserted statistic row {"stat_id":291722,"app_id":25503582,"panel_id":24,"user_id":45,"report_date":"2026-01-02","currency":"TRY","estimated_earnings":73432738.0,"ad_requests":1872,"impression_rpm":89.00937957396458,"clicks":33,"impressions":825,"impression_ctr":0.04,"matched_requests":1805,"show_rate":0.45706371191135736,"match_rate":0.9642094017094017,"delta_earnings":149112.0,"delta_impressions":9,"delta_clicks":4} []
[2026-01-02T15:51:28.442928+00:00] admob_service_verbose.INFO: saveStatistic: processing row {"key":25,"app_id_value":"ca-app-pub-6500972529394006~9584316715","app_label":"Hong Kong VPN - Fast & Secure","report_date":"2026-01-02"} []
[2026-01-02T15:51:28.455402+00:00] admob_service_verbose.INFO: saveStatistic: upserted statistic row {"stat_id":291723,"app_id":25503583,"panel_id":24,"user_id":45,"report_date":"2026-01-02","currency":"TRY","estimated_earnings":44975331.0,"ad_requests":1413,"impression_rpm":75.58879235338208,"clicks":38,"impressions":595,"impression_ctr":0.06386554621848739,"matched_requests":1360,"show_rate":0.4375,"match_rate":0.9624911535739561,"delta_earnings":56022.0,"delta_impressions":5,"delta_clicks":0} []
[2026-01-02T15:51:28.455478+00:00] admob_service_verbose.INFO: saveStatistic: completed {"timestamp":"2026-01-02 15:51:28"} []
[2026-01-02T15:51:30.362423+00:00] admob_service_verbose.INFO: saveStatistic: entry {"items_count":2} []
[2026-01-02T15:51:30.362466+00:00] admob_service_verbose.INFO: saveStatistic: raw header {"header":{"dateRange":{"startDate":{"year":2026,"month":1,"day":2},"endDate":{"year":2026,"month":1,"day":2}},"localizationSettings":{"currencyCode":"TRY"}}} []
[2026-01-02T15:51:30.362561+00:00] admob_service_verbose.INFO: saveStatistic: extracted report date from header {"report_date":"2026-01-02"} []
[2026-01-02T15:51:30.362619+00:00] admob_service_verbose.INFO: saveStatistic: completed {"timestamp":"2026-01-02 15:51:30"} []
[2026-01-02T15:51:32.053770+00:00] admob_service_verbose.INFO: saveStatistic: entry {"items_count":10} []
[2026-01-02T15:51:32.053794+00:00] admob_service_verbose.INFO: saveStatistic: raw header {"header":{"dateRange":{"startDate":{"year":2026,"month":1,"day":2},"endDate":{"year":2026,"month":1,"day":2}},"localizationSettings":{"currencyCode":"TRY"}}} []
[2026-01-02T15:51:32.053854+00:00] admob_service_verbose.INFO: saveStatistic: extracted report date from header {"report_date":"2026-01-02"} []
[2026-01-02T15:51:32.053874+00:00] admob_service_verbose.INFO: saveStatistic: processing row {"key":1,"app_id_value":"ca-app-pub-8353688568048184~1565799584","app_label":"Chum: My AI Friend","report_date":"2026-01-02"} []
[2026-01-02T15:51:32.063228+00:00] admob_service_verbose.INFO: saveStatistic: upserted statistic row {"stat_id":291724,"app_id":22919985,"panel_id":29,"user_id":38,"report_date":"2026-01-02","currency":"TRY","estimated_earnings":3928220.0,"ad_requests":20032,"impression_rpm":119.03698694194907,"clicks":4,"impressions":33,"impression_ctr":0.12121212121212122,"matched_requests":19935,"show_rate":0.001655379984951091,"match_rate":0.9951577476038339,"delta_earnings":0.0,"delta_impressions":0,"delta_clicks":0} []
[2026-01-02T15:51:32.063296+00:00] admob_service_verbose.INFO: saveStatistic: processing row {"key":2,"app_id_value":"ca-app-pub-8353688568048184~2103712987","app_label":"Cubix","report_date":"2026-01-02"} []
[2026-01-02T15:51:32.070555+00:00] admob_service_verbose.INFO: saveStatistic: upserted statistic row {"stat_id":291753,"app_id":29904642,"panel_id":29,"user_id":488,"report_date":"2026-01-02","currency":"TRY","estimated_earnings":20211.0,"ad_requests":7,"impression_rpm":20.211757307996614,"clicks":0,"impressions":1,"impression_ctr":0.0,"matched_requests":5,"show_rate":0.2,"match_rate":0.7142857142857143,"delta_earnings":0.0,"delta_impressions":0,"delta_clicks":0} []
[2026-01-02T15:51:32.070618+00:00] admob_service_verbose.INFO: saveStatistic: processing row {"key":3,"app_id_value":"ca-app-pub-8353688568048184~2309724016","app_label":"Niko VPN","report_date":"2026-01-02"} []
[2026-01-02T15:51:32.078284+00:00] admob_service_verbose.INFO: saveStatistic: upserted statistic row {"stat_id":291725,"app_id":29351733,"panel_id":29,"user_id":199,"report_date":"2026-01-02","currency":"TRY","estimated_earnings":1583669503.0,"ad_requests":13714,"impression_rpm":143.9830442321827,"clicks":743,"impressions":10999,"impression_ctr":0.06755159559959996,"matched_requests":13702,"show_rate":0.8027295285359801,"match_rate":0.9991249817704535,"delta_earnings":29065860.0,"delta_impressions":195,"delta_clicks":14} []
[2026-01-02T15:51:32.078344+00:00] admob_service_verbose.INFO: saveStatistic: processing row {"key":4,"app_id_value":"ca-app-pub-8353688568048184~3488486115","app_label":"Gym Workout Plan AI - Fitora","report_date":"2026-01-02"} []
[2026-01-02T15:51:32.083249+00:00] admob_service_verbose.INFO: saveStatistic: upserted statistic row {"stat_id":291726,"app_id":26078049,"panel_id":29,"user_id":38,"report_date":"2026-01-02","currency":"TRY","estimated_earnings":5397477.0,"ad_requests":26,"impression_rpm":385.5341422608709,"clicks":2,"impressions":14,"impression_ctr":0.14285714285714285,"matched_requests":26,"show_rate":0.5384615384615384,"match_rate":1.0,"delta_earnings":0.0,"delta_impressions":0,"delta_clicks":0} []
[2026-01-02T15:51:32.083316+00:00] admob_service_verbose.INFO: saveStatistic: processing row {"key":5,"app_id_value":"ca-app-pub-8353688568048184~5664266898","app_label":"AI Therapy Chatbot | TheraMind","report_date":"2026-01-02"} []
[2026-01-02T15:51:32.087829+00:00] admob_service_verbose.INFO: saveStatistic: upserted statistic row {"stat_id":291727,"app_id":26321560,"panel_id":29,"user_id":38,"report_date":"2026-01-02","currency":"TRY","estimated_earnings":5794.0,"ad_requests":27,"impression_rpm":5.794700130370434,"clicks":0,"impressions":1,"impression_ctr":0.0,"matched_requests":3,"show_rate":0.3333333333333333,"match_rate":0.1111111111111111,"delta_earnings":0.0,"delta_impressions":0,"delta_clicks":0} []
[2026-01-02T15:51:32.087887+00:00] admob_service_verbose.INFO: saveStatistic: processing row {"key":6,"app_id_value":"ca-app-pub-8353688568048184~6021764935","app_label":"Wood Block Puzzle","report_date":"2026-01-02"} []
[2026-01-02T15:51:32.095130+00:00] admob_service_verbose.INFO: saveStatistic: upserted statistic row {"stat_id":291728,"app_id":29904643,"panel_id":29,"user_id":734,"report_date":"2026-01-02","currency":"TRY","estimated_earnings":4689601.0,"ad_requests":440,"impression_rpm":19.955752451559896,"clicks":11,"impressions":235,"impression_ctr":0.04680851063829787,"matched_requests":429,"show_rate":0.5477855477855478,"match_rate":0.975,"delta_earnings":208971.0,"delta_impressions":1,"delta_clicks":0} []
[2026-01-02T15:51:32.095185+00:00] admob_service_verbose.INFO: saveStatistic: processing row {"key":7,"app_id_value":"ca-app-pub-8353688568048184~6782836391","app_label":"Jimix Tel","report_date":"2026-01-02"} []
[2026-01-02T15:51:32.099214+00:00] admob_service_verbose.INFO: saveStatistic: upserted statistic row {"stat_id":291729,"app_id":29726032,"panel_id":29,"user_id":53,"report_date":"2026-01-02","currency":"TRY","estimated_earnings":171866.0,"ad_requests":12,"impression_rpm":28.644359758065228,"clicks":0,"impressions":6,"impression_ctr":0.0,"matched_requests":12,"show_rate":0.5,"match_rate":1.0,"delta_earnings":0.0,"delta_impressions":0,"delta_clicks":0} []
[2026-01-02T15:51:32.099268+00:00] admob_service_verbose.INFO: saveStatistic: processing row {"key":8,"app_id_value":"ca-app-pub-8353688568048184~8434802448","app_label":"Trivix Pro","report_date":"2026-01-02"} []
[2026-01-02T15:51:32.106871+00:00] admob_service_verbose.INFO: saveStatistic: upserted statistic row {"stat_id":291730,"app_id":31917775,"panel_id":29,"user_id":53,"report_date":"2026-01-02","currency":"TRY","estimated_earnings":3003549.0,"ad_requests":29,"impression_rpm":200.23662307722586,"clicks":1,"impressions":15,"impression_ctr":0.06666666666666667,"matched_requests":29,"show_rate":0.5172413793103449,"match_rate":1.0,"delta_earnings":0.0,"delta_impressions":0,"delta_clicks":0} []
[2026-01-02T15:51:32.106949+00:00] admob_service_verbose.INFO: saveStatistic: completed {"timestamp":"2026-01-02 15:51:32"} []
[2026-01-02T15:51:34.985444+00:00] admob_service_verbose.INFO: saveStatistic: entry {"items_count":21} []
[2026-01-02T15:51:34.985468+00:00] admob_service_verbose.INFO: saveStatistic: raw header {"header":{"dateRange":{"startDate":{"year":2026,"month":1,"day":2},"endDate":{"year":2026,"month":1,"day":2}},"localizationSettings":{"currencyCode":"OMR"}}} []
[2026-01-02T15:51:34.985531+00:00] admob_service_verbose.INFO: saveStatistic: extracted report date from header {"report_date":"2026-01-02"} []
[2026-01-02T15:51:34.985551+00:00] admob_service_verbose.INFO: saveStatistic: processing row {"key":1,"app_id_value":"ca-app-pub-2250734731532526~1011906091","app_label":"Spiral VPN","report_date":"2026-01-02"} []
[2026-01-02T15:51:34.996512+00:00] admob_service_verbose.INFO: saveStatistic: upserted statistic row {"stat_id":291731,"app_id":28282132,"panel_id":30,"user_id":53,"report_date":"2026-01-02","currency":"OMR","estimated_earnings":1677420.36,"ad_requests":2339,"impression_rpm":0.8341226751937766,"clicks":93,"impressions":2011,"impression_ctr":0.04624564893088016,"matched_requests":2325,"show_rate":0.8649462365591398,"match_rate":0.9940145361265498,"delta_earnings":14814.198000000091,"delta_impressions":29,"delta_clicks":1} []
[2026-01-02T15:51:34.996577+00:00] admob_service_verbose.INFO: saveStatistic: processing row {"key":2,"app_id_value":"ca-app-pub-2250734731532526~1506936634","app_label":"Tooka VPN","report_date":"2026-01-02"} []
[2026-01-02T15:51:35.008915+00:00] admob_service_verbose.INFO: saveStatistic: upserted statistic row {"stat_id":291732,"app_id":23771412,"panel_id":30,"user_id":86,"report_date":"2026-01-02","currency":"OMR","estimated_earnings":9283255.884,"ad_requests":37417,"impression_rpm":0.3452564807378433,"clicks":1127,"impressions":26888,"impression_ctr":0.04191460874739661,"matched_requests":32261,"show_rate":0.8334521558538173,"match_rate":0.8622016730363203,"delta_earnings":91863.44999999925,"delta_impressions":317,"delta_clicks":6} []
[2026-01-02T15:51:35.008993+00:00] admob_service_verbose.INFO: saveStatistic: processing row {"key":3,"app_id_value":"ca-app-pub-2250734731532526~1732667884","app_label":"Otter VPN","report_date":"2026-01-02"} []
[2026-01-02T15:51:35.021210+00:00] admob_service_verbose.INFO: saveStatistic: upserted statistic row {"stat_id":291733,"app_id":24991077,"panel_id":30,"user_id":155,"report_date":"2026-01-02","currency":"OMR","estimated_earnings":108022529.286,"ad_requests":419662,"impression_rpm":0.3235108258024456,"clicks":12663,"impressions":333907,"impression_ctr":0.03792373325506803,"matched_requests":396483,"show_rate":0.8421722999472865,"match_rate":0.9447674557143606,"delta_earnings":1195395.1379999965,"delta_impressions":4558,"delta_clicks":86} []
[2026-01-02T15:51:35.021298+00:00] admob_service_verbose.INFO: saveStatistic: processing row {"key":4,"app_id_value":"ca-app-pub-2250734731532526~1816364068","app_label":"فیلتر شکن قوی پرسرعت Nebu VPN","report_date":"2026-01-02"} []
[2026-01-02T15:51:35.030200+00:00] admob_service_verbose.INFO: saveStatistic: upserted statistic row {"stat_id":291734,"app_id":28904283,"panel_id":30,"user_id":494,"report_date":"2026-01-02","currency":"OMR","estimated_earnings":24708972.456,"ad_requests":47951,"impression_rpm":0.8078787911384447,"clicks":736,"impressions":30585,"impression_ctr":0.0240640837011607,"matched_requests":47823,"show_rate":0.6395458252305376,"match_rate":0.9973306083293362,"delta_earnings":230191.79399999976,"delta_impressions":394,"delta_clicks":11} []
[2026-01-02T15:51:35.030271+00:00] admob_service_verbose.INFO: saveStatistic: processing row {"key":5,"app_id_value":"ca-app-pub-2250734731532526~2326462543","app_label":"Vpnista","report_date":"2026-01-02"} []
[2026-01-02T15:51:35.043053+00:00] admob_service_verbose.INFO: saveStatistic: upserted statistic row {"stat_id":291735,"app_id":28338408,"panel_id":30,"user_id":23,"report_date":"2026-01-02","currency":"OMR","estimated_earnings":52476995.718,"ad_requests":67917,"impression_rpm":0.904604229676076,"clicks":1556,"impressions":58011,"impression_ctr":0.026822499181189775,"matched_requests":66192,"show_rate":0.8764050036258159,"match_rate":0.9746013516498079,"delta_earnings":99.79200000315905,"delta_impressions":1,"delta_clicks":0} []
[2026-01-02T15:51:35.043124+00:00] admob_service_verbose.INFO: saveStatistic: processing row {"key":6,"app_id_value":"ca-app-pub-2250734731532526~2408736874","app_label":"Pig VPN","report_date":"2026-01-02"} []
[2026-01-02T15:51:35.055208+00:00] admob_service_verbose.INFO: saveStatistic: upserted statistic row {"stat_id":291736,"app_id":29139815,"panel_id":30,"user_id":53,"report_date":"2026-01-02","currency":"OMR","estimated_earnings":611743.104,"ad_requests":1240,"impression_rpm":0.578754303808302,"clicks":33,"impressions":1057,"impression_ctr":0.03122043519394513,"matched_requests":1232,"show_rate":0.8579545454545454,"match_rate":0.9935483870967742,"delta_earnings":8147.412000000011,"delta_impressions":18,"delta_clicks":0} []
[2026-01-02T15:51:35.055268+00:00] admob_service_verbose.INFO: saveStatistic: processing row {"key":7,"app_id_value":"ca-app-pub-2250734731532526~2451734094","app_label":"Hegza vpn","report_date":"2026-01-02"} []
[2026-01-02T15:51:35.068335+00:00] admob_service_verbose.INFO: saveStatistic: upserted statistic row {"stat_id":291737,"app_id":23561550,"panel_id":30,"user_id":85,"report_date":"2026-01-02","currency":"OMR","estimated_earnings":30296353.374,"ad_requests":61908,"impression_rpm":0.6015119749076309,"clicks":1492,"impressions":50367,"impression_ctr":0.02962257033375027,"matched_requests":61717,"show_rate":0.8160960513310758,"match_rate":0.996914776765523,"delta_earnings":370247.59800000116,"delta_impressions":814,"delta_clicks":18} []
[2026-01-02T15:51:35.068418+00:00] admob_service_verbose.INFO: saveStatistic: processing row {"key":8,"app_id_value":"ca-app-pub-2250734731532526~2698847699","app_label":"Squid VPN","report_date":"2026-01-02"} []
[2026-01-02T15:51:35.080260+00:00] admob_service_verbose.INFO: saveStatistic: upserted statistic row {"stat_id":291738,"app_id":28342164,"panel_id":30,"user_id":109,"report_date":"2026-01-02","currency":"OMR","estimated_earnings":186090.534,"ad_requests":189,"impression_rpm":1.208380736183672,"clicks":7,"impressions":154,"impression_ctr":0.045454545454545456,"matched_requests":189,"show_rate":0.8148148148148148,"match_rate":1.0,"delta_earnings":333.7740000000049,"delta_impressions":1,"delta_clicks":0} []
[2026-01-02T15:51:35.080560+00:00] admob_service_verbose.INFO: saveStatistic: processing row {"key":9,"app_id_value":"ca-app-pub-2250734731532526~4504926647","app_label":"Nox VPN","report_date":"2026-01-02"} []
[2026-01-02T15:51:35.090888+00:00] admob_service_verbose.INFO: saveStatistic: upserted statistic row {"stat_id":291739,"app_id":23215056,"panel_id":30,"user_id":8,"report_date":"2026-01-02","currency":"OMR","estimated_earnings":23428879.236,"ad_requests":50192,"impression_rpm":0.5666951934251235,"clicks":1319,"impressions":41343,"impression_ctr":0.031903828943231016,"matched_requests":49493,"show_rate":0.8353302487220415,"match_rate":0.9860734778450749,"delta_earnings":359901.73800000176,"delta_impressions":837,"delta_clicks":18} []
[2026-01-02T15:51:35.090962+00:00] admob_service_verbose.INFO: saveStatistic: processing row {"key":10,"app_id_value":"ca-app-pub-2250734731532526~4893697043","app_label":"Giga vpn","report_date":"2026-01-02"} []
[2026-01-02T15:51:35.101461+00:00] admob_service_verbose.INFO: saveStatistic: upserted statistic row {"stat_id":291740,"app_id":24180244,"panel_id":30,"user_id":85,"report_date":"2026-01-02","currency":"OMR","estimated_earnings":101102289.75,"ad_requests":197099,"impression_rpm":0.6268471114861799,"clicks":5503,"impressions":161287,"impression_ctr":0.03411930285763887,"matched_requests":195917,"show_rate":0.8232414747061255,"match_rate":0.9940030137139204,"delta_earnings":1241945.8379999995,"delta_impressions":2571,"delta_clicks":57} []
[2026-01-02T15:51:35.101523+00:00] admob_service_verbose.INFO: saveStatistic: processing row {"key":11,"app_id_value":"ca-app-pub-2250734731532526~5625330378","app_label":"فیلتر شکن قوی پرسرعت Foxy VPN","report_date":"2026-01-02"} []
[2026-01-02T15:51:35.112203+00:00] admob_service_verbose.INFO: saveStatistic: upserted statistic row {"stat_id":291741,"app_id":24290694,"panel_id":30,"user_id":8,"report_date":"2026-01-02","currency":"OMR","estimated_earnings":3861653.67,"ad_requests":13201,"impression_rpm":0.368759909726873,"clicks":301,"impressions":10472,"impression_ctr":0.02874331550802139,"matched_requests":13015,"show_rate":0.8046100653092585,"match_rate":0.9859101583213393,"delta_earnings":54088.398000000045,"delta_impressions":151,"delta_clicks":4} []
[2026-01-02T15:51:35.112264+00:00] admob_service_verbose.INFO: saveStatistic: processing row {"key":12,"app_id_value":"ca-app-pub-2250734731532526~6918357053","app_label":"ShieldX VPN","report_date":"2026-01-02"} []
[2026-01-02T15:51:35.123437+00:00] admob_service_verbose.INFO: saveStatistic: upserted statistic row {"stat_id":291742,"app_id":23504199,"panel_id":30,"user_id":6,"report_date":"2026-01-02","currency":"OMR","estimated_earnings":7878480.876,"ad_requests":15190,"impression_rpm":0.6406831935392135,"clicks":482,"impressions":12297,"impression_ctr":0.03919655200455396,"matched_requests":14748,"show_rate":0.8338079739625712,"match_rate":0.970901909150757,"delta_earnings":29973.132000000216,"delta_impressions":179,"delta_clicks":7} []
[2026-01-02T15:51:35.123497+00:00] admob_service_verbose.INFO: saveStatistic: processing row {"key":13,"app_id_value":"ca-app-pub-2250734731532526~7843513498","app_label":"Taha VPN","report_date":"2026-01-02"} []
[2026-01-02T15:51:35.133346+00:00] admob_service_verbose.INFO: saveStatistic: upserted statistic row {"stat_id":291743,"app_id":29139816,"panel_id":30,"user_id":692,"report_date":"2026-01-02","currency":"OMR","estimated_earnings":578903.22,"ad_requests":768,"impression_rpm":0.8718423609803335,"clicks":13,"impressions":664,"impression_ctr":0.01957831325301205,"matched_requests":749,"show_rate":0.8865153538050734,"match_rate":0.9752604166666666,"delta_earnings":3418.6319999999832,"delta_impressions":13,"delta_clicks":0} []
[2026-01-02T15:51:35.133422+00:00] admob_service_verbose.INFO: saveStatistic: processing row {"key":14,"app_id_value":"ca-app-pub-2250734731532526~8343601200","app_label":"SafeShield VPN","report_date":"2026-01-02"} []
[2026-01-02T15:51:35.144907+00:00] admob_service_verbose.INFO: saveStatistic: upserted statistic row {"stat_id":291744,"app_id":28282133,"panel_id":30,"user_id":155,"report_date":"2026-01-02","currency":"OMR","estimated_earnings":155972423.88,"ad_requests":330016,"impression_rpm":0.5597009527913464,"clicks":10276,"impressions":278671,"impression_ctr":0.036875024670669,"matched_requests":322891,"show_rate":0.8630497598260713,"match_rate":0.9784101376902938,"delta_earnings":1973788.9919999838,"delta_impressions":4331,"delta_clicks":106} []
[2026-01-02T15:51:35.145003+00:00] admob_service_verbose.INFO: saveStatistic: processing row {"key":15,"app_id_value":"ca-app-pub-2250734731532526~8503108603","app_label":"Netrino VPN","report_date":"2026-01-02"} []
[2026-01-02T15:51:35.156260+00:00] admob_service_verbose.INFO: saveStatistic: upserted statistic row {"stat_id":291745,"app_id":29139817,"panel_id":30,"user_id":504,"report_date":"2026-01-02","currency":"OMR","estimated_earnings":9398420.01,"ad_requests":19577,"impression_rpm":0.621753123711077,"clicks":1112,"impressions":15116,"impression_ctr":0.07356443503572374,"matched_requests":19116,"show_rate":0.7907512031805817,"match_rate":0.9764519589313991,"delta_earnings":409.3739999998361,"delta_impressions":3,"delta_clicks":1} []
[2026-01-02T15:51:35.156337+00:00] admob_service_verbose.INFO: saveStatistic: processing row {"key":16,"app_id_value":"ca-app-pub-2250734731532526~8828285546","app_label":"Yooz VPN | اتصال سریع","report_date":"2026-01-02"} []
[2026-01-02T15:51:35.168010+00:00] admob_service_verbose.INFO: saveStatistic: upserted statistic row {"stat_id":291746,"app_id":28661001,"panel_id":30,"user_id":77,"report_date":"2026-01-02","currency":"OMR","estimated_earnings":365526592.326,"ad_requests":705656,"impression_rpm":0.6503731011647917,"clicks":18886,"impressions":562026,"impression_ctr":0.0336034275994349,"matched_requests":703978,"show_rate":0.7983573350303561,"match_rate":0.9976220708107066,"delta_earnings":3772623.7080000043,"delta_impressions":7000,"delta_clicks":174} []
[2026-01-02T15:51:35.168076+00:00] admob_service_verbose.INFO: saveStatistic: processing row {"key":17,"app_id_value":"ca-app-pub-2250734731532526~9606748504","app_label":"Pro VPN","report_date":"2026-01-02"} []
[2026-01-02T15:51:35.184919+00:00] admob_service_verbose.INFO: saveStatistic: upserted statistic row {"stat_id":291747,"app_id":23683006,"panel_id":30,"user_id":435,"report_date":"2026-01-02","currency":"OMR","estimated_earnings":3804475.878,"ad_requests":11467,"impression_rpm":0.45732370255486016,"clicks":263,"impressions":8319,"impression_ctr":0.03161437672797211,"matched_requests":11429,"show_rate":0.7278852043048386,"match_rate":0.9966861428446847,"delta_earnings":27260.226000000257,"delta_impressions":98,"delta_clicks":6} []
[2026-01-02T15:51:35.184988+00:00] admob_service_verbose.INFO: saveStatistic: processing row {"key":18,"app_id_value":"ca-app-pub-2250734731532526~9947169360","app_label":"Karkas VPN","report_date":"2026-01-02"} []
[2026-01-02T15:51:35.195780+00:00] admob_service_verbose.INFO: saveStatistic: upserted statistic row {"stat_id":291748,"app_id":28463705,"panel_id":30,"user_id":79,"report_date":"2026-01-02","currency":"OMR","estimated_earnings":36388509.066,"ad_requests":71125,"impression_rpm":0.594214526934482,"clicks":1461,"impressions":61238,"impression_ctr":0.0238577353930566,"matched_requests":70243,"show_rate":0.8718021724584656,"match_rate":0.9875992970123023,"delta_earnings":357363.0899999961,"delta_impressions":971,"delta_clicks":12} []
[2026-01-02T15:51:35.195843+00:00] admob_service_verbose.INFO: saveStatistic: processing row {"key":19,"app_id_value":"ca-app-pub-2250734731532526~9968606935","app_label":"Nodify VPN","report_date":"2026-01-02"} []
[2026-01-02T15:51:35.206925+00:00] admob_service_verbose.INFO: saveStatistic: upserted statistic row {"stat_id":291749,"app_id":23683007,"panel_id":30,"user_id":5,"report_date":"2026-01-02","currency":"OMR","estimated_earnings":4211784.486,"ad_requests":20325,"impression_rpm":0.2495724437070576,"clicks":687,"impressions":16876,"impression_ctr":0.040708698743778145,"matched_requests":20161,"show_rate":0.8370616536878132,"match_rate":0.9919311193111932,"delta_earnings":0.0,"delta_impressions":0,"delta_clicks":0} []
[2026-01-02T15:51:35.207024+00:00] admob_service_verbose.INFO: saveStatistic: completed {"timestamp":"2026-01-02 15:51:35"} []
[2026-01-02T15:51:38.559216+00:00] admob_service_verbose.INFO: saveStatistic: entry {"items_count":5} []
[2026-01-02T15:51:38.559241+00:00] admob_service_verbose.INFO: saveStatistic: raw header {"header":{"dateRange":{"startDate":{"year":2026,"month":1,"day":2},"endDate":{"year":2026,"month":1,"day":2}},"localizationSettings":{"currencyCode":"OMR"}}} []
[2026-01-02T15:51:38.559325+00:00] admob_service_verbose.INFO: saveStatistic: extracted report date from header {"report_date":"2026-01-02"} []
[2026-01-02T15:51:38.559347+00:00] admob_service_verbose.INFO: saveStatistic: processing row {"key":1,"app_id_value":"ca-app-pub-2250734731532526~1218996407","app_label":"Ravo VPN","report_date":"2026-01-02"} []
[2026-01-02T15:51:38.570517+00:00] admob_service_verbose.INFO: saveStatistic: upserted statistic row {"stat_id":291750,"app_id":30292900,"panel_id":30,"user_id":404,"report_date":"2026-01-02","currency":"OMR","estimated_earnings":192866024.862,"ad_requests":136538,"impression_rpm":1.9556481966645105,"clicks":3920,"impressions":98620,"impression_ctr":0.039748529709997975,"matched_requests":136352,"show_rate":0.723275052804506,"match_rate":0.9986377418740571,"delta_earnings":2640132.6839999855,"delta_impressions":1288,"delta_clicks":28} []
[2026-01-02T15:51:38.570576+00:00] admob_service_verbose.INFO: saveStatistic: processing row {"key":2,"app_id_value":"ca-app-pub-2250734731532526~1657980103","app_label":"فیلتر شکن قوی پرسرعت Octopus","report_date":"2026-01-02"} []
[2026-01-02T15:51:38.581675+00:00] admob_service_verbose.INFO: saveStatistic: upserted statistic row {"stat_id":291751,"app_id":30292901,"panel_id":30,"user_id":56,"report_date":"2026-01-02","currency":"OMR","estimated_earnings":92467705.68,"ad_requests":115770,"impression_rpm":1.2340874673515965,"clicks":2753,"impressions":74928,"impression_ctr":0.036741938928037586,"matched_requests":115433,"show_rate":0.6491038091360356,"match_rate":0.9970890558866718,"delta_earnings":1201892.580000013,"delta_impressions":1073,"delta_clicks":27} []
[2026-01-02T15:51:38.581749+00:00] admob_service_verbose.INFO: saveStatistic: processing row {"key":3,"app_id_value":"ca-app-pub-2250734731532526~8781765039","app_label":"AviaVPN - Safe and Fast VPN","report_date":"2026-01-02"} []
[2026-01-02T15:51:38.594141+00:00] admob_service_verbose.INFO: saveStatistic: upserted statistic row {"stat_id":291752,"app_id":29473856,"panel_id":30,"user_id":666,"report_date":"2026-01-02","currency":"OMR","estimated_earnings":40543982.514,"ad_requests":231565,"impression_rpm":0.2909402788512794,"clicks":12068,"impressions":139355,"impression_ctr":0.08659897384378028,"matched_requests":218845,"show_rate":0.6367748863350773,"match_rate":0.9450694189536415,"delta_earnings":452861.0099999979,"delta_impressions":1919,"delta_clicks":153} []
[2026-01-02T15:51:38.594239+00:00] admob_service_verbose.INFO: saveStatistic: completed {"timestamp":"2026-01-02 15:51:38"} []
